section,token,pos,count
body,!,.,38
body,!,UNK,5
body,!!,UNK,1
body,!!!,.,2
body,!|,UNK,1
body,!}，,UNK,1
body,!！,UNK,1
body,"""",UNK,3
body,#,#,2
body,#,UNK,1
body,#FeHa,NN,1
body,#ade,VB,1
body,#eh,NN,1
body,#ergeheies,NNS,1
body,#weuld,NN,1
body,$,$,153
body,$,UNK,1
body,$vºn,UNK,1
body,%,NN,15
body,&,CC,1078
body,&,UNK,2
body,&|,UNK,1
body,','',331
body,',POS,163
body,',UNK,3
body,'','',2030
body,''',CD,16
body,''',NNP,1
body,'''',CD,1
body,''，,UNK,1
body,'62,CD,2
body,'66,CD,1
body,'67,CD,1
body,'68,CD,2
body,'N,CC,1
body,'d,MD,15
body,'d,VBD,4
body,'ll,MD,2
body,'m,VBP,2
body,'n,CC,5
body,'s,POS,444
body,'s,VBZ,1
body,'till,NN,1
body,'till,RB,1
body,'：,UNK,1
body,(,UNK,2
body,),UNK,2
body,*,SYM,1
body,*,UNK,21
body,**,SYM,1
body,***×,UNK,1
body,**:,UNK,1
body,*-,UNK,1
body,+,CC,3
body,+,UNK,6
body,+:L,UNK,1
body,",",",",38975
body,",",UNK,15
body,",202,202",CD,1
body,",223",CD,1
body,",226,226",CD,1
body,",231",CD,1
body,",284,285",CD,1
body,",301",CD,1
body,",303",CD,2
body,",304",CD,2
body,",410,418",CD,1
body,",422",CD,1
body,",424",CD,1
body,",429",CD,1
body,",430",CD,1
body,",432",CD,1
body,",441",CD,1
body,",443",CD,1
body,",444",CD,1
body,",456",CD,1
body,",474",CD,1
body,",476",CD,1
body,",498",CD,1
body,",533",CD,1
body,",562",CD,1
body,-,:,112
body,-,UNK,19
body,"-,",UNK,1
body,--,:,4634
body,----,UNK,2
body,-----,UNK,1
body,--------------------*****--****~*~*~*~,UNK,1
body,-0,UNK,1
body,-1,CD,1
body,-100,CD,1
body,-291,CD,1
body,-LCB-,-LRB-,1
body,-LRB-,-LRB-,3241
body,-LSB-,-LRB-,184
body,-RRB-,-RRB-,3237
body,-RSB-,-RRB-,211
body,-（.,UNK,1
body,-））,UNK,1
body,.,.,14160
body,.,UNK,7
body,"..""",UNK,1
body,...,:,245
body,.13,CD,2
body,.15,CD,1
body,.4,NN,2
body,".50,000",CD,1
body,.7,CD,1
body,.8,CD,2
body,.;,UNK,1
body,/,:,32
body,/,UNK,4
body,/.../,UNK,1
body,///,UNK,1
body,/////,UNK,1
body,0,CD,1
body,0,UNK,4
body,0/000,CD,1
body,0/100,CD,1
body,00,CD,10
body,00/100,CD,2
body,000,CD,3
body,01/100,CD,1
body,0924,CD,1
body,0ths,NNS,1
body,0|,UNK,1
body,0€,UNK,1
body,1,CD,154
body,1,LS,51
body,1,UNK,13
body,"1,",UNK,1
body,"1,005",CD,2
body,"1,005.-Total",JJ,1
body,"1,093,202",CD,1
body,"1,152.254.12",CD,1
body,"1,533,084",CD,1
body,"1,600",CD,1
body,"1,888.76",CD,1
body,1.,UNK,1
body,1.-In,JJ,1
body,1.11,CD,5
body,1.2,CD,1
body,1.260.000,CD,1
body,"1.400,000",CD,1
body,1/67,CD,1
body,10,CD,126
body,"10,000",CD,1
body,"10,000.00",CD,1
body,10.000,CD,1
body,10.1,CD,1
body,10.30,CD,1
body,10/68,CD,1
body,100,CD,29
body,100.000,CD,1
body,1000,CD,2
body,100000,CD,1
body,1000000,CD,1
body,1007M,NNP,1
body,100m,CD,3
body,100m,NN,5
body,100m-102n,NN,5
body,100n,NN,1
body,100n,SYM,1
body,100n-101n,CD,1
body,100th,JJ,3
body,101,CD,3
body,1013S,CD,1
body,101m,CD,1
body,101m,NN,1
body,101n,CD,1
body,101n,NN,5
body,102,CD,7
body,102n,CD,2
body,102n,NN,3
body,103,CD,9
body,1037,CD,1
body,103m,CD,2
body,103m,NN,2
body,103n,CD,1
body,104,CD,5
body,104m,CD,5
body,104n,NN,2
body,105,CD,21
body,1058B,CD,1
body,105m,CD,7
body,105m,NN,2
body,105n,CD,1
body,106,CD,1
body,106m,CD,1
body,106m,NN,3
body,106n,CD,3
body,106n,JJ,1
body,106n,NN,5
body,107,CD,599
body,10725,CD,1
body,107S,CD,1
body,107m,CD,3
body,107m,NN,4
body,107n,CD,1
body,107n,NN,3
body,108,CD,486
body,1083.00,CD,1
body,108m,CD,2
body,108m,NN,7
body,108m,VB,1
body,109,CD,6
body,109m,NN,3
body,109n,CD,7
body,109n,JJ,2
body,109n,NN,14
body,10:00,CD,21
body,10:10,CD,4
body,10:15,CD,3
body,10:20,CD,9
body,10:25,CD,1
body,10:30,CD,19
body,10:35,CD,3
body,10:40,CD,2
body,10:45,CD,5
body,10:50,CD,1
body,10m,CD,10
body,10n,CD,7
body,10n,NN,3
body,10th,JJ,38
body,10th,NN,13
body,11,CD,119
body,11,UNK,1
body,11.428,CD,1
body,11.79,CD,1
body,11/62,CD,1
body,110,CD,8
body,1106,CD,1
body,110m,CD,2
body,110m,NN,3
body,110n,CD,1
body,110n,NN,4
body,111,CD,3
body,111n,CD,1
body,111n,JJ,1
body,111n,NN,1
body,1125S,CD,2
body,1127S,CD,1
body,112m,NN,2
body,112n,CD,1
body,112n,NN,1
body,113,CD,9
body,1135B,NN,1
body,113m,CD,1
body,113m,NN,4
body,113n,CD,1
body,113n,SYM,1
body,114m,CD,1
body,114m,NN,5
body,114n,CD,1
body,1150B,NN,1
body,115m,CD,1
body,115m,NN,1
body,115n,NN,2
body,116,CD,17
body,1163M,NNP,1
body,1167,CD,1
body,116I,CD,1
body,117,CD,3
body,118,CD,4
body,1186,CD,1
body,1194,CD,1
body,119L,NN,1
body,119m,CD,4
body,119m,NN,2
body,119n,CD,4
body,119n,NN,3
body,11:00,CD,28
body,11:05,CD,1
body,11:10,CD,1
body,11:15,CD,5
body,11:20,CD,6
body,11:25,CD,1
body,11:30,CD,12
body,11:35,CD,2
body,11:40,CD,4
body,11:45,CD,5
body,11:50,CD,3
body,11:55,CD,2
body,11TH,CD,1
body,11m,CD,1
body,11m-13m,NN,1
body,11n,CD,5
body,11n,JJ,1
body,11n,NN,3
body,11th,JJ,30
body,11 79/100,CD,1
body,12,CD,115
body,"12,663",CD,1
body,12.1,CD,6
body,120.000,CD,1
body,12000,CD,3
body,120m,NN,4
body,121,CD,3
body,1215,CD,1
body,121n,CD,2
body,121n,NN,1
body,122,CD,12
body,1229,CD,1
body,123,CD,6
body,"123,232,409",CD,1
body,1234M,NNP,1
body,1236S,CD,1
body,123C,NN,1
body,123m,CD,1
body,123m-24n,NN,1
body,123n,CD,3
body,123n,NN,1
body,124,CD,8
body,1243S,CD,1
body,1244,CD,1
body,124n,JJ,1
body,125,CD,10
body,125th,CD,1
body,126,CD,6
body,127m,CD,1
body,127m,NN,8
body,127n,NN,1
body,128,CD,8
body,1284S,CD,1
body,128m,CD,5
body,128m,NN,5
body,128n,CD,2
body,129,CD,5
body,129n,CD,3
body,129n,NN,6
body,12:05,CD,1
body,12:10,CD,5
body,12:15,CD,3
body,12:20,CD,2
body,12:25,CD,2
body,12:30,CD,10
body,12:35,CD,2
body,12:40,CD,3
body,12:50,CD,3
body,12:55,CD,1
body,12m,CD,1
body,12n,CD,1
body,12n,NN,1
body,12th,JJ,43
body,13,CD,107
body,"13,550",CD,1
body,13/63,CD,1
body,130,CD,10
body,130m,NN,2
body,130n,CD,1
body,130n,NN,3
body,131,CD,6
body,131n,CD,2
body,131n,JJ,1
body,131n,NN,7
body,132,CD,7
body,132n,CD,4
body,132n,NN,6
body,133m,NN,6
body,133n,NN,2
body,1347,CD,2
body,134m,NN,6
body,134n,JJ,3
body,134n,NN,6
body,134n,NNP,1
body,135m,NN,3
body,135n,CD,1
body,135n,NN,1
body,"136,385",CD,1
body,136P,NN,1
body,136m,CD,1
body,136n,CD,2
body,136n,NN,1
body,137,CD,1
body,1379,CD,1
body,137A,NN,1
body,137m,NN,3
body,137n,CD,1
body,137n,NN,4
body,137n,NNP,1
body,138,CD,7
body,1387,CD,1
body,138m,CD,1
body,138m,NN,1
body,139,CD,2
body,1391M,NNP,2
body,139n,CD,1
body,139n,NN,13
body,139n-40m,NN,1
body,139n-40n,NN,1
body,139n-43m,NN,1
body,139n-43n,NN,2
body,13m,CD,3
body,13m,NN,4
body,13n,CD,5
body,13n,NN,3
body,13n,NNP,1
body,13th,JJ,22
body,13th,NN,4
body,13th,NNP,14
body,14,CD,132
body,"14,440",CD,1
body,140,CD,1
body,140m,CD,2
body,140m,IN,1
body,140m,NN,4
body,140n,NN,1
body,1413M,NNP,1
body,141m,NN,1
body,141n,CD,3
body,141n,NN,5
body,142n,CD,3
body,142n,NN,8
body,143,CD,5
body,143m,NN,6
body,143n,CD,1
body,143n,NN,1
body,144,CD,8
body,145,CD,10
body,14561,CD,1
body,145P,NN,1
body,145m,CD,1
body,145m,NN,1
body,145n,CD,1
body,145th,CD,1
body,1460M,NNP,1
body,146n,CD,1
body,146n,NN,3
body,147,CD,1
body,1476M,NNP,1
body,1478M,NNP,1
body,147H,CD,1
body,147m,CD,1
body,147n,CD,2
body,148m,CD,4
body,148m,JJ,1
body,148m,NN,6
body,148n,CD,2
body,148n,NN,1
body,1496M,NNP,2
body,149m,NN,2
body,149n,CD,3
body,149n,NN,7
body,149n,NNP,1
body,149th,NN,1
body,14B,NN,1
body,14M,NNP,1
body,14m,CD,2
body,14m,NN,2
body,14n,CD,3
body,14n,NN,3
body,14th,JJ,50
body,15,CD,127
body,"15,000",CD,3
body,15-20,CD,1
body,150,CD,7
body,1500,CD,1
body,150m,CD,3
body,150m,NN,3
body,150n,CD,2
body,150n,NN,1
body,1511-1865,CD,1
body,151n,CD,3
body,151n,JJ,1
body,151n,NN,2
body,152,CD,10
body,1529,CD,1
body,152m,CD,1
body,152n,CD,2
body,152n,NN,1
body,153,CD,41
body,153m,NN,1
body,153n,CD,3
body,153n,NN,4
body,153n,NNP,1
body,154,CD,10
body,154M,NNP,1
body,154P,NN,1
body,154m,NN,3
body,154n,CD,1
body,154n,NN,1
body,155,CD,1
body,1557,CD,1
body,155m,NN,9
body,155n,NN,5
body,156,CD,33
body,156m,CD,2
body,156n,NN,4
body,157,CD,1
body,157m,CD,1
body,157n,CD,2
body,157n,JJ,1
body,157n,NN,6
body,158,CD,1
body,158m,CD,1
body,158m,NN,5
body,158m-59n,NN,1
body,158n,NN,1
body,159,CD,11
body,159n,CD,2
body,159n,NN,1
body,15On,NN,1
body,15m,CD,3
body,15m,NN,12
body,15n,CD,5
body,15n,NN,9
body,15th,CD,5
body,15th,JJ,38
body,15th,NN,1
body,16,CD,110
body,"16,000",CD,2
body,"16,287",CD,1
body,160,CD,5
body,"160,266",CD,1
body,160.316,CD,1
body,1600,CD,1
body,16000,CD,1
body,160m,CD,1
body,160n,CD,4
body,160n,NN,3
body,161,CD,1
body,1615,CD,1
body,161M,NN,1
body,161m,CD,2
body,161m,NN,2
body,161n,NN,6
body,161n,NNP,1
body,162,CD,14
body,"162,284",CD,1
body,162M,NN,1
body,163,CD,4
body,163M,NNP,1
body,163m,NN,1
body,163n,CD,1
body,163n,NN,1
body,164,CD,7
body,1647,CD,1
body,164m,NN,4
body,164n,CD,2
body,164n,NN,5
body,165,CD,11
body,1655,CD,1
body,166,CD,6
body,166m,CD,1
body,166m,NN,3
body,166n,CD,4
body,166n,NN,7
body,167,CD,1
body,167m,NN,2
body,167n,NN,3
body,168,CD,11
body,1683M,NNP,1
body,1687,CD,1
body,168m,CD,4
body,168m,NN,2
body,168n,CD,4
body,168n,NN,1
body,169,CD,1
body,1693,CD,1
body,169m,CD,1
body,169m,NN,2
body,169n,CD,2
body,169n,JJ,1
body,169n,NN,6
body,16J,NN,1
body,16m,CD,2
body,16m,FW,1
body,16m,NN,9
body,16n,CD,3
body,16n,NN,7
body,16th,JJ,28
body,17,CD,106
body,"17,699",CD,1
body,"17,973",CD,1
body,17.500,CD,1
body,17/68,CD,1
body,170,CD,8
body,1700,CD,1
body,17000,CD,1
body,170m,NN,1
body,170n,NN,2
body,171,CD,4
body,171m,CD,1
body,171m,SYM,1
body,171n,CD,2
body,171n,NN,7
body,172n,NN,9
body,173,CD,8
body,173m,CD,1
body,173m,NN,1
body,173n,CD,3
body,173n,NN,3
body,173n-74m,NN,1
body,174,CD,7
body,17413,CD,1
body,174m,CD,1
body,174n,CD,2
body,174n,NN,5
body,175,CD,10
body,1750,CD,1
body,1752M,NNP,1
body,175m,CD,1
body,175m,NN,1
body,175n,CD,2
body,175n,NN,4
body,176.70,CD,1
body,1767,CD,1
body,176m,CD,3
body,176m,NN,1
body,176n,CD,3
body,176n,NN,1
body,177,CD,1
body,177n,CD,1
body,177n,NN,4
body,178,CD,1
body,1788M,NNP,1
body,1789,CD,1
body,178m,NN,5
body,178n,NN,1
body,1792,CD,1
body,1794,CD,1
body,179m,CD,1
body,179n,NN,8
body,17J,NN,1
body,17On,NNP,1
body,17m,CD,1
body,17m,NN,1
body,17n,CD,2
body,17th,JJ,34
body,18,CD,153
body,"18,417",CD,1
body,"18,553",CD,1
body,18/67,CD,1
body,180,CD,1
body,18000,CD,1
body,1802,CD,1
body,1803,CD,1
body,1803,NNP,1
body,1808,CD,1
body,1808,NNP,1
body,180D,NNP,1
body,180m,NN,6
body,180m,NNP,1
body,180n,CD,1
body,180n,NN,3
body,1812,CD,2
body,1812,NNP,2
body,1816,CD,2
body,18167,CD,1
body,1817,CD,4
body,1818M,NNP,1
body,1819,CD,1
body,181m,NN,5
body,181m,NNP,2
body,181n,NN,8
body,181n,NNP,1
body,1820,NNP,1
body,1822,CD,2
body,1823,CD,1
body,1823,NNP,1
body,1823M,NNP,1
body,1824,CD,1
body,182n,CD,1
body,182n,NN,6
body,182n,NNP,4
body,183,CD,16
body,1832,CD,1
body,1837,CD,2
body,1839,CD,1
body,183m,CD,1
body,183n,CD,1
body,183n,NN,1
body,183n,NNP,1
body,184,CD,4
body,1840,CD,2
body,1841,CD,1
body,1842,CD,1
body,1844,CD,4
body,1845,CD,2
body,1847,CD,1
body,1848,CD,1
body,184G,NNP,1
body,184T,NNP,1
body,184m,NN,4
body,184n,CD,1
body,184n,NN,9
body,184n,NNP,5
body,185,CD,7
body,1851,CD,2
body,1852,CD,1
body,1853,CD,2
body,1854,NNP,1
body,1855,CD,1
body,1856,CD,2
body,1857,CD,3
body,1858,CD,1
body,1859,CD,2
body,185m,CD,2
body,185m,NN,4
body,185m,NNP,2
body,185n,CD,2
body,185n,NN,1
body,1860,CD,7
body,1860,NNP,2
body,1861,CD,27
body,1862,CD,42
body,1862,NNP,1
body,"1862,-upon",NNP,1
body,1862.-v,NN,4
body,1863,CD,35
body,1863,NNP,4
body,1863.-v,NN,1
body,1864,CD,67
body,1864,NNP,4
body,1864M,NNP,1
body,1865,CD,75
body,1865.-An,JJ,1
body,1865.-v,NN,3
body,1866,NNP,78
body,1866.-v,NN,1
body,1867,CD,1073
body,1867,NNP,2
body,"1867,233",CD,1
body,"1867,29",CD,1
body,"1867,421",CD,1
body,"1867,424",CD,1
body,"1867,426",CD,1
body,"1867,95",CD,1
body,1867.-v,NN,1
body,18676,CD,1
body,18678,CD,1
body,1868,CD,1141
body,"1868,214",CD,1
body,"1868,232",CD,1
body,"1868,242",CD,1
body,"1868,249",CD,1
body,"1868,250",CD,1
body,"1868,256",CD,1
body,"1868,272",CD,1
body,"1868,299",CD,1
body,1868.-D,NN,1
body,1869,CD,16
body,186n,CD,1
body,186n,NN,5
body,186n,NNP,2
body,186ſ,NN,1
body,187,CD,11
body,1870,CD,6
body,1871,CD,7
body,1872,CD,5
body,1873,NNP,2
body,1874,CD,4
body,1875,CD,2
body,1876,CD,2
body,1877,CD,1
body,1878,CD,1
body,1879,NNS,3
body,187n,NN,8
body,187n,NNP,1
body,188,CD,12
body,"188,203",CD,1
body,1880,NNP,1
body,1881,CD,1
body,1885,NNP,4
body,1891,CD,3
body,1894,CD,2
body,1895,CD,1
body,1897,CD,1
body,1898,CD,1
body,189m,NN,2
body,189n,CD,1
body,189n,NN,5
body,18A,NNP,1
body,18On,NN,2
body,18m,CD,5
body,18m,NN,2
body,18m,NNP,2
body,18th,JJ,35
body,19,CD,132
body,19,UNK,1
body,19.67,CD,1
body,1900,CD,1
body,1901,CD,1
body,1909,CD,1
body,190m,CD,3
body,190m,NN,7
body,190n,CD,3
body,190n,NN,3
body,191,CD,14
body,1912,CD,1
body,1917,CD,1
body,191S,NN,1
body,191n,CD,5
body,192,CD,3
body,1925,CD,1
body,1927,CD,2
body,1928,CD,2
body,192m,CD,1
body,192n,NN,11
body,1937,CD,1
body,1939,CD,1
body,193G,NN,1
body,193n,CD,2
body,193n,NN,2
body,193ri-94m,JJ,1
body,194,CD,1
body,1941,CD,1
body,1943,CD,1
body,194m,NN,1
body,194n,CD,8
body,194n,NN,3
body,195,CD,8
body,1950,CD,1
body,1953,CD,1
body,1954,CD,1
body,1956,CD,1
body,1958,CD,2
body,195m,NN,1
body,195n,NN,1
body,196,CD,3
body,1960,CD,2
body,1963,CD,1
body,1966,CD,1
body,1967,CD,4
body,1968,CD,2
body,196m,CD,2
body,196n,CD,6
body,196n,JJ,2
body,196n,NN,4
body,197,CD,9
body,1970,CD,3
body,1971,CD,2
body,1973,CD,1
body,1974,CD,1
body,1975,CD,1
body,1977,CD,1
body,1978,CD,1
body,197m,NN,1
body,197n,CD,1
body,197n,NN,5
body,198,CD,3
body,1982,CD,1
body,1985,CD,3
body,1986,CD,1
body,1987,CD,2
body,"1987,242",CD,1
body,1989,CD,1
body,198m,CD,1
body,198m,NN,8
body,198m-99m,NN,2
body,198n,NN,1
body,1990,CD,2
body,1991,CD,1
body,199A,CD,1
body,199n,CD,4
body,199n,NN,4
body,19m,CD,1
body,19n,CD,1
body,19n,NN,2
body,19th,JJ,50
body,1:00,CD,20
body,1:05,CD,1
body,1:10,CD,2
body,1:15,CD,3
body,1:20,CD,3
body,1:30,CD,2
body,1:35,CD,1
body,1:40,CD,2
body,1:45,CD,6
body,1>,UNK,1
body,1ST,NN,1
body,1rd,CD,1
body,1st,CD,68
body,1st,JJ,114
body,1st/68,CD,1
body,2,CD,242
body,2,LS,55
body,"2,000",CD,1
body,"2,171.06",CD,1
body,"2,245,000",CD,1
body,"2,507,000",CD,1
body,2-55,CD,1
body,2-75,CD,1
body,2-83,CD,1
body,2.-In,JJ,1
body,2.1,CD,4
body,2.11,CD,3
body,2.169.546.48,CD,1
body,2.17,CD,3
body,2.245.000,CD,1
body,2.768.00,CD,1
body,2/67,CD,1
body,20,CD,113
body,"20,000",CD,3
body,"20,498",CD,1
body,20.000,CD,1
body,20.4,CD,2
body,20.523,CD,1
body,200,CD,10
body,"200,000.00",CD,1
body,200.000,CD,1
body,2000,CD,1
body,20000,CD,1
body,200P,NN,1
body,200m,CD,1
body,200m-2017,NN,1
body,200n,CD,1
body,200n,NN,1
body,200n,SYM,1
body,200n-201m,NN,1
body,200n-201n,NN,1
body,201,CD,2
body,2017,CD,1
body,201m,CD,1
body,201m,NN,3
body,201n,CD,2
body,201n,NN,4
body,202,CD,11
body,202A,NNP,1
body,202P,NN,1
body,202n,CD,3
body,202n,NN,4
body,203,CD,12
body,203n,NN,1
body,204,CD,7
body,204m,NN,1
body,204n,CD,1
body,204n,JJ,3
body,204n,NN,5
body,205,CD,12
body,206,CD,12
body,206m,CD,1
body,206n,CD,1
body,206n,NN,4
body,207,CD,13
body,207m,CD,1
body,207m,NN,4
body,207n,CD,2
body,207n,JJ,1
body,207n,NNP,2
body,208,CD,9
body,208m,CD,1
body,208m,JJ,1
body,208m,NN,4
body,209m,CD,1
body,209m,NN,4
body,209m-10m,NN,1
body,209n,CD,5
body,209n,JJ,1
body,209n,NN,1
body,20m,CD,3
body,20n,CD,1
body,20n,NN,2
body,20th,JJ,32
body,21,CD,123
body,21.3,CD,2
body,21.4,CD,1
body,210.000,CD,1
body,210m,NN,4
body,210n,CD,2
body,210n,NN,4
body,211,CD,6
body,212,CD,16
body,212m,NN,2
body,212n,CD,3
body,212n,NN,6
body,212n-13m,NN,2
body,213,CD,9
body,213m,CD,2
body,213m,NN,1
body,213n,CD,1
body,213n,NN,2
body,213n-14m,NN,2
body,214,CD,1
body,214K,CD,1
body,214m,NN,6
body,214n,CD,1
body,214n,NN,5
body,214n,NNP,1
body,215m,CD,2
body,215m,NN,8
body,215m-16n,NN,3
body,215n,CD,1
body,215n,NN,3
body,216,CD,11
body,217,CD,10
body,217R,NN,1
body,217m,CD,1
body,217n,CD,1
body,218,CD,4
body,218M,NNP,1
body,218m,CD,1
body,218m,NN,4
body,218m,SYM,1
body,2190,CD,1
body,219m,NN,1
body,219n,CD,3
body,219n,NN,3
body,219th,CD,1
body,21OS,NN,1
body,21m,CD,2
body,21m,NN,1
body,21n,CD,9
body,21n,JJ,4
body,21n,NN,14
body,21s,JJ,1
body,21st,CD,19
body,21st,JJ,17
body,22,CD,121
body,22.1,CD,4
body,220,CD,1
body,220m,NN,4
body,220n,NN,2
body,22112,CD,1
body,221m,NN,2
body,221n,NN,1
body,222M,NNP,1
body,222n,JJ,1
body,222n,NN,6
body,223m,NN,4
body,223n,NN,5
body,224m,NN,2
body,224n,NN,3
body,225,CD,7
body,225m,CD,1
body,225m,JJ,1
body,225m,NN,4
body,225n,NN,1
body,226,CD,10
body,22633,CD,1
body,226m,CD,3
body,227,CD,9
body,227m,CD,1
body,227m,NN,3
body,227n,JJ,1
body,227n,NN,1
body,228,CD,1
body,228m,CD,7
body,228m,JJ,2
body,228m,NN,15
body,2297,CD,1
body,229m,NN,2
body,229n,CD,2
body,229n,NN,9
body,22A,NNP,1
body,22OP,NN,1
body,22On,NN,3
body,22d,CD,4
body,22d,FW,1
body,22d,JJ,5
body,22d,NN,3
body,22d,VBD,3
body,22n,CD,4
body,22n,NN,3
body,22nd,CD,2
body,22nd,JJ,5
body,23,CD,124
body,23.5,CD,2
body,23.7,CD,4
body,230,CD,1
body,230m,JJ,1
body,230m,NN,11
body,230n,JJ,1
body,230n,NN,3
body,23177,CD,1
body,231n,CD,1
body,231n,JJ,5
body,231n,NN,6
body,232,CD,12
body,233,CD,10
body,233.71,CD,1
body,233m,CD,1
body,233m,JJ,1
body,233m,NN,3
body,234,CD,4
body,234m,CD,2
body,234m,JJ,1
body,234m,NN,5
body,234n,CD,1
body,234n,JJ,2
body,234n,NN,1
body,235,CD,7
body,235m,NN,1
body,235n,NN,2
body,236,CD,15
body,"236,238",CD,1
body,237,CD,4
body,237m,NN,1
body,237n,CD,1
body,237n,NN,2
body,238,CD,2
body,238m,NN,5
body,238n,CD,1
body,239,CD,1
body,239m,NN,1
body,239n,CD,1
body,239n,JJ,1
body,239n,NN,3
body,239n-40m,NN,1
body,23On,NN,2
body,23On,NNP,1
body,23d,CD,6
body,23d,JJ,8
body,23d,NN,4
body,23m,NN,5
body,23m-24m,NN,1
body,23n,CD,4
body,23n,JJ,2
body,23n,NN,3
body,23rd,JJ,9
body,24,CD,108
body,24.8,CD,2
body,24/100,CD,5
body,240,CD,4
body,240m,NN,9
body,240n,JJ,1
body,240n,NN,3
body,241,CD,6
body,241n,JJ,2
body,241n,NN,9
body,242,CD,14
body,"242,000",CD,1
body,242P,NN,3
body,242n,CD,1
body,242n,NN,6
body,243,CD,3
body,243n,CD,3
body,243n,NN,3
body,243n,SYM,1
body,244m,NN,1
body,244n,NN,1
body,245,CD,2
body,245m,NN,1
body,245n,CD,1
body,245n,NN,1
body,246,CD,11
body,247,CD,19
body,"247,248",CD,1
body,248,CD,33
body,248m,CD,2
body,248m,NN,2
body,248n,CD,1
body,249,CD,1
body,249m,NN,1
body,249n,CD,1
body,249n,JJ,2
body,249n,NN,3
body,24On,NN,1
body,24m,CD,3
body,24m,JJ,1
body,24m,NN,3
body,24n,CD,2
body,24n,NN,5
body,24th,JJ,19
body,25,CD,100
body,"25,000",CD,1
body,25.5,CD,1
body,250,CD,15
body,250.000,CD,1
body,250000,CD,1
body,250n,NN,2
body,251,CD,2
body,2514,CD,1
body,251n,CD,3
body,251n,JJ,1
body,251n,NN,7
body,252,CD,7
body,"252,256",CD,1
body,253,CD,7
body,"253,253",CD,1
body,"253,268",CD,1
body,253m,CD,1
body,253m,NN,1
body,253n,CD,1
body,254,CD,8
body,254m,NN,4
body,254n,CD,1
body,254n,NN,2
body,255,CD,4
body,255m,CD,2
body,255m,NN,2
body,255n,NN,1
body,256,CD,9
body,256n,NN,3
body,257,CD,18
body,258m,CD,3
body,258m,NN,19
body,258m,VBP,1
body,258n,NN,6
body,259,CD,1
body,259n,CD,5
body,259n,JJ,2
body,259n,NN,25
body,25m,CD,5
body,25m,NN,2
body,25n,CD,3
body,25n,JJ,1
body,25n,NN,3
body,25th,JJ,33
body,26,CD,100
body,26000,CD,1
body,260m,NN,7
body,260n,CD,4
body,260n,JJ,5
body,260n,NN,15
body,260n,NNP,1
body,261,CD,1
body,261m,CD,9
body,261m,JJ,2
body,261m,NN,15
body,261n,NN,6
body,262,CD,10
body,2621,CD,1
body,262n,CD,1
body,262n,NN,5
body,263,CD,14
body,263m,NN,1
body,264m,NN,1
body,264n,CD,2
body,264n-65n,JJ,1
body,265,CD,1
body,265m,NN,6
body,265n,NN,2
body,266,CD,2
body,266m,NN,4
body,266n,NN,12
body,267,CD,2
body,267m,NN,9
body,267n,NN,3
body,268,CD,6
body,2687,CD,7
body,26871,CD,4
body,268m,CD,4
body,268m,JJ,6
body,268m,NN,26
body,268m,NNP,3
body,268n,CD,1
body,268n,JJ,6
body,268n,NN,1
body,268n,NNP,1
body,269,CD,9
body,"269,271",CD,1
body,26971,CD,1
body,269n,CD,1
body,269n,NN,3
body,26On,NN,3
body,26On,NNP,3
body,26th,JJ,30
body,27,CD,108
body,27.288,CD,2
body,27.4,CD,1
body,27.416,CD,1
body,27.5,CD,2
body,27.6,CD,1
body,270m,JJ,1
body,270m,NN,6
body,270n,JJ,1
body,270n,NN,1
body,271,CD,5
body,271B,NN,1
body,271m,CD,1
body,271m,JJ,1
body,271m,NN,3
body,271m,SYM,2
body,271n,CD,2
body,271n,NN,5
body,272,CD,10
body,272n,CD,7
body,272n,JJ,1
body,272n,NN,11
body,273,CD,9
body,273m,CD,1
body,273m,NN,2
body,273n,CD,4
body,273n,NN,1
body,274m,CD,3
body,274m,NN,10
body,274n,NN,3
body,275,CD,2
body,275m,NN,2
body,275n,NN,2
body,2768.00,CD,1
body,276m,NN,1
body,276n,CD,1
body,276n,NN,3
body,277,CD,2
body,277m,CD,2
body,277m,JJ,1
body,277m,NN,8
body,277n,JJ,2
body,277n,NN,1
body,278,CD,6
body,278m,NN,1
body,279,CD,8
body,"279,279",CD,1
body,279A,NNP,1
body,279P,NN,1
body,279n,CD,5
body,279n,NN,4
body,27G,NN,1
body,27OK,CD,1
body,27On,NN,1
body,27m,CD,1
body,27m,NN,6
body,27n,CD,2
body,27n,JJ,1
body,27n,NN,1
body,27th,JJ,30
body,27th/68,CD,1
body,28,CD,113
body,28.1,CD,4
body,28.3,CD,2
body,2800,CD,1
body,280m,JJ,1
body,280m,NN,13
body,280n,CD,1
body,280n,JJ,1
body,280n,NN,2
body,281m,CD,2
body,281m,NN,1
body,281n,CD,3
body,281n,JJ,1
body,281n,NN,5
body,282,CD,11
body,"282,358",CD,1
body,282n,NN,4
body,283m,NN,3
body,283n,CD,2
body,283n,NN,5
body,284,CD,6
body,284m,CD,1
body,284m,NN,6
body,284n,CD,2
body,284n,JJ,1
body,285,CD,4
body,285m,NN,4
body,285n,CD,1
body,285n,NN,1
body,286T,JJ,1
body,286m,CD,1
body,286m,NN,3
body,286n,NN,2
body,287,CD,4
body,287A,JJ,1
body,287m,NN,1
body,287n,CD,2
body,287n,NN,2
body,288,CD,6
body,288m,CD,2
body,288m,NN,1
body,289m,NN,1
body,289m-90m,NN,1
body,289n,CD,3
body,289n,NN,2
body,28On,NN,1
body,28m,CD,3
body,28m,JJ,1
body,28m,NN,5
body,28n,CD,2
body,28n,NN,1
body,28th,JJ,34
body,29,CD,104
body,29.1,CD,8
body,29.947,CD,1
body,29/100,CD,1
body,290m,CD,1
body,290m,JJ,1
body,290m,NN,5
body,291n,CD,1
body,291n,JJ,4
body,291n,NN,8
body,292,CD,5
body,292m,NN,1
body,292n,NN,3
body,293,CD,3
body,293m,CD,2
body,293m,NN,2
body,293m-95n,JJ,1
body,294,CD,1
body,294m,CD,4
body,294m,NN,16
body,294n,JJ,2
body,294n,NN,2
body,295,CD,7
body,295n,NN,1
body,296,CD,10
body,"296,299",CD,2
body,296m,NN,4
body,296n,CD,2
body,296n,NN,1
body,297,CD,1
body,297m,CD,2
body,297m,NN,6
body,297m-99m,NN,2
body,298,CD,4
body,298m,NN,4
body,298n,NN,1
body,299,CD,10
body,299m,NN,2
body,29In,NN,1
body,29On,NN,1
body,29On,NNP,1
body,29W,NNP,1
body,29m,CD,2
body,29m,NN,2
body,29n,CD,6
body,29n,NN,5
body,29th,CD,2
body,29th,JJ,27
body,29th,NN,2
body,29th,VB,1
body,2:00,CD,14
body,2:10,CD,2
body,2:15,CD,1
body,2:20,CD,2
body,2:30,CD,11
body,2:35,CD,1
body,2:40,CD,6
body,2:45,CD,5
body,2:55,CD,2
body,2O,NN,1
body,2On,NN,1
body,2On,NNP,1
body,2d,CD,15
body,2d,FW,1
body,2d,JJ,37
body,2d,NN,12
body,2d,NNP,1
body,2d,VBD,9
body,2d/68,CD,1
body,2n,CD,1
body,2n,JJ,1
body,2n,NN,1
body,2nd,JJ,116
body,2ndly,RB,2
body,3,CD,225
body,3,LS,24
body,3,UNK,2
body,"3,000",CD,1
body,"3,111.24",CD,1
body,3.10,CD,1
body,3.459.34429,CD,1
body,30,CD,126
body,"30,000",CD,1
body,30.000,CD,1
body,30.1,CD,6
body,30.350.77,CD,1
body,30.4,CD,7
body,300,CD,12
body,"300,000",CD,1
body,3000,CD,1
body,300m,CD,6
body,300m,NN,1
body,300n,CD,8
body,300n,JJ,1
body,300n,NNP,1
body,300n-301n,CD,1
body,300n-301n,NN,1
body,301n,CD,2
body,301n,JJ,1
body,301n,NN,6
body,301n,NNP,1
body,302n,CD,1
body,302n,NN,3
body,302n,NNP,5
body,303,CD,11
body,303m,NN,1
body,303rm,CD,1
body,304,CD,6
body,"304,455",CD,1
body,304C,NNP,1
body,304m,CD,1
body,304m,NN,1
body,304m,NNP,1
body,304n,CD,10
body,304n,IN,1
body,304n,NN,1
body,304n,NNP,1
body,305,CD,2
body,305 00/100,CD,1
body,307,CD,22
body,308,CD,25
body,309,CD,23
body,30C,NNP,1
body,30S,NNP,1
body,30lm,CD,1
body,30m,CD,5
body,30m,NN,6
body,30th,JJ,46
body,31,CD,60
body,31.67,CD,1
body,310,CD,3
body,311,CD,3
body,312,CD,6
body,313,CD,6
body,3135,CD,1
body,314,CD,5
body,315,CD,19
body,316,CD,14
body,3166,CD,1
body,317,CD,20
body,"317,415",CD,1
body,"317,449",CD,1
body,318,CD,20
body,319,CD,18
body,31m,NN,1
body,31n,CD,3
body,31n,NN,3
body,31st,CD,6
body,31st,JJ,14
body,31st,NN,5
body,32,CD,21
body,320,CD,12
body,320F,NN,1
body,321,CD,8
body,322,CD,14
body,323,CD,15
body,324,CD,16
body,325,CD,22
body,"325,491",CD,1
body,326,CD,17
body,"326,333",CD,1
body,327,CD,14
body,327H,NN,1
body,328,CD,12
body,"328,472",CD,1
body,329,CD,23
body,"329,475",CD,1
body,32K,CD,1
body,32O,NNP,2
body,32d,CD,1
body,32n,CD,10
body,32n,NN,13
body,32nd,CD,1
body,33,CD,34
body,330,CD,11
body,331,CD,24
body,"331,477",CD,1
body,332,CD,14
body,333,CD,15
body,"333,452",CD,2
body,334,CD,19
body,"334,462",CD,1
body,334T,NNP,1
body,335,CD,13
body,336,CD,14
body,"336,382",CD,1
body,337,CD,8
body,338,CD,16
body,339,CD,15
body,33d,CD,1
body,33d,JJ,1
body,33d,VBD,2
body,33m,CD,1
body,33rd,JJ,1
body,34,CD,22
body,"34,800",CD,1
body,34.8,CD,1
body,340,CD,9
body,341,CD,23
body,"341,395",CD,1
body,"341,403",CD,1
body,"341,470",CD,1
body,342,CD,12
body,342.-4-608.9-600,CD,1
body,343,CD,18
body,344,CD,15
body,345,CD,28
body,"345,409",CD,1
body,346,CD,10
body,347,CD,15
body,347F,NN,1
body,348,CD,20
body,349,CD,14
body,34W,NNP,1
body,34m,CD,2
body,34m,NN,2
body,34n,CD,1
body,34n,NN,5
body,34th,JJ,5
body,34th,NNP,1
body,35,CD,17
body,350,CD,9
body,"350,495",CD,1
body,3500,CD,1
body,35000,CD,1
body,351,CD,13
body,"351,389",CD,1
body,"351,392",CD,1
body,352,CD,15
body,352D,CD,2
body,352T,NNP,1
body,353,CD,12
body,354,CD,15
body,355,CD,10
body,3559,CD,1
body,356,CD,19
body,"356,428,446",CD,1
body,"356,498",CD,1
body,357,CD,20
body,358,CD,23
body,359,CD,16
body,"359,443,476",CD,1
body,3594,CD,1
body,35m,CD,2
body,35m,NN,9
body,35n,CD,2
body,35n,NN,4
body,35n,NNP,1
body,35th,JJ,7
body,36,CD,16
body,36.75,CD,1
body,360,CD,20
body,36000,CD,1
body,361,CD,15
body,362,CD,17
body,363,CD,15
body,"363,453",CD,1
body,364,CD,17
body,365,CD,24
body,"365,443",CD,1
body,366,CD,23
body,"366,409",CD,1
body,367,CD,21
body,368,CD,10
body,"368,426",CD,1
body,369,CD,21
body,36O,NNP,1
body,36m,CD,2
body,36m,NN,6
body,36n,CD,2
body,36n,NN,4
body,36s,NNS,1
body,36th,JJ,4
body,37,CD,11
body,"37,237",CD,1
body,"37,411.88",CD,1
body,"37,511,512.20",CD,1
body,37.77,CD,1
body,370,CD,16
body,371,CD,10
body,"371,438",CD,1
body,"371,484",CD,1
body,372,CD,7
body,373,CD,13
body,374,CD,16
body,375,CD,15
body,376,CD,27
body,377,CD,9
body,378,CD,20
body,379,CD,21
body,37W,NNP,1
body,37m,CD,2
body,37m,NN,3
body,37n,CD,3
body,37n,NN,8
body,37th,JJ,3
body,38,CD,7
body,380,CD,17
body,381,CD,7
body,381S,NN,1
body,382,CD,24
body,383,CD,18
body,"383,539",CD,1
body,383M,NNP,1
body,384,CD,20
body,"384,403",CD,1
body,385,CD,23
body,"385,445",CD,1
body,386,CD,14
body,387,CD,8
body,388,CD,22
body,"388,403",CD,1
body,"388,405",CD,1
body,"388,431",CD,1
body,"388,456",CD,1
body,"388,481",CD,1
body,389,CD,16
body,38m,CD,9
body,38m,NN,7
body,38n,CD,1
body,38n,NN,2
body,39,CD,26
body,39-1-133,CD,1
body,39-1-149,CD,1
body,39-1-2,CD,1
body,39-1-30,CD,1
body,39-2-82,CD,1
body,39.3,CD,3
body,390,CD,13
body,391,CD,3
body,392,CD,15
body,393,CD,136
body,394,CD,26
body,"394,411",CD,1
body,395,CD,19
body,"395,446",CD,1
body,"395,453",CD,1
body,"395,498",CD,1
body,395Q,NNP,1
body,396,CD,7
body,397,CD,18
body,398,CD,20
body,3987/100,CD,1
body,399,CD,17
body,39m,CD,1
body,39n,CD,3
body,39n,NN,5
body,39n,SYM,1
body,39n-40n,JJ,1
body,39n-44m,NN,1
body,39th,JJ,5
body,3:00,CD,9
body,3:07,CD,1
body,3:15,CD,9
body,3:18,CD,1
body,3:20,CD,3
body,3:25,CD,1
body,3:30,CD,21
body,3:35,CD,1
body,3:40,CD,2
body,3:45,CD,2
body,3:50,CD,1
body,3D,CD,1
body,3D,NNP,1
body,3D,VBP,1
body,3O4m,NN,1
body,3O8,NN,1
body,3O8,NNP,1
body,3OOn,NN,1
body,3OTH,CD,1
body,3Oln,NNP,1
body,3On,NN,1
body,3On,NNP,1
body,3d,CD,3
body,3d,JJ,11
body,3d,NN,41
body,3d,VBD,13
body,3m,NN,4
body,3n,CD,2
body,3n,NN,4
body,3n,SYM,1
body,3n-4n,NN,2
body,3rd,CD,7
body,3rd,JJ,21
body,3rd,NN,2
body,3rd,NNP,1
body,3rd,VBD,1
body,3th,JJ,1
body,4,CD,164
body,4,LS,14
body,4,UNK,1
body,4%,UNK,1
body,"4,000,000",CD,1
body,"4,216",CD,1
body,"4,275",CD,1
body,"4,73",CD,1
body,"4,855.86",CD,2
body,4.15,CD,2
body,4.17,CD,2
body,4.18,CD,1
body,4.19,CD,1
body,4.2.1,CD,1
body,4.275.68,CD,1
body,4.30,CD,1
body,4.38,CD,1
body,4.500,CD,1
body,4.59,CD,1
body,4.67,CD,1
body,4.71,CD,1
body,4.75,CD,1
body,4.78,CD,1
body,4.79,CD,1
body,4.855.86,CD,1
body,4.884.500,CD,1
body,4.99,CD,1
body,40,CD,17
body,"40,000",CD,1
body,40-2-1,CD,1
body,40-2-10,CD,1
body,40-2-101,CD,1
body,40-2-107,CD,1
body,40-2-108,CD,1
body,40-2-109,CD,1
body,40-2-11,CD,1
body,40-2-123,CD,2
body,40-2-13,CD,1
body,40-2-14,CD,1
body,40-2-15,CD,1
body,40-2-168,CD,1
body,40-2-172,CD,1
body,40-2-209,CD,1
body,40-2-222,CD,1
body,40-2-226,CD,1
body,40-2-23,CD,1
body,40-2-238,CD,1
body,40-2-24,CD,1
body,40-2-276,CD,1
body,40-2-277,CD,1
body,40-2-278,CD,1
body,40-2-29,CD,1
body,40-2-291,CD,1
body,40-2-3,CD,2
body,40-2-30,CD,1
body,40-2-300,CD,1
body,40-2-301,CD,1
body,40-2-303,CD,1
body,40-2-307,CD,1
body,40-2-35,CD,1
body,40-2-37,CD,1
body,40-2-41,CD,1
body,40-2-53,CD,1
body,40-2-54,CD,1
body,40-2-55,CD,1
body,40-2-57,CD,1
body,40-2-6,CD,1
body,40-2-60,CD,1
body,40-2-62,CD,1
body,40-2-63,CD,1
body,40-2-64,CD,1
body,40-2-65,CD,1
body,40-2-69,CD,1
body,40-2-7,CD,1
body,40-2-73,CD,2
body,40-2-74,CD,1
body,40-2-77,CD,1
body,40-2-79,CD,1
body,40-2-8,CD,1
body,40-2-86,CD,1
body,40-2-88,CD,1
body,40-2-9,CD,1
body,40-2-92,CD,1
body,40-2-94,CD,1
body,40-2-95,CD,1
body,40-2-99,CD,1
body,40-3-1,CD,4
body,40-3-13,CD,1
body,40.250,CD,1
body,400,CD,24
body,4000,CD,1
body,400 00/100,CD,1
body,401,CD,13
body,402,CD,11
body,403,CD,15
body,404,CD,12
body,405,CD,22
body,406,CD,17
body,407,CD,5
body,"407,456",CD,1
body,408,CD,6
body,409,CD,12
body,40A,NN,6
body,40A,NNP,19
body,40A-G3,NNP,1
body,40m,CD,4
body,40m,NN,4
body,40n,CD,3
body,40n,JJ,1
body,40n,NN,6
body,40th,JJ,2
body,41,CD,19
body,41-2-234,CD,1
body,41-2-49,CD,1
body,41.1,CD,1
body,410,CD,14
body,"410,418",CD,1
body,411,CD,8
body,412,CD,8
body,413,CD,7
body,414,CD,6
body,414M,CD,1
body,415,CD,4
body,416,CD,10
body,417,CD,12
body,"417,447",CD,1
body,418,CD,8
body,"418,504,540,599",CD,1
body,419,CD,10
body,41A,CD,1
body,41m,NN,1
body,41n,CD,9
body,41n,NN,5
body,41st,CD,3
body,41st,JJ,1
body,42,CD,13
body,420,CD,7
body,420M,NNP,1
body,421,CD,20
body,422,CD,20
body,"422,423",CD,1
body,423,CD,15
body,424,CD,14
body,425,CD,24
body,"425,435,498",CD,1
body,426,CD,15
body,"426,429",CD,1
body,"426,446",CD,1
body,"426,458",CD,1
body,427,CD,10
body,428,CD,8
body,428.227,CD,1
body,429,CD,9
body,42A,NN,1
body,42d,CD,1
body,42d,VBD,2
body,42n,CD,1
body,42n,NN,5
body,42nd,NNP,1
body,43,CD,9
body,"43,243",CD,1
body,43-1-255,CD,1
body,43-1-677,CD,1
body,43-2-26,CD,1
body,430,CD,17
body,"430,445",CD,1
body,"430,522,525,548",CD,1
body,431,CD,17
body,"431,432",CD,1
body,"431,449",CD,1
body,432,CD,7
body,"432,433,440",CD,1
body,433,CD,7
body,"433,434",CD,2
body,"433,438",CD,1
body,"433,446",CD,1
body,"433,467",CD,1
body,434,CD,18
body,435,CD,6
body,436,CD,21
body,437,CD,10
body,438,CD,18
body,"438,453",CD,1
body,"438,488",CD,1
body,"438,497",CD,1
body,439,CD,12
body,43d,CD,2
body,43d,VBD,1
body,43m,NN,2
body,43n,CD,1
body,43n,NN,3
body,43rd,JJ,2
body,43th,JJ,1
body,44,CD,21
body,440,CD,19
body,"440,521",CD,1
body,441,CD,17
body,"441,442",CD,1
body,442,CD,14
body,443,CD,18
body,443D,NN,1
body,444,CD,24
body,445,CD,26
body,"445,472",CD,1
body,446,CD,19
body,"446,457",CD,1
body,447,CD,14
body,448,CD,19
body,449,CD,20
body,44E,NN,1
body,44m,CD,1
body,44m,NN,4
body,44n,CD,4
body,44n,NN,6
body,44th,JJ,1
body,45,CD,30
body,"45,000",CD,1
body,450,CD,19
body,4500,CD,1
body,451,CD,16
body,452,CD,16
body,"452,461",CD,1
body,"452,476",CD,1
body,453,CD,22
body,"453,455",CD,1
body,454,CD,18
body,455,CD,22
body,"455,475",CD,1
body,"455,476",CD,1
body,456,CD,22
body,456D,CD,1
body,457,CD,22
body,458,CD,12
body,"458,481,487,521",CD,1
body,459,CD,11
body,45A,NN,1
body,45m,CD,1
body,45m,NN,4
body,45n,CD,2
body,45n,NN,2
body,45th,JJ,2
body,46,CD,43
body,460,CD,25
body,"460,473",CD,1
body,460C,NN,1
body,461,CD,18
body,461A,NN,1
body,462,CD,15
body,463,CD,17
body,"463,499",CD,1
body,464,CD,8
body,465,CD,20
body,"465,468",CD,1
body,"465,596",CD,1
body,465B,NN,1
body,466,CD,8
body,467,CD,15
body,468,CD,16
body,469,CD,9
body,469C,NN,1
body,46A,NN,1
body,47,CD,68
body,"47,384",CD,1
body,"47,49",CD,1
body,"47,60",CD,2
body,47.384,CD,1
body,47.384.24,CD,1
body,470,CD,11
body,470S,NN,1
body,471,CD,12
body,"471,476",CD,1
body,472,CD,14
body,473,CD,15
body,4733,CD,1
body,474,CD,19
body,475,CD,24
body,476,CD,19
body,477,CD,19
body,"477,498",CD,1
body,478,CD,18
body,"478,488",CD,1
body,"478,497",CD,1
body,479,CD,13
body,"479,480",CD,1
body,47n,NN,1
body,48,CD,13
body,48.739,CD,1
body,480,CD,16
body,481,CD,15
body,"481,485",CD,1
body,482,CD,17
body,483,CD,16
body,484,CD,13
body,485,CD,22
body,486,CD,11
body,4863,CD,1
body,487,CD,21
body,487.39,CD,1
body,488,CD,21
body,489,CD,10
body,48m,CD,2
body,48n,CD,1
body,49,CD,19
body,"49,559",CD,1
body,49/100,CD,1
body,490,CD,10
body,"490,491",CD,1
body,491,CD,9
body,492,CD,10
body,493,CD,13
body,493G,NN,1
body,494,CD,13
body,495,CD,12
body,495M,NNP,1
body,496,CD,11
body,497,CD,6
body,498,CD,17
body,499,CD,18
body,4996,CD,1
body,49A,NN,1
body,49m,CD,1
body,49n,CD,3
body,49th,JJ,1
body,4:00,CD,17
body,4:10,CD,2
body,4:15,CD,6
body,4:20,CD,4
body,4:30,CD,11
body,4:35,CD,5
body,4:40,CD,1
body,4:45,CD,1
body,4:50,CD,3
body,4m,NN,5
body,4n,CD,1
body,4n,NN,6
body,4th,JJ,97
body,5,CD,134
body,5,UNK,2
body,"5,000",CD,1
body,5.000,CD,2
body,5.18,CD,2
body,5.51,CD,1
body,5.62,CD,1
body,5.921.93,CD,2
body,5/20s,NNS,1
body,50,CD,33
body,"50,000",CD,4
body,50-1-165,CD,1
body,50.000,CD,2
body,500,CD,35
body,500.000,CD,1
body,5000,CD,4
body,"5000,00",CD,1
body,50000,CD,1
body,501,CD,20
body,502,CD,21
body,503,CD,11
body,504,CD,17
body,505,CD,23
body,5050,CD,1
body,5058,CD,1
body,506,CD,24
body,507,CD,24
body,"507,545",CD,1
body,508,CD,16
body,509,CD,20
body,51,CD,14
body,"51,039,134.20",CD,1
body,51-1-1822,CD,1
body,510,CD,23
body,511,CD,15
body,512,CD,12
body,513,CD,17
body,514,CD,14
body,515,CD,11
body,516,CD,8
body,517,CD,22
body,518,CD,21
body,519,CD,7
body,51n,CD,3
body,51n,NN,1
body,52,CD,10
body,520,CD,21
body,521,CD,23
body,522,CD,24
body,"522,535",CD,1
body,523,CD,21
body,523E,NN,1
body,524,CD,11
body,"524,525",CD,2
body,"524,525,543",CD,1
body,525,CD,18
body,526,CD,29
body,527,CD,16
body,528,CD,9
body,52m,NN,1
body,52n,CD,2
body,52n,NN,17
body,53,CD,15
body,530,CD,10
body,531,CD,17
body,532,CD,19
body,533,CD,24
body,534,CD,32
body,535,CD,23
body,535M,NN,1
body,536,CD,23
body,537,CD,18
body,537G,NN,1
body,538,CD,22
body,538S,NN,1
body,539,CD,10
body,53M,NN,1
body,53n,NN,2
body,54,CD,12
body,54.664,CD,1
body,54.9,CD,1
body,540,CD,24
body,540.000,CD,1
body,541,CD,16
body,542,CD,10
body,543,CD,9
body,544,CD,17
body,545,CD,23
body,546,CD,22
body,"546,563",CD,1
body,547,CD,12
body,"547,549",CD,1
body,548,CD,16
body,"548,557",CD,1
body,"548,574",CD,1
body,548P,NN,1
body,549,CD,26
body,54m,CD,1
body,54m,NN,9
body,54n,CD,2
body,54n,NN,4
body,55,CD,164
body,"55,255",CD,1
body,550,CD,18
body,551,CD,19
body,552,CD,17
body,553,CD,14
body,553A,NN,1
body,554,CD,18
body,555,CD,21
body,556,CD,33
body,557,CD,18
body,558,CD,26
body,559,CD,16
body,55m,NN,4
body,55n,NN,6
body,56,CD,125
body,"56,750.00",CD,1
body,56.750.00,CD,1
body,560,CD,21
body,561,CD,7
body,562,CD,24
body,563,CD,17
body,564,CD,12
body,565,CD,12
body,566,CD,25
body,567,CD,23
body,567B,NN,2
body,568,CD,24
body,569,CD,21
body,56th,JJ,1
body,57,CD,24
body,57,UNK,1
body,57.1,CD,6
body,57.7,CD,1
body,570,CD,22
body,571,CD,17
body,572,CD,13
body,573,CD,26
body,574,CD,15
body,575,CD,28
body,576,CD,16
body,577,CD,18
body,578,CD,4
body,579,CD,18
body,"579,580",CD,1
body,57A,NN,1
body,58,CD,19
body,580,CD,17
body,581,CD,12
body,581.228.39,CD,1
body,581P,NN,1
body,582,CD,23
body,583,CD,11
body,583A,NN,1
body,584,CD,15
body,585,CD,13
body,586,CD,18
body,587,CD,8
body,588,CD,13
body,589,CD,23
body,58m,CD,1
body,58m,NN,10
body,58n,NN,1
body,59,CD,17
body,"59,725",CD,1
body,"59,916",CD,1
body,590,CD,23
body,591,CD,31
body,592,CD,21
body,593,CD,21
body,593A,NN,1
body,594,CD,14
body,595,CD,21
body,596,CD,15
body,597,CD,7
body,598,CD,10
body,599,CD,19
body,599C,NN,1
body,59n,CD,2
body,59n,NN,4
body,5:00,CD,11
body,5:15,CD,1
body,5:20,CD,2
body,5:30,CD,2
body,5:35,CD,1
body,5:38,CD,1
body,5:40,CD,1
body,5:50,CD,2
body,5M,NN,2
body,5O6,NNP,1
body,5TH,NN,3
body,5TH,NNP,1
body,5m,NN,5
body,5m-7m,NN,1
body,5n,NN,11
body,5th,JJ,99
body,5th,NN,19
body,5th.-If,NN,1
body,6,CD,123
body,6.67,CD,1
body,6.702,CD,1
body,6/65,CD,1
body,6/68,CD,1
body,60,CD,93
body,60,NNP,1
body,60.00,CD,1
body,"600,000.00",CD,1
body,600.000,CD,1
body,6000,CD,3
body,60000,CD,1
body,601,CD,1
body,603,CD,1
body,605,CD,1
body,608M,NNP,1
body,609,CD,1
body,60m,CD,1
body,60m,NN,7
body,60n,CD,7
body,60n,JJ,2
body,60n,NN,4
body,60n,VB,1
body,61,CD,9
body,611,CD,1
body,613,CD,1
body,615,CD,1
body,617,CD,1
body,619,CD,1
body,619A,NNP,1
body,61P,NNP,1
body,61m,CD,1
body,61m,NN,1
body,61n,CD,1
body,61n,JJ,2
body,61n,NN,6
body,62,CD,13
body,"62,465",CD,1
body,62/100,CD,2
body,621,CD,1
body,623,CD,1
body,625,CD,1
body,627,CD,1
body,6283,CD,1
body,629,CD,1
body,62d,CD,1
body,62n,CD,6
body,62n,NN,4
body,62n,NNP,2
body,63,CD,19
body,630,CD,1
body,631,CD,1
body,"632,500",CD,1
body,633,CD,1
body,633P,NN,1
body,635,CD,1
body,636,CD,1
body,637,CD,1
body,639,CD,1
body,63A,NNP,1
body,63m,CD,4
body,63m,NN,12
body,63m,NNP,1
body,64,CD,25
body,641,CD,1
body,642-3405,CD,1
body,643,CD,1
body,645,CD,2
body,647,CD,1
body,649,CD,1
body,64m,NN,3
body,64n,CD,6
body,64n,JJ,1
body,64n,NN,6
body,64n,NNP,1
body,65,CD,26
body,65/100,CD,1
body,651,CD,1
body,652A,NNP,1
body,653,CD,1
body,656A,CD,1
body,65m,NN,1
body,66,CD,23
body,"66,512",CD,1
body,66.152,CD,1
body,66.25,CD,1
body,66.308.00,CD,1
body,6600,CD,1
body,66000,CD,1
body,66152,CD,1
body,66n,NN,1
body,67,CD,32
body,670220,CD,3
body,670A,NNP,1
body,672M,NNP,1
body,677M,NNP,1
body,67m,CD,3
body,67n,CD,3
body,67n,NN,1
body,68,CD,25
body,"68,800",CD,1
body,68.96,CD,1
body,68m,CD,5
body,68m,NN,3
body,68n,CD,1
body,68n,NN,1
body,69,CD,10
body,"69,807",CD,1
body,6968,CD,1
body,69m,NN,1
body,69n,CD,2
body,69n,JJ,1
body,69n,NN,6
body,6:00,CD,4
body,6:15,CD,1
body,6:30,CD,3
body,6:52,CD,1
body,6:55,CD,1
body,6O7,CD,1
body,6m,NN,5
body,6n,NN,12
body,6th,JJ,67
body,7,CD,105
body,7,UNK,3
body,"7,279",CD,1
body,"7,456.396.39",CD,1
body,7.,UNK,1
body,7.197,CD,1
body,70,CD,21
body,"70,812",CD,1
body,70.758,CD,2
body,70.812,CD,1
body,7000,CD,1
body,706M,NNP,1
body,708.569.42,CD,1
body,708A,NNP,1
body,708PCB,NNP,1
body,70m,CD,2
body,70n,CD,3
body,70n,JJ,1
body,70th,JJ,1
body,71,CD,11
body,"71,309",CD,1
body,"71,817",CD,1
body,"71,820",CD,1
body,71m,CD,1
body,71n,CD,3
body,71n,NN,1
body,72,CD,9
body,720.000,CD,1
body,721A,NNP,1
body,723A,NNP,2
body,72n,CD,7
body,72n,NN,2
body,73,CD,22
body,737,CD,1
body,73m,CD,3
body,73n,CD,2
body,74,CD,16
body,742,CD,1
body,747,CD,1
body,74A,NNP,1
body,74m,CD,6
body,74m,NN,1
body,74m,NNP,9
body,74n,CD,10
body,74n,NN,1
body,74n,NNP,4
body,75,CD,23
body,"75,000",CD,1
body,"75,000.00",CD,1
body,751W,NNP,1
body,7550,CD,1
body,756P,NNP,1
body,75m,CD,7
body,75m,NN,3
body,75n,CD,6
body,75n,NN,3
body,75n,NNP,2
body,76,CD,23
body,766,CD,1
body,76m,CD,4
body,76m,NN,1
body,76n,CD,13
body,76n,NN,1
body,76th,JJ,1
body,77,CD,29
body,774M,NNP,1
body,775M,NNP,1
body,7765,CD,1
body,777,CD,1
body,77N,NNP,1
body,77m,NN,3
body,77n,CD,4
body,77n,NN,4
body,78,CD,5
body,782H,NNP,1
body,787,CD,5
body,787P,NNP,2
body,78A,NNP,1
body,78F,NN,1
body,78m,CD,11
body,78m,NN,5
body,78m,NNP,1
body,78n,CD,3
body,78n,NN,1
body,79,CD,10
body,791W,NNP,1
body,793M,NNP,1
body,795,CD,1
body,798.55,CD,1
body,798P,NNP,1
body,79m,CD,2
body,79m,NN,1
body,79n,CD,13
body,79n,NN,5
body,79n,SYM,1
body,79th,JJ,1
body,7:00,CD,8
body,7:15,CD,3
body,7:25,CD,2
body,7:30,CD,8
body,7:35,CD,1
body,7:55,CD,1
body,7m,NN,2
body,7n,CD,1
body,7n,NN,2
body,7th,CD,4
body,7th,JJ,38
body,7th,NN,3
body,7th,NNP,4
body,7th/68,CD,1
body,8,CD,144
body,"8,110",CD,1
body,"8,220",CD,1
body,"8,9",CD,1
body,8.000,CD,1
body,8/63,CD,1
body,80,CD,14
body,80.00,CD,1
body,80/100,CD,1
body,800,CD,4
body,8000,CD,1
body,800P,CD,1
body,807,CD,1
body,808W,CD,2
body,8093,CD,1
body,809M,CD,1
body,80m,CD,5
body,80m,NN,5
body,80n,CD,9
body,80n,NN,1
body,80n,SYM,1
body,81,CD,7
body,"81,468",CD,1
body,816P,NN,1
body,81m,CD,1
body,81m,NN,1
body,81n,CD,3
body,81n,NN,8
body,82,CD,11
body,"82,551.65",CD,1
body,825.05,CD,1
body,827M,NNP,1
body,82P,NN,1
body,82n,CD,6
body,82n,NN,8
body,83,CD,10
body,832M,NNP,2
body,833W,NN,1
body,837,CD,1
body,83m,CD,1
body,83m,NN,3
body,83n,CD,1
body,83n,NN,7
body,84,CD,18
body,"842,004",CD,1
body,849,CD,1
body,84m,NN,1
body,84n,RB,2
body,85,CD,13
body,8573 24/100,CD,2
body,85m,CD,3
body,85m,NN,10
body,85n,CD,1
body,85n,NN,5
body,86,CD,15
body,86m,CD,2
body,86m,NN,2
body,86n,CD,4
body,86n,NN,12
body,87,CD,5
body,87.701,CD,1
body,871,CD,1
body,872,CD,1
body,873H,NN,1
body,87m,CD,1
body,87n,CD,6
body,87n,NN,13
body,88,CD,31
body,887W,NN,1
body,88m,CD,1
body,88m,NN,8
body,88n,CD,1
body,88n,NN,3
body,89,CD,15
body,"89,007",CD,1
body,"89,289",CD,1
body,896M,NNP,1
body,897,CD,2
body,89m,NN,3
body,89n,CD,1
body,89n,NN,17
body,8:00,CD,8
body,8:10,CD,1
body,8:20,CD,3
body,8:25,CD,1
body,8:30,CD,7
body,8:35,CD,1
body,8:40,CD,5
body,8:45,CD,1
body,8m,NN,1
body,8n,NN,3
body,8th,JJ,38
body,9,CD,133
body,9,UNK,3
body,"9,258",CD,1
body,"9,511",CD,1
body,"9,960",CD,1
body,9.22,CD,1
body,9.5,CD,1
body,90,CD,11
body,90.00,CD,1
body,90.000,CD,1
body,906W,NN,1
body,90m,CD,2
body,90m,NN,4
body,90n,CD,2
body,90n,NN,3
body,91,CD,18
body,"91,808",CD,1
body,917,CD,1
body,918,CD,1
body,91n,CD,1
body,91n,NN,3
body,91n,NNP,1
body,92,CD,52
body,"92,590",CD,1
body,922/100,CD,1
body,927M,NNP,1
body,92n,CD,6
body,92n,NN,5
body,93,CD,10
body,932M,NNP,1
body,93m,CD,3
body,93m,NN,9
body,93n,CD,1
body,93n,NN,1
body,94,CD,257
body,94720-6000,CD,1
body,94m,NN,3
body,94n,CD,1
body,94n,NN,10
body,95,CD,11
body,95/100,CD,1
body,955W,NN,1
body,957,CD,1
body,95I,NN,1
body,95m,NN,3
body,95n,CD,6
body,95n,NN,13
body,96,CD,5
body,96m,NN,4
body,96m-97n,NN,1
body,96n,CD,1
body,96n,NN,11
body,96th,JJ,1
body,97,CD,13
body,97.000,CD,1
body,97.000.00,CD,1
body,973.8,CD,1
body,977,CD,1
body,97n,CD,7
body,97n,NN,12
body,98,CD,26
body,"98,99",CD,1
body,989S,NNS,1
body,99,CD,15
body,991W,CD,1
body,993C,CD,1
body,996W,CD,1
body,99m,CD,9
body,99n,CD,13
body,99th,CD,2
body,9:00,CD,24
body,9:15,CD,4
body,9:20,CD,4
body,9:25,CD,2
body,9:30,CD,13
body,9:40,CD,2
body,9:45,CD,5
body,9:55,CD,1
body,9et,VB,1
body,9n,NN,10
body,9th,JJ,48
body,:,:,513
body,:,UNK,15
body,;,:,3136
body,;,UNK,10
body,;*,UNK,1
body,;-RRB-,NN,1
body,==,NN,1
body,>,JJR,1
body,?,.,141
body,?----,UNK,1
body,A,DT,114
body,A,NN,13
body,A,NNP,15
body,A,UNK,6
body,A.,NN,130
body,A.,NNP,295
body,A.C.,NNP,1
body,A.M.,NN,171
body,A.M.,NNP,18
body,A137,NN,1
body,A577,NN,1
body,A584,NN,1
body,AAG,NNP,1
body,ABPC,NNP,1
body,ACP,NN,21
body,ACP,NNP,40
body,ACTG,NNP,1
body,AD,NN,1
body,ADM.L,NNP,1
body,ADS,NNPS,2
body,ADf,NN,6
body,ADf,NNP,3
body,ADfS,NN,8
body,ADfS,NNP,2
body,AE,NN,11
body,AES,NN,100
body,AFFAIRs,NNS,1
body,AFTER,IN,1
body,AFlorence,NNP,1
body,AG,NNP,26
body,AG.-ADf,NN,1
body,AGO,NN,2
body,AGO,NNP,12
body,AGO.,NNP,1
body,AL,NNP,8
body,ALA.,NNP,1
body,ALL,NN,2
body,ALLEN,NNP,2
body,ALMosT,RB,1
body,ALS,NN,390
body,ALS,NNP,289
body,AM,NNP,1
body,AN,DT,16
body,AND,CC,4
body,ANDREw,NNP,2
body,ANS,NN,8
body,ANS,NNP,1
body,ANY,NNP,1
body,APR-23,NNP,1
body,APRIL,NN,5
body,APRIL,NNP,41
body,ARMY,NNP,1
body,AS,JJ,1
body,ASSISTANT,NNP,2
body,ASSOCIATE,NNP,1
body,ATLANTA,NNP,14
body,ATTY.,NNP,1
body,ATToRNEY,NN,1
body,AUGUR,NNP,1
body,AUS,NNP,2
body,AVd,UNK,1
body,Aa,NN,1
body,Aaron,NNP,1
body,Abandoned,NNP,10
body,Abbott,NNP,5
body,Abbreviations,NNS,3
body,Abercrombi,NNP,2
body,Abercrombie,NN,1
body,Abercrombie,NNP,12
body,Able,JJ,3
body,Abound,VB,1
body,About,IN,10
body,Above,IN,2
body,Abraham,NNP,7
body,Absalom,NNP,3
body,Absence,NN,3
body,Abstract,JJ,1
body,Abstract,NNP,1
body,Academic,NNP,2
body,Academy,NN,4
body,Academy,NNP,27
body,Acapulco,NNP,3
body,Accept,VB,2
body,Accompanying,VBG,1
body,According,VBG,2
body,Accordingly,RB,1
body,Account,NNP,3
body,Accounting,NN,1
body,Accounts,NNPS,9
body,Accused,NNP,15
body,Acedamy,NNP,1
body,Acknowledge,NNP,1
body,Acknowledges,VBZ,1
body,Acknowledging,VBG,1
body,Acomplish,NNP,1
body,Acres,NNS,3
body,Act,NN,20
body,Act,NNP,108
body,Actg,NNP,2
body,Actif,NNP,1
body,Acting,NN,7
body,Acting,NNP,10
body,Action,NNP,1
body,Acts,NNS,50
body,Acts,VBZ,2
body,Acts.-But,NN,1
body,Ad,NNP,5
body,Adam,NNP,15
body,Adams,NNP,19
body,Add,VB,3
body,Added,VBN,1
body,Addison,NNP,1
body,Additional,JJ,9
body,Addl,NNP,2
body,Address,NNP,2
body,Adelbert,NNP,5
body,Adj,NNP,2
body,Adj.,NNP,14
body,Adjt,NN,1
body,Adjt,NNP,6
body,Adjutant,JJ,1
body,Adjutant,NN,3
body,Adjutant,NNP,40
body,Adjutants,NNP,1
body,Adm.,NNP,1
body,Administration,NN,6
body,Administration,NNP,3
body,Administrations,NNS,1
body,Administrative,JJ,1
body,Admiral,NN,10
body,Adoption,NN,1
body,Adults,NNS,1
body,Advising,NNP,1
body,Advo,NNP,2
body,Advocate,NNP,90
body,Advocates,NNS,5
body,Aeronautics,NNP,1
body,Affairs,NNP,19
body,Affairs,NNPS,1
body,Affectionate,JJ,1
body,Affomatox,NNP,1
body,Afraid,NNP,1
body,After,IN,50
body,Again,RB,9
body,Against,IN,7
body,Agassiz,NNP,3
body,Agency,NNP,2
body,Agent,NNP,28
body,Agents,NNPS,2
body,Agents,NNS,5
body,Ages,NNPS,1
body,Agie,NNP,1
body,Ago,RB,1
body,Agreeably,RB,1
body,Agricultural,NNP,2
body,Agriculture,NNP,1
body,Agt,NNP,1
body,Aid,NN,1
body,Aid,NNP,1
body,Aide-de-Camp,NNP,3
body,Aids,NNS,1
body,Aiken,NNP,4
body,Air,NNP,2
body,Airy,NNP,3
body,Ala,NNP,8
body,Ala.,NNP,40
body,Alabam,NNP,1
body,Alabama,NNP,66
body,Alabama.-I,NN,1
body,Alas,RB,1
body,Alaska,NNP,8
body,Albany,NNP,2
body,Albert,NNP,20
body,Albion,NNP,2
body,Albuquerque,NNP,3
body,Alcatraz,NNP,2
body,Alderman,NNP,7
body,Aldermen,NNP,23
body,Aldermen,NNPS,1
body,Aldermen,NNS,1
body,Aldrich,NNP,5
body,Alex.,NNP,1
body,Alexander,NNP,50
body,Alexandria,NNP,14
body,Alfred,NNP,15
body,Algernon,NNP,1
body,Alice,NNP,2
body,All,DT,28
body,All,NNP,1
body,All,PDT,15
body,Alleman,NNP,2
body,Allen,NNP,19
body,Allow,VB,6
body,Alludis,NNP,3
body,Alman,NNP,3
body,Almost,RB,1
body,Almy,NNP,2
body,Alow,VB,1
body,Alowed,NNP,1
body,Alphonse,NNP,2
body,Already,RB,1
body,Also,RB,17
body,Alth,NNP,1
body,Although,IN,9
body,Alvan,NNP,8
body,Alvin,NNP,2
body,Alvord,NNP,3
body,Am,VBP,4
body,Amasa,NNP,1
body,Ambrose,NNP,7
body,Ambulanc,NN,1
body,Ambulance,NN,1
body,Ambulance,NNP,1
body,Ambulances,NNPS,3
body,Amendment,NN,7
body,Amendment,NNP,16
body,Amendments,NNP,1
body,America,NNP,7
body,American,JJ,16
body,American,NNP,5
body,Americans,NNPS,2
body,Ames,NNP,13
body,Amherst,NNP,2
body,Amiel,NNP,1
body,Ammen,NNP,3
body,Ammunition,NNP,1
body,Amnesty,NNP,6
body,Among,IN,3
body,Amos,NNP,8
body,Amount,NN,2
body,Amount,NNP,3
body,An,DT,22
body,And,CC,63
body,Anderson,NNP,2
body,Andersonville,NNP,4
body,Andrew,NNP,144
body,Andrews,NNP,14
body,Angeles,NNP,2
body,Angelo,NNP,3
body,Angroine,NN,1
body,Angroine,NNP,2
body,Animas,NNP,2
body,Ann,NNP,1
body,Anna,NNP,2
body,Annapolis,NNP,15
body,Anne,NNP,3
body,Annenkoff,NNP,2
body,Annie,NNP,1
body,Annonimos,NNP,1
body,Annual,JJ,8
body,Anonymous,JJ,2
body,Another,DT,2
body,Anough,NNP,1
body,Ansell,NNP,2
body,Ansestery,NNP,1
body,Anson,NNP,1
body,Answer,NN,9
body,Answer,NNP,2
body,Antetam,NNP,1
body,Anthoine,NNP,1
body,Anthony,NNP,2
body,Anti,NNP,1
body,Antietam,NNP,1
body,Antiquarian,NNP,1
body,Antoinette,NNP,1
body,Antonio,NNP,12
body,Antrobus,NNP,3
body,Anual,JJ,1
body,Any,DT,14
body,Anything,NN,1
body,Ap,NN,1
body,Apaches,NNPS,5
body,Apl,NN,2
body,Apl,NNP,17
body,Appendix,NN,1
body,Applegate,NN,1
body,Application,NN,8
body,Applications,NNS,14
body,Appointment,NN,3
body,Appointments,NNS,2
body,Appomattox,NNP,4
body,Appraisers,NNPS,1
body,Appropriation,NNP,1
body,Appropriations,NNP,3
body,Appropriations,NNS,5
body,Approved,NNP,2
body,Approved,VBN,15
body,Apr.,NN,1
body,Apr.,NNP,1
body,April,NNP,214
body,Aqueduct,NNP,1
body,Aquia,NNP,2
body,Aral,NNP,1
body,Arapahoe,NNP,1
body,Arapahoes,NNS,1
body,Arapahos,NNS,1
body,Arbor,NNP,1
body,Arbuckle,NNP,6
body,Archbishop,NNP,2
body,Architect,NNP,2
body,Archive,NNP,11
body,Archives,NNPS,8
body,Archives,NNS,4
body,Archuleta,NNP,1
body,Archuletta,NNP,2
body,Are,VBP,3
body,Aries,FW,2
body,Aries,NNS,1
body,Aristide,NNP,1
body,Arizona,NNP,14
body,Ark,NNP,3
body,Ark.,NNP,34
body,Arkansas,NNP,38
body,Arlington,NNP,8
body,Arm,NN,2
body,Armey,NNP,1
body,Armies,NNPS,3
body,Armies,NNS,9
body,Armistead,NNP,1
body,Armor,NNP,1
body,Armorey,NNP,1
body,Armories,NNPS,1
body,Armory,NN,1
body,Armory,NNP,6
body,Armstrong,NNP,4
body,Army,NNP,875
body,Armychops,NNP,1
body,Armyies,NNS,1
body,Arnold,NNP,5
body,Arny,NNP,3
body,Around,IN,1
body,Aroute,NN,1
body,Arraign,VB,1
body,Arrapahoes,NNPS,3
body,Arrested,VBN,1
body,Arrived,VBD,2
body,Arrived,VBN,1
body,Arround,NNP,1
body,Arsenal,NN,1
body,Arsenal,NNP,16
body,Arsenals,NNPS,1
body,Art,NNP,5
body,Art.,NN,6
body,Art.,NNP,2
body,Arthur,NNP,5
body,Article,NNP,17
body,Articles,NNPS,8
body,Artilery,NN,1
body,Artillery,NN,10
body,Artillery,NNP,17
body,Artist,NNP,3
body,Arts,NNS,1
body,Arty,NNP,6
body,As,IN,109
body,As,RB,13
body,Asa,NNP,3
body,Asaph,NNP,2
body,Ashburn,NNP,9
body,Ashburne,NNP,1
body,Ashburton,NNP,1
body,Asher,NNP,2
body,Ashley,NNP,3
body,Asias,NNPS,1
body,Ask,VB,1
body,Asking,VBG,1
body,Asks,NNS,1
body,Ass,NNP,1
body,Assassination,NN,1
body,Assay,NN,2
body,Assembly,NN,2
body,Assembly,NNP,7
body,Assessor,NN,1
body,Assessor,NNP,4
body,Assist,NNP,1
body,Assist,VB,1
body,Assistant,NNP,33
body,Associated,NNP,1
body,Association,NNP,10
body,Associations,NNS,1
body,Asst,NNP,19
body,Asst.,NN,1
body,Asst.,NNP,41
body,Asstt,NNP,1
body,Assylums,NNPS,1
body,Asylum,NN,1
body,Asylum,NNP,3
body,At,IN,105
body,Atchieson,NN,1
body,Atchieson,NNP,2
body,Atchison,NNP,1
body,Athens,NNP,2
body,Atlanta,NNP,49
body,Atlanta.-The,NNP,1
body,Atlantic,JJ,1
body,Atlantic,NNP,24
body,Attention,NN,4
body,Attorney,NNP,102
body,Attorneys,NNP,3
body,Attornies,NNPS,2
body,Atty,NN,1
body,Atty,NNP,10
body,Atty.,NN,1
body,Atty.,NNP,4
body,Atty.,VB,4
body,Atwater,NNP,2
body,Atwood,NNP,3
body,Au-pau-mut,NNP,1
body,Auburn,NNP,3
body,Auburndale,NNP,3
body,Auchenleck,NNP,3
body,Auction,NNP,3
body,Auditor,NN,4
body,Auditor,NNP,2
body,Auditors,NNS,1
body,Aug,NNP,4
body,Aug.,NNP,29
body,Augt,NNP,1
body,Augur,NNP,21
body,August,NNP,30
body,Augusta,NNP,12
body,Augustine,NNP,8
body,Augustus,NNP,4
body,Aupaumut,NNP,1
body,Austin,NNP,11
body,Austria,NNP,1
body,Authorites,NNPS,1
body,Authorities,NNP,8
body,Authorities,NNS,6
body,Authority,NNP,9
body,Authorizing,VBG,1
body,Autobees,NNS,1
body,Autograph,NN,3
body,Autograph,NNP,6
body,Autographs,NNPS,1
body,Autumn,NN,1
body,Avenue,NNP,1
body,Avery,NNP,5
body,Avoiding,VBG,1
body,Awarded,VBN,1
body,Ax,NNP,1
body,B,NN,6
body,B,NNP,6
body,B,UNK,1
body,B.,NNP,249
body,B.-By,NNP,1
body,B.C.,NNP,1
body,B1,NN,1
body,B1100,NN,1
body,B1959,NNP,1
body,B1974,NNP,1
body,B2171,NNP,1
body,B2174,NNP,1
body,B23,NN,1
body,B310,NNP,1
body,B333,NN,1
body,B406,NNP,1
body,B423,NN,2
body,BAILEY,NNP,1
body,BEEN-Preserved,JJ,1
body,BEING,VBG,1
body,BELOW,IN,1
body,BERKELEY,NNP,2
body,BERKELEY,UNK,1
body,BLUNT,NNP,1
body,BOARD,NNP,1
body,BOIOANI,UNK,1
body,BOIOANI‘ONI,UNK,1
body,BOOKS,NNS,1
body,BREVET,NNP,1
body,BREveT,NNP,1
body,BREvet,NNP,2
body,BRIG.,NNP,1
body,BRODHEAD,NNP,1
body,BROTHER,NNP,1
body,BT,NNP,3
body,BUCHANAN,NNP,5
body,BVT,NNP,6
body,BVt,NN,3
body,BXWT,UNK,1
body,BY,IN,1
body,Babbit,NNP,1
body,Babbitt,NNP,7
body,Babcock,NNP,9
body,Baber,NNP,2
body,Bache,NNP,4
body,Bachelder,NN,1
body,Bachelder,NNP,1
body,Bachman,NNP,2
body,Back,RB,1
body,Badeau,NNP,17
body,Badge,NNP,1
body,Bail,NN,1
body,Bailey,NNP,17
body,Bailiffs,NNS,1
body,Bainbridge,NNP,6
body,Baird,NNP,2
body,Baker,NNP,30
body,Bakers,NNPS,1
body,Bakers,NNS,2
body,Baldey,NN,1
body,Baldwin,NNP,2
body,Baldy,NNP,4
body,Ballard,NNP,3
body,Balloon,NN,10
body,Balt,NN,1
body,Baltimore,NNP,34
body,Bancroft,NNP,2
body,Band,NN,2
body,Bands,NNS,1
body,Bangor,NNP,2
body,Bank,NNP,18
body,Banker,NNP,1
body,Bankrupt,JJ,1
body,Banks,NNP,5
body,Banks,NNS,6
body,Baptist,NNP,4
body,Baptiste,NNP,2
body,Bar,NNP,4
body,Barber,NNP,1
body,Barge,NN,2
body,Barlow,NNP,5
body,Barnard,NNP,2
body,Barnas,NNP,1
body,Barnes,NNP,2
body,Barney,NNP,4
body,Barns,NNS,1
body,Barnwell,NNP,8
body,Baron,NNP,3
body,Barracks,NNP,7
body,Barracks,NNPS,4
body,Barral,NNP,1
body,Barrells,NNS,1
body,Barret,NNP,2
body,Barrett,NNP,5
body,Barricks,NNP,1
body,Barring,VBG,1
body,Barrington,NNP,3
body,Barroll,NNP,1
body,Barry,NNP,9
body,Bartlet,NNP,1
body,Bartlett,NNP,8
body,Bartlette,NN,1
body,Bartlette,NNP,1
body,Barton,NNP,1
body,Bascom,NNP,2
body,Basler,NNP,1
body,Bassett,NNP,3
body,Batchelder,NNP,4
body,Bates,NNP,2
body,Batt,NNP,1
body,Battalion,NN,5
body,Battels,NNP,1
body,Batteries,NNPS,1
body,Batteries,NNS,2
body,Battery,NN,7
body,Battery,NNP,1
body,Battle,NN,7
body,Battle,NNP,2
body,Battles,NNS,3
body,Baugh,NNP,3
body,Baxter,NNP,6
body,Bay,NNP,1
body,Bayard,NNP,2
body,Baylers,NNP,1
body,Baylor,NNP,1
body,Bayne,NN,1
body,Bayne,NNP,8
body,Bayou,NNP,2
body,Bayse,NNP,2
body,Be,VB,9
body,Beale,NNP,5
body,Beall,NNP,3
body,Bearer,NNP,2
body,Beaufort,NNP,2
body,Beaupré,NNP,1
body,Beauregard,NNP,2
body,Beauro,NNP,1
body,Because,IN,1
body,Beck,NNP,2
body,Beckwith,NNP,5
body,Become,VB,1
body,Bedford,NNP,3
body,Beebe,NNP,1
body,Beebee,NNP,1
body,Beecher,NNP,2
body,Before,IN,14
body,Behalf,NN,1
body,Being,VBG,14
body,Bel,NNP,2
body,Belen,NNP,1
body,Belfast,NNP,1
body,Belg,NNP,1
body,Belger,NNP,1
body,Belgers,NNP,1
body,Belgian,JJ,2
body,Belgium,NNP,2
body,Believing,NNP,1
body,Believing,VBG,2
body,Belknap,NNP,1
body,Bell,NNP,5
body,Bellbraugh,NNP,2
body,Belongs,NNPS,1
body,Ben,NNP,9
body,Bend,NNP,1
body,Bender,NNP,1
body,Benefit,NNP,1
body,Benito,NNP,1
body,Benj,NNP,3
body,Benjamin,NNP,49
body,Benoist,NNP,2
body,Benton,NNP,6
body,Bentonville,NNP,2
body,Berg,NNP,1
body,Bergen,NNP,2
body,Bergholz,NNP,3
body,Bergman,NNP,2
body,Berkeley,NNP,6
body,Berlin,NNP,1
body,Bermuda,NNP,5
body,Bernalillo,NNP,3
body,Bernard,NNP,2
body,Bernd,NNP,2
body,Berne,NNP,1
body,Bernside,NNP,1
body,Beroth,NNP,2
body,Berry,NNP,10
body,Bert,NNP,1
body,Beside,IN,1
body,Besides,IN,5
body,Between,IN,3
body,Bey,NNP,3
body,Bibliographical,JJ,1
body,Bickmore,NN,1
body,Bickmore,NNP,1
body,Biddle,NNP,2
body,Biennial,NNP,4
body,Big,JJ,2
body,Biles,NNP,1
body,Bill,NN,1
body,Bill,NNP,26
body,Billings,NNS,4
body,Bills,NNS,2
body,Binckley,NN,1
body,Binckley,NNP,5
body,Bingham,NNP,7
body,Binkley,NNP,1
body,Binny,NNP,2
body,Biography,NN,3
body,Bird,NNP,2
body,Birney,NNP,1
body,Bishop,NNP,2
body,Bismarck,NNP,2
body,Biłł,NNP,1
body,Bks,NNP,3
body,Black,JJ,5
body,Black,NNP,17
body,Blacks,NNPS,14
body,Blacque,NNP,3
body,Blaine,NNP,2
body,Blair,NNP,10
body,Blake,NNP,3
body,Blankets,NNS,2
body,Bliss,NNP,6
body,Blockade,NN,1
body,Blodgett,NNP,5
body,Bloomington,NNP,2
body,Blouses,NNS,1
body,Blue,JJ,1
body,Blue,NNP,2
body,Bluffs,NNP,2
body,Blumhaven,NNP,2
body,Blunt,NNP,6
body,Board,NNP,89
body,Boards,NNS,13
body,Boat,NNP,2
body,Body,NN,1
body,Bohm,NNP,2
body,Bohn,NNP,1
body,Boker,NNP,2
body,Bolles,NNP,4
body,Bomford,NNP,2
body,Bommer,NNP,1
body,Bond,NN,1
body,Bond,NNP,1
body,Bonds,NNP,3
body,Bonds,NNS,9
body,Bonfoey,NN,1
body,Bonfoey,NNP,1
body,Bonham,NNP,3
body,BonnER,NNP,1
body,Bonner,NNP,9
body,Book-Prices,NNP,1
body,Books,NNPS,1
body,Books,NNS,4
body,Boonton,NNP,2
body,Bootes,NNP,1
body,Bootes,NNS,1
body,Booth,NNP,2
body,Boreman,NNP,4
body,Borreman,NNP,1
body,Borthwick,NNP,1
body,Bosque,NNP,7
body,Bossanger,NNP,2
body,Bosson,NNP,3
body,Boston,NNP,26
body,Both,CC,3
body,Both,DT,6
body,Bothwick,NNP,1
body,Botts,NNP,4
body,Botts,NNS,1
body,Bought,NNP,1
body,Bound,VBN,401
body,Bounty,NNP,9
body,Boutwell,NNP,2
body,Bowdoin,NNP,2
body,Bowen,NNP,4
body,Bowers,NNP,2
body,Bowlby,NNP,2
body,Bowling,NNP,3
body,Bown,NNP,2
body,Bown,VBN,1
body,Box,NNP,3
body,Box?Pray,NN,1
body,Boy,NN,4
body,Boy,NNP,2
body,Boyds,NNP,3
body,Boynton,NNP,3
body,Boys,NNPS,1
body,Braddock,NNP,3
body,Bradford,NNP,24
body,Bragg,NNP,3
body,Bramlette,NNP,2
body,Branch,NNP,4
body,Brannan,NNP,3
body,Branner,NNP,4
body,Braughn,NNP,3
body,Braxton,NNP,2
body,Brazil,NNP,4
body,Brazilian,JJ,1
body,Brazos,NNP,2
body,Breach,NN,1
body,Breck,NNP,2
body,Breckinridge,NNP,7
body,Breeds,NNS,1
body,Bressast,NNP,1
body,Bretney,NNP,2
body,Brevet,NNP,73
body,Brevets,NNP,1
body,Brevets,NNS,11
body,Brevetted,VBN,1
body,Brevt,NNP,3
body,Brice,NNP,13
body,Bridge,NNP,4
body,Bridgeport,NNP,2
body,Bridger,NNP,5
body,Bridges,NNP,5
body,Bridges,NNPS,3
body,Brief,JJ,1
body,Brig,NNP,10
body,Brig.,NNP,109
body,Brig.-Genl,NNP,1
body,Brigade,NN,10
body,Brigadier,NNP,15
body,Brigadier-General,NNP,1
body,BrigadierGeneral,NNP,1
body,Briggs,NNP,1
body,Brigham,NNP,2
body,Brigr,NNP,2
body,Brill,NNP,2
body,Brinck,NN,1
body,Brink,NNP,3
body,Brinkley,NNP,5
body,Brinkly,NNP,1
body,Brisbin,NNP,4
body,Britain,NNP,12
body,British,JJ,14
body,British,NNP,9
body,Brittish,NNP,1
body,Bro,NN,1
body,Brodhead,NNP,4
body,Broker,NNP,1
body,Brood,NN,1
body,Brooke,NNP,3
body,Brooklyn,NNP,8
body,Brooks,NNP,4
body,Brother,NNP,10
body,Brott,NNP,3
body,Brown,NNP,35
body,Browne,NNP,2
body,Browning,NNP,44
body,Brownings,NNPS,1
body,Brownlow,NNP,4
body,Browns,NNP,1
body,Brownsville,NNP,11
body,Brt,NNP,1
body,Brulé,NNP,2
body,Brulés,NNP,1
body,Brulés,NNPS,1
body,Brunswick,NNP,8
body,Brussels,NNP,4
body,Brvt,NNP,2
body,Brwt,NNP,1
body,Bry,NN,1
body,Bryt,NNP,1
body,Bt,NN,3
body,Bt,NNP,9
body,BtltCol,NNP,1
body,Bucannan,NNP,1
body,Bucannin,NN,1
body,BuchanaN,NNP,1
body,Buchanan,NNP,75
body,Buchanans,NNPS,1
body,Buchannan,NNP,3
body,Buckalew,NNP,2
body,Buckland,NNP,12
body,Buckly,NNP,1
body,Buel,NNP,1
body,Buell,NNP,4
body,Buena,NNP,10
body,Buffalo,NNP,7
body,Buffington,NNP,1
body,Buffinton,NNP,2
body,Buffum,NNP,3
body,Building,NN,2
body,Building,NNP,2
body,Buildings,NNS,3
body,Bull,NN,1
body,Bull,NNP,3
body,Bullitt,NNP,12
body,Bullitts,NNPS,1
body,Bullitts,NNS,1
body,Bulloch,NNP,2
body,Bullock,NNP,10
body,Bult,NNP,1
body,Bultema,NNP,1
body,Burbank,NNP,4
body,Burbridge,NN,1
body,Burbridge,NNP,2
body,Bureau,NN,11
body,Bureau,NNP,99
body,Bureaus,NNP,7
body,Bureaus,NNPS,86
body,Bureaux,NNP,2
body,Buren,NNP,2
body,Burke,NNP,6
body,Burlingame,NNP,2
body,Burners,NNP,2
body,Burnet,NNP,1
body,Burnett,NNP,4
body,Burnham,NNP,9
body,Burns,NNP,2
body,Burnside,NNP,13
body,Burt,NNP,3
body,Burton,NNP,3
body,Burtons,NNPS,1
body,Burwell,NNP,2
body,Bush,NNP,3
body,Busheyhead,NNP,4
body,Bushy,NNP,2
body,Bushyhead,NNP,11
body,Business,NNP,2
body,Busteed,NNP,7
body,But,CC,106
body,Butcher,NNP,1
body,Butler,NNP,30
body,Butlers,NNPS,1
body,Butterfield,NNP,5
body,Butterworth,NNP,2
body,Buye,NNP,1
body,Buye,VB,1
body,Bv,NNP,1
body,Bvt,NN,207
body,Bvt,NNP,165
body,Bvt,VB,13
body,Bwt,NNP,89
body,By,IN,46
body,Bye,NNP,1
body,Byington,NNP,4
body,Byrne,NNP,9
body,Byt,NNP,11
body,C,NN,10
body,C,NNP,47
body,C,UNK,1
body,C.,NNP,384
body,C.S.,NNP,15
body,C.S.A.,NNP,8
body,C.T.,NNP,1
body,C1027,NNP,1
body,C1076,NNP,1
body,C14,NN,1
body,C145,NNP,1
body,C161,NN,1
body,C178,NN,1
body,C478,NN,1
body,C571,NN,1
body,C631,NN,1
body,C971,NN,1
body,CA,NNP,1
body,CALIFORNIA,NNP,1
body,CANBY,NNP,6
body,CARBON,NNP,1
body,CARE,NNP,1
body,CASE,NN,1
body,CB,NN,30
body,CB,NNP,24
body,CD3,UNK,1
body,CG,NNP,1
body,CH,NN,4
body,CHAIRMAN,NNP,6
body,CHARLESTON,NNP,6
body,CHASE,NNP,1
body,CHIEF,JJ,1
body,CIRCULATION,NN,1
body,CIST,NNP,1
body,CITIZENS,NNS,1
body,CITY,NNP,4
body,CJI,UNK,1
body,CLU,NNP,1
body,COLFAx,NNP,1
body,COM,NNP,1
body,COMDG,NNP,1
body,COMMITTEE,NNP,1
body,CONTENTS,NNS,1
body,CRAwFORDSVILLE,NNP,1
body,CSmH,NN,1
body,CSmH,NNP,5
body,CSt,NNP,1
body,CU-B,NN,2
body,CU-B,NNP,1
body,CUNNINGHAM,NNP,1
body,Cabinet,NNP,29
body,Cadet,NN,1
body,Cadet,NNP,21
body,Cadets,NNPS,2
body,Cadets,NNS,5
body,Cairo,NNP,5
body,Cal,NNP,18
body,Cal.,NN,1
body,Cal.,NNP,2
body,Cala,NN,1
body,Calafornia,NNP,1
body,Calaway,NNP,1
body,Caldwell,NNP,4
body,Caleb,NNP,2
body,Caledonia,NNP,3
body,Calefornia,NNP,1
body,Calendar,NN,3
body,Calendar,NNP,1
body,Calendar,UNK,1
body,Calhoun,NNP,4
body,Calhounism,NNP,1
body,Calif.,NNP,30
body,California,NNP,32
body,Call,NN,1
body,Calloway,NNP,4
body,Caloosahatchee,NNP,1
body,Calvert,NNP,9
body,Camanchee,NNP,1
body,Cambridge,NNP,2
body,Camden,NNP,11
body,Camel,NNP,1
body,Cameron,NNP,4
body,Camp,NNP,29
body,Campaign,NN,4
body,Campaign,NNP,3
body,Campaigns,NNS,1
body,Campbell,NNP,3
body,Camps,NNP,1
body,Camps,NNS,1
body,Can,MD,35
body,Canada,NNP,8
body,Canadian,JJ,1
body,Canal,NNP,4
body,Canby,NNP,103
body,Cancel,VB,1
body,Candellaria,NN,1
body,Candellaria,NNP,2
body,Candidate,NN,5
body,Candidate,NNP,1
body,Candidates,NNPS,1
body,Candidates,NNS,2
body,Cannibal,NNP,2
body,Canon,NNP,1
body,Cant,NNP,1
body,Canton,NNP,2
body,Cantyou,NNP,1
body,Canvas,NNP,1
body,Canvassers,NNPS,2
body,Canyon,NNP,3
body,Cap,NNP,1
body,Cape,NNP,2
body,Capital,NNP,1
body,Capitalists,NNPS,1
body,Capitol,NNP,3
body,Capota,NN,1
body,Capt,NNP,52
body,Capt,VBD,1
body,Capt.,NNP,107
body,Captain,NNP,79
body,Captaincy,NN,1
body,Captaincy,NNP,1
body,Captivity,NNP,1
body,Captn,NNP,4
body,Capts,NNP,1
body,Capture,NN,1
body,Captured,NNP,3
body,Carbine,NN,1
body,Carbines,NNS,1
body,Carbondale,NNP,3
body,Care,NN,1
body,Care,NNP,2
body,Carelessness,NN,1
body,Carey,NNP,8
body,Carier,NN,1
body,Carl,NNP,2
body,Carlen,NNP,1
body,Carleton,NNP,23
body,Carletons,NNPS,2
body,Carlile,NNP,1
body,Carlin,NNP,7
body,Carlisle,NNP,6
body,Carloosahatchie,NNP,1
body,Carlos,NNP,2
body,Carney,NNP,5
body,Carolina,NNP,83
body,Carolinians,NNPS,1
body,Carpenter,NNP,2
body,Carr,NNP,6
body,Carried,VBN,1
body,Carrington,NNP,2
body,Carroll,NNP,1
body,Carronades,NNS,1
body,Carry,VB,2
body,Carrying,VBG,1
body,Cars,NNPS,2
body,Cars,NNS,1
body,Carse,NNP,1
body,Carson,NNP,3
body,Cart,NN,1
body,Carter,NN,2
body,Carter,NNP,2
body,Cartersville,NNP,6
body,Cartwell,NNP,2
body,Carvallo,NNP,2
body,Cary,NNP,2
body,Cascades,NNS,1
body,Case,NN,4
body,Case,NNP,4
body,Casey,NNP,2
body,Cash,NN,3
body,Cashier,NN,2
body,Casin,NNP,2
body,Cass,NNP,2
body,Cassius,NNP,3
body,Castle,NNP,3
body,Caswell,NNP,3
body,Catalog,NN,1
body,Cataloging,NNP,1
body,Catalogue,NN,1
body,Catalogue,NNP,7
body,Catherine,NNP,2
body,Catholic,JJ,1
body,Catholic,NNP,1
body,Catholics,NNPS,3
body,Catlin,NNP,3
body,Caus,NNP,1
body,Cause,NN,1
body,Cause,NNP,4
body,Causes,VBZ,1
body,Cav,NNP,6
body,Cav.,NN,18
body,Cav.,NNP,3
body,Cav.y,NNP,1
body,Cavalry,NN,1
body,Cavalry,NNP,55
body,Cavy,NN,1
body,Cavy,NNP,14
body,Cavy.,NN,1
body,Cawfield,NN,1
body,Cawfield,NNP,4
body,Cayetano,NNP,1
body,Cazabat,NNP,2
body,Cebra,NNP,1
body,Cedar,NNP,4
body,Cehgress,NN,1
body,Cel,NNP,1
body,Cemeteries,NNPS,2
body,Cemetery,NN,1
body,Cemetery,NNP,8
body,Cemetry,NNP,2
body,Cent,NN,2
body,Center,NNP,2
body,Central,NNP,20
body,Centreville,NNP,2
body,Certain,JJ,4
body,Certainly,RB,3
body,Certificate,NN,2
body,Certifiy,NNP,1
body,Ch,NN,1
body,Ch,NNP,3
body,Chadbourne,NNP,1
body,Chadburn,NNP,1
body,Chair,NNP,1
body,Chairm,NNP,1
body,Chairman,NNP,13
body,Chalfin,NNP,2
body,Challenge,NNP,1
body,Challenger,NNP,1
body,Chalmers,NNP,4
body,Chalmette,NNP,2
body,Chamber,NNP,2
body,Chamberlain,NNP,2
body,Chambers,NNP,1
body,Chambers,NNS,2
body,Champ,NNP,1
body,Chandler,NNP,14
body,Change,NNP,2
body,Chanler,NNP,2
body,Chapel,NN,1
body,Chapin,NNP,2
body,Chaplain,NNP,4
body,Chaplains,NNS,1
body,Chapman,NNP,2
body,Chappel,NNP,5
body,Chapter,NNP,1
body,Character,NN,2
body,Chardon,NNP,2
body,Charge,NN,8
body,Charged,VBN,1
body,Charges,NNS,2
body,Chargé,NN,3
body,Chargé,NNP,4
body,Charles,NNP,128
body,Charleston,NNP,36
body,Charlestown,NNP,1
body,Charley,NNP,2
body,Charleſs,NNP,1
body,Charlottesville,NNP,2
body,Charreties,NNS,1
body,Charter,NNP,4
body,Chas,NNP,3
body,Chase,NNP,10
body,Chase-movement,NN,1
body,Chaska,NNP,1
body,Chasta,NNP,1
body,Chattanooga,NNP,14
body,Chauncey,NNP,2
body,Chavannes,NNP,3
body,Cheerfully,RB,1
body,Cheevers,NNP,2
body,Cheme,NNP,2
body,Chenault,NNP,2
body,Cherokee,NNP,21
body,Cherokees,NNP,1
body,Cherokees,NNPS,1
body,Chester,NNP,2
body,Cheyenne,NN,1
body,Cheyenne,NNP,18
body,Cheyennes,NNPS,4
body,Cheyennes,NNS,2
body,Chf,NN,1
body,Chf,NNP,6
body,Chicago,NNP,53
body,Chicasaw,NNP,2
body,Chickamauga,NNP,1
body,Chickamouga,NNP,1
body,Chickasaw,NNP,3
body,Chickasaws,NNPS,1
body,Chief,NNP,104
body,Chiefs,NNPS,3
body,Chigog,NNP,1
body,Chihuahua,NNP,1
body,Chilcott,NNP,3
body,Childers,NNP,2
body,Children,NNP,3
body,Children,NNS,4
body,Childress,NNP,1
body,Childs,NNP,2
body,Chills,NNP,1
body,China,NNP,5
body,Chinese,NNP,2
body,Chippewa,NNP,1
body,Chippewas,NNPS,3
body,Chiyenne,NNP,1
body,Chm.n,NNP,1
body,Cho-na-toh,NN,2
body,Cholera,NNP,3
body,Chrismer,NN,1
body,Chrismer,NNP,1
body,Christi,NNP,3
body,Christian,JJ,6
body,Christian,NNP,5
body,Christiana,NNP,3
body,Christians,NNS,1
body,Christmas,NNP,1
body,Christopher,NNP,9
body,Chronicle,NNP,7
body,Chronology,NNP,2
body,Church,NNP,7
body,Churchill,NNP,2
body,Cháves,NNP,1
body,Cháves,NNS,1
body,Cimarron,NNP,1
body,Cimmaron,NNP,2
body,Cin,NN,1
body,Cin,NNP,1
body,Cincinati,NNP,1
body,Cincinatti,NNP,1
body,Cincincinati,NNP,1
body,Cincinnati,NNP,24
body,Cinti,NNP,1
body,Cipher,NNP,6
body,Circuit,NNP,6
body,Circular,JJ,6
body,Circumstances,NNS,3
body,Cist,NNP,3
body,Cities,NNPS,1
body,Cities,NNS,1
body,Citizen,NNP,10
body,Citizens,NNPS,9
body,City,NN,61
body,City,NNP,222
body,Civil,JJ,67
body,Civil,NNP,8
body,Civilians,NNPS,2
body,Claflin,NNP,2
body,Claiborne,NNP,2
body,Claim,NN,2
body,Claim,NNP,3
body,Claim,VBP,1
body,Claimants,NNPS,1
body,Claims,NNP,2
body,Claims,NNPS,8
body,Claims,NNS,10
body,Clames,NNP,2
body,Clames,NNS,1
body,Clapp,NNP,3
body,Clare,NNP,2
body,Clarion,NNP,1
body,Clark,NNP,6
body,Clarke,NNP,6
body,Class,NN,2
body,Classes,NNS,1
body,Claughton,NN,1
body,Claughton,NNP,1
body,Clay,NNP,6
body,Clayton,NNP,2
body,Clear,NNP,4
body,Cleary,NNP,2
body,Cleavland,NNP,1
body,Clemens,NNP,4
body,Clement,NNP,3
body,Clements,NNP,1
body,Clendenin,NNP,2
body,Clerk,NN,6
body,Clerk,NNP,7
body,Clerks,NNPS,2
body,Clerks,NNS,1
body,Clerkship,NN,1
body,Cleve,NNP,2
body,Cleveland,NNP,7
body,Clever,JJ,1
body,Clever,NNP,2
body,Clifford,NNP,3
body,Climax,NN,1
body,Clinch,NNP,4
body,Clinton,NNP,5
body,Close,JJ,1
body,Clothes,NNPS,1
body,Clothing,NNP,2
body,Cloud,NNP,7
body,Clough,NNP,2
body,Club,NNP,10
body,Clubs,NNS,1
body,Clude,NNP,1
body,Clyde,NNP,2
body,Co,NNP,31
body,Co-through,NNP,1
body,Co.,NNP,95
body,CoFFIN,NNP,2
body,CoHi,NNP,1
body,CoM,NN,3
body,CoM,NNP,1
body,CoMD.G,NNP,2
body,CoMDG,NNP,7
body,CoMMITTEE,NN,1
body,CoMMITTEE,NNP,4
body,CoN,NN,1
body,CoNVENTION,NNP,1
body,CoNve,NNP,1
body,Coal,NNP,1
body,Coast,NNP,12
body,Cobb,NNP,8
body,Cochrane,NNP,2
body,Coffee,NNP,4
body,Coffin,NN,1
body,Coffin,NNP,4
body,Coffman,NNP,3
body,Cogswell,NNP,5
body,Cohen,NNP,1
body,Col,NN,2
body,Col,NNP,65
body,Col.,NNP,181
body,Col.FAx,NNP,1
body,Colbert,NNP,1
body,Colcy,NNP,1
body,Cold,NNP,4
body,Coldo,NNP,1
body,Cole,NNP,2
body,Coleman,NNP,2
body,Colf,NNP,1
body,Colfax,NNP,53
body,Colfax.-Copies,NNP,1
body,Collected,NNP,403
body,Collected,VBN,1
body,Collection,NN,2
body,Collection,NNP,10
body,Collector,NNP,14
body,Collectors,NNS,3
body,College,NNP,28
body,Colleges,NNS,3
body,Collens,NNP,1
body,Colleton,NNP,2
body,Collins,NNP,13
body,Coln,NNP,1
body,Colo,NNP,3
body,Colo.,NNP,2
body,Colombia,NNP,1
body,Colonel,NNP,54
body,Colonelcy,NNP,1
body,Color,NN,1
body,Color,NNP,2
body,Colorado,NNP,19
body,Colored,NNP,17
body,Cols,NNP,1
body,Colu,NNP,1
body,Columbia,NNP,48
body,Columbia.-ES,NNP,1
body,Columbus,NNP,32
body,Com,NNP,16
body,Comanche,NNP,1
body,Comanchee,NN,1
body,Comanches,NNS,1
body,Comand,NNP,1
body,Comd,NN,1
body,Comd,NNP,3
body,Comdg,NN,1
body,Comdg,NNP,25
body,Comdg-officer,NN,1
body,Comdr,NNP,4
body,Comdr.,NNP,1
body,Come,VB,1
body,Comee,NN,1
body,Comman,NN,1
body,Command,NN,22
body,Commandant,NN,3
body,Commandants,NNS,2
body,Commanded,VBN,2
body,Commander,NNP,70
body,Commander-in-Chief,NN,2
body,Commanders,NNP,1
body,Commanders,NNPS,10
body,Commanders,NNS,7
body,Commandg,NNP,1
body,Commanding,JJ,3
body,Commanding,NNP,50
body,Commanding,VBG,28
body,Commanding-Officer,NN,1
body,CommandingGeneral,NNP,1
body,Commdg,NNP,2
body,Commencement,NN,2
body,Commencement,NNP,2
body,Commending,VBG,1
body,Comment,NN,1
body,Commerce,NNP,1
body,Commercial,JJ,1
body,Commercial,NNP,6
body,Commis,NN,1
body,Commisary,NNP,1
body,Commissaries,NNPS,3
body,Commissary,NNP,15
body,Commission,NN,1
body,Commission,NNP,55
body,Commissioner,NNP,57
body,Commissioners,NNPS,2
body,Commissioners,NNS,22
body,Commissions,NNS,8
body,Committed,VBN,1
body,Committee,NN,4
body,Committee,NNP,90
body,Committees,NNS,5
body,Commodore,NNP,2
body,Common,JJ,3
body,Common,NNP,1
body,Commr,NN,1
body,Commr,NNP,2
body,Communicate,VB,1
body,Communicated,NNP,1
body,Communication,NN,1
body,Communications,NNPS,1
body,Commutation,NNP,1
body,Comonwealth,NNP,1
body,Comonwealths,NNP,1
body,Comp,NNP,1
body,Companes,NNS,1
body,Companey,NNP,1
body,Companies,NNS,18
body,Company,NN,65
body,Company,NNP,20
body,Competent,JJ,2
body,Compilation,NN,1
body,Complaint,NN,1
body,Complaints,NNS,1
body,Complete,JJ,1
body,Completed,VBN,1
body,Completing,VBG,1
body,Complications,NNS,1
body,Comply,VB,1
body,Comps,NNS,2
body,Comptroller,NN,4
body,Comptroller,NNP,18
body,Compulsory,JJ,1
body,Compy,NN,1
body,Comr,NNP,3
body,Comstock,NNP,29
body,Comy,NNP,3
body,Con,NN,1
body,Conally,NNP,1
body,Conant,NNP,2
body,Concealed,VBN,1
body,Conceiving,VBG,1
body,Concerning,VBG,5
body,Concluded,VBD,1
body,Conclusive,JJ,1
body,Concord,NNP,3
body,Concordia,NNP,7
body,Concurrent,JJ,1
body,Condition,NN,2
body,Conditional,JJ,1
body,Conditions,NNS,1
body,Conduct,NNP,16
body,Conducted,VBN,1
body,Confederacy,NNP,2
body,Confederate,JJ,29
body,Confederates,NNP,1
body,Confederates,NNS,3
body,Conference,NN,3
body,Conferences,NNPS,1
body,Confidence,NN,2
body,Confidential,NNP,4
body,Confinement,NNP,3
body,Confiscation,NN,2
body,Confiscation,NNP,1
body,Cong,NNP,1
body,Conger,NNP,2
body,Congestive,JJ,1
body,Congratulate,VB,1
body,Congregation,NNP,1
body,Congress,NNP,419
body,Congress.-ES,NN,1
body,Congress.-in,NN,1
body,Congressional,JJ,7
body,Congressional,NNP,7
body,Conkling,NN,1
body,Conkling,NNP,1
body,Conlan,NNP,5
body,Conn,NNP,1
body,Conn.,NNP,21
body,Connecticut,NNP,2
body,Conner,NNP,5
body,Conners,NNP,1
body,Conness,NN,1
body,Conness,NNP,4
body,Connor,NNP,6
body,Connoy,NNP,2
body,Consent,NNP,1
body,Consequences,NNS,1
body,Conservative,JJ,4
body,Conservative,NNP,1
body,Conservatives,NNPS,1
body,Conservatives,NNS,3
body,Consider,VB,1
body,Consideration,NN,5
body,Considered,VBN,1
body,Considering,VBG,2
body,Consistently,RB,1
body,Consisting,VBG,1
body,Consolidated,NNP,10
body,Conspiracy,NNP,2
body,Conspirator,NNP,1
body,Constables,NNP,1
body,Constitution,NNP,174
body,Constitutional,NNP,45
body,Constitutionality,NN,2
body,Constitutions,NNPS,7
body,Constitutions,NNS,6
body,Construction,NN,1
body,Consul,NN,2
body,Consul,NNP,6
body,Consulate,NN,1
body,Consulate,NNP,2
body,Consuls,NNS,1
body,Consultations,NNS,1
body,Consumptive,JJ,1
body,Conta,NN,1
body,Conta,NNP,1
body,Continent,NN,4
body,Continental,NNP,2
body,Contingencies,NNS,2
body,Contingent,NNP,1
body,Continuance,NNP,1
body,Contract,NNP,1
body,Contractor,NNP,2
body,Contractors,NNS,1
body,Contrary,JJ,1
body,Controversy,NN,1
body,Contry,NN,2
body,Convening,NNP,1
body,Convention,NNP,169
body,Conventions,NNPS,1
body,Conventions,NNS,6
body,Converse,NNP,3
body,Convict,NNP,1
body,Conway,NNP,12
body,Cook,NNP,6
body,Cooke,NNP,7
body,Coon,NNP,2
body,Cooper,NNP,4
body,Cooperate,VB,1
body,Copies,NNPS,10
body,Copies,NNS,119
body,Copper,NN,1
body,Copper,NNP,1
body,Copperhead,NNP,2
body,Copperheads,NNPS,2
body,Copperheads,NNS,1
body,Copy,VB,220
body,Copyright,NN,1
body,Cor,NN,1
body,Cor,NNP,1
body,Corbett,NNP,2
body,Corcoran,NNP,3
body,Corey,NNP,2
body,Corinth,NNP,6
body,Corn,NN,3
body,Corn,NNP,1
body,Cornelius,NNP,4
body,Cornell,NNP,3
body,Corners,NNPS,3
body,Corning,NNP,2
body,Coroner,NNP,2
body,Corp.,NNP,1
body,Corpl,NN,2
body,Corpl,NNP,7
body,Corporal,NN,12
body,Corporation,NNP,3
body,Corps,NNP,39
body,Corpus,NNP,6
body,Correct,NNP,1
body,Correjolles,NNP,3
body,Correjolles,NNS,1
body,Correspondence,NN,22
body,Correspondence,NNP,10
body,Corresponding,VBG,1
body,Corruptly,RB,2
body,Corse,NNP,1
body,Corson,NNP,5
body,Cort,NNP,1
body,Cos,NNP,1
body,Cos.,NNP,1
body,Cost,NN,1
body,Cottman,NNP,3
body,Cotton,NN,8
body,Cotton,NNP,4
body,Couch,NN,1
body,Couch,NNP,1
body,Coughlin,NNP,7
body,Could,MD,5
body,Council,NN,1
body,Council,NNP,50
body,Councilmen,NNP,1
body,Councils,NNP,1
body,Councils,NNS,3
body,Counsel,NNP,7
body,Counseless,JJ,1
body,Counsellors,NNS,1
body,Counselors,NNS,1
body,Counsil,NNP,1
body,Count,VB,1
body,Counties,NNP,1
body,Counties,NNPS,1
body,Counties,NNS,8
body,Country,NN,59
body,Country,NNP,4
body,County,NN,4
body,County,NNP,115
body,Couple,NN,1
body,Course,NNP,5
body,Court,NN,8
body,Court,NNP,158
body,Court-Martial,NNP,3
body,Court-house,NNP,1
body,Courtesy,NNP,1
body,Courtlegal,JJ,1
body,Courts,NNPS,9
body,Courts,NNS,12
body,Courts-Martial,JJ,1
body,Courts-Martial,NNP,1
body,Covington,NNP,7
body,Covode,NNP,11
body,Cowen,NNP,1
body,Cowing,NN,1
body,Cowing,NNP,1
body,Cows,NNS,1
body,Cox,NN,8
body,Cox,NNP,4
body,Coyale,NNP,1
body,Coyner,NNP,3
body,Coyote,NN,2
body,Cozens,NNP,1
body,Cozzens,NNP,1
body,Cozzens,NNS,1
body,Cradlebaugh,NNP,3
body,Craig,NNP,3
body,Craighton,NNP,1
body,Cramer,NNP,2
body,Crassen,NNP,1
body,Craven,NNP,2
body,Crawford,NNP,9
body,Crawfordsville,NNP,3
body,Crazy,NNP,1
body,Crazys,NNPS,1
body,Creagerstown,NNP,1
body,Creagorstown,NNP,1
body,Credit,NN,1
body,Creek,NNP,23
body,Creeks,NNPS,1
body,Creighton,NNP,5
body,Crescent,NNP,2
body,Cressey,NNP,2
body,Cresson,NNP,3
body,Creswell,NNP,2
body,Criminal,NNP,4
body,Crocker,NNP,2
body,Crop,NN,1
body,Crops,NNS,2
body,Crosman,NNP,3
body,Cross,NN,1
body,Cross,NNP,1
body,Crossing,NNP,2
body,Crossing,VBG,1
body,Crow,NNP,1
body,Crowing,NNP,1
body,Crows,NNS,2
body,Cruces,NNP,4
body,Cruely,RB,1
body,Crump,NNP,3
body,Crumps,NNP,1
body,Ct,NNP,1
body,Ct.,NNP,7
body,Cty,NNP,2
body,Cuba,NNP,3
body,Cullom,NN,1
body,Cullom,NNP,1
body,Cumberland,NN,1
body,Cumberland,NNP,11
body,Cummings,NNP,2
body,Cunningham,NNP,8
body,Curley,NN,1
body,Curley,NNP,1
body,Curly,NNP,1
body,Curran,NNP,2
body,Currency,NN,1
body,Currency,NNP,2
body,Current,JJ,1
body,Current,NNP,2
body,Curtis,NNP,11
body,Curtiss,NNP,2
body,Cushing,NN,2
body,Custer,NNP,20
body,Custom,NNP,2
body,Custom-House,NNP,1
body,Customhouse,NNP,1
body,Customs,NNP,6
body,Cuthbert,NNP,4
body,Cutler,NNP,13
body,Cutter,NNP,1
body,Cyher,NN,1
body,Cyher,NNP,1
body,Cypher,NNP,8
body,Cyrus,NNP,18
body,Cº,UNK,1
body,D,NN,11
body,D,NNP,45
body,D,UNK,1
body,D'Affaires,NNS,1
body,D'Homergue,NN,1
body,D.,NNP,211
body,D.C.,NNP,123
body,D1,NN,1
body,D243,NN,2
body,D37,NN,1
body,D581,NN,1
body,D605,NN,1
body,DAB,NNP,1
body,DALE,NNPS,1
body,DANGEROUs,NNS,1
body,DAYS,NNS,1
body,DC,NNP,1
body,DD6,NN,1
body,DEAR,NN,1
body,DEAR,NNP,39
body,DEAR,RB,10
body,DEC.,NN,5
body,DEC.,NNP,31
body,DECIDED,VBD,1
body,DEPARTMENT,NNP,1
body,DEPT,NNP,1
body,DEc.,NN,7
body,DEc.,NNP,24
body,DG,NNS,1
body,DIRECTORS,NNP,1
body,DIST,NNP,1
body,DISTRICT,NNP,9
body,DL,UNK,1
body,DLC,NNP,1
body,DLC,SYM,1
body,DLC-Adam,NNP,1
body,DLC-Andrew,NN,2
body,DLC-Andrew,NNP,62
body,DLC-August,NNP,1
body,DLC-Benjamin,JJ,1
body,DLC-Benjamin,NNP,2
body,DLC-Caleb,NNP,1
body,DLC-Carl,NNP,1
body,DLC-Cyrus,NNP,3
body,DLC-Edward,JJ,1
body,DLC-Edward,NNP,1
body,DLC-Edwin,NNP,1
body,DLC-Elihu,NNP,5
body,DLC-Hamilton,NNP,2
body,DLC-James,NNP,1
body,DLC-John,JJ,1
body,DLC-John,NNP,8
body,DLC-Joseph,NNP,1
body,DLC-Miscellaneous,JJ,2
body,DLC-Nicholas,NNP,1
body,DLC-Philip,JJ,7
body,DLC-Philip,NNP,1
body,DLC-Thomas,NNP,1
body,DLC-USG,NN,147
body,DLC-USG,NNP,113
body,DLC-William,NN,11
body,DLC-William,NNP,8
body,DLCAmbrose,NN,1
body,DLCAndrew,NNP,1
body,DLCElihu,NNP,2
body,DLCGeorge,NNP,1
body,DLCJohn,NNP,1
body,DLCPhilip,NN,1
body,DLCUSG,NN,11
body,DLCUSG,NNP,5
body,DLCWilliam,NNP,1
body,DNA,NN,949
body,DNA,NNP,1
body,DS,NN,9
body,DUE,JJ,1
body,Dacotah,NNP,2
body,Daid,NNP,1
body,Daily,NNP,9
body,Dakota,NNP,38
body,Dale,NNP,2
body,Dalton,NN,1
body,Dalton,NNP,1
body,Dame,NNP,2
body,Damn,JJ,1
body,Dan,NNP,1
body,Dana,NNP,10
body,Danbury,NNP,2
body,Dandy,NNP,2
body,Daniel,NNP,48
body,Danish,JJ,4
body,Danl,NNP,1
body,Danville,NNP,2
body,Dare,NN,1
body,Dare,NNP,4
body,Darien,NNP,2
body,Darius,NNP,2
body,Darlington,NNP,2
body,Dashing,NN,1
body,Dashing,NNP,1
body,Data,NNP,1
body,Date,NNP,2
body,Dated,VBN,1
body,Daughter,NN,1
body,Daughters,NNPS,1
body,Davenport,NNP,7
body,David,NNP,29
body,Davids,NNP,3
body,Davidson,NNP,8
body,Davies,NNP,2
body,Davis,NNP,42
body,Davy,NNP,2
body,Dawes,NNP,2
body,Dawes,NNS,4
body,Dawn,NNP,1
body,Daws,NNP,1
body,Dawson,NNP,5
body,Day,NN,1
body,Day,NNP,1
body,Dayton,NNP,6
body,De,NNP,11
body,DeBruhl,NN,1
body,DeBruhl,NNP,1
body,DeWitt,NNP,2
body,DeWolfe,NNP,1
body,Deal,NNP,1
body,Deane,NNP,6
body,Dear,NNP,1
body,Death,NN,1
body,Debbille,NNP,2
body,Debt,NNP,1
body,Debudeau,NNP,1
body,Dec,NNP,12
body,Dec.,NNP,347
body,Decatur,NNP,3
body,December,NNP,53
body,Decision,NN,2
body,Decr,NN,1
body,Decr,NNP,7
body,Decr,VBP,1
body,Decree,NN,1
body,Decree,NNP,1
body,Dees,NNP,1
body,Defence,NNP,1
body,Defendants,NNS,1
body,Defendent,NNP,1
body,Defiance,NN,1
body,Del,NNP,1
body,Del.,NNP,2
body,Delaney,NNP,4
body,Delano,NNP,2
body,Delaware,NNP,7
body,Delawares,NNPS,1
body,Delegate,NNP,8
body,Delegates,NNPS,7
body,Delery,NNP,6
body,Delivered,VBN,1
body,Delos,NNP,2
body,Deléry,NNP,2
body,Democats,NNP,1
body,Democracy,NNP,1
body,Democrat,NNP,1
body,Democratic,JJ,10
body,Democratic,NNP,2
body,Democrats,NNPS,16
body,Democrats,NNS,1
body,Democry,NNP,1
body,Dempsey,NNP,10
body,Den,NNP,1
body,Denare,NNP,2
body,Denmark,NNP,1
body,Dennis,NNP,4
body,Dennison,NNP,2
body,Dent,NN,9
body,Dent,NNP,47
body,Dent,VB,2
body,Dents,NNP,1
body,Denver,NNP,16
body,Dep,NN,2
body,Dep,NNP,3
body,Depart,NNP,1
body,Department,NN,1
body,Department,NNP,419
body,Departmental,JJ,1
body,Departments,NNP,15
body,Departmnt,NN,1
body,Depend,NN,1
body,Dependance,NN,1
body,Deposit,NNP,1
body,Depositary,NNP,1
body,Depositories,NNP,1
body,Depositories,NNPS,1
body,Depository,NN,1
body,Depository,NNP,5
body,Deposits,NNS,1
body,Depot,NNP,18
body,Depotbuildings,NNPS,1
body,Dept,FW,1
body,Dept,NN,4
body,Dept,NNP,37
body,Dept.,NNP,162
body,Deptmt,NN,1
body,Deptmt,NNP,4
body,Depts,NNP,2
body,Depts,NNPS,1
body,Depts,NNS,2
body,Deputies,NNS,1
body,Deputy,NNP,4
body,Depy,NNP,2
body,Depôt,NN,1
body,Des,NNP,6
body,Describe,VB,1
body,Deseccated,NNP,1
body,Deserter,NN,1
body,Deserters,NNS,1
body,Desertion,NN,3
body,Designated,NNP,1
body,Designed,VBN,1
body,Desmoines,NNP,1
body,Despatch,NN,2
body,Despatch,NNP,3
body,Despatches,NNS,1
body,Despotism,NNP,1
body,Destitution,NN,1
body,Det.,NNP,1
body,Detached,VBN,1
body,Detachment,NNP,1
body,Detailed,JJ,1
body,Detaled,VBD,1
body,Detective,NN,1
body,Detective,NNP,1
body,Detectives,NNPS,1
body,Detectives,NNS,2
body,Detroit,NNP,11
body,Devil,NNP,1
body,Devine,JJ,1
body,Dewey,NNP,2
body,Dexter,NNP,2
body,Df,NN,31
body,Df,NNP,1
body,DfS,NNP,1
body,Dfs,NNS,1
body,DiLL,NNP,1
body,Diary,NNP,2
body,Diaz,NNP,3
body,Dick,NNP,2
body,Dickerson,NNP,4
body,Dickinson,NNP,3
body,Dictionary,NNP,1
body,Did,VBD,4
body,Diego,NNP,1
body,Diet,NNP,1
body,Digest,NNP,4
body,Dill,NNP,5
body,Dillard,NNP,1
body,Dimitri,NNP,1
body,Dimmick,NNP,2
body,Direck,NNP,1
body,Direct,JJ,7
body,Director,NNP,2
body,Directors,NNS,3
body,Dirks,NNP,2
body,Dis,NNP,1
body,Disability,NN,1
body,Disabled,JJ,1
body,Disappointment,NN,2
body,Disapproved,VBN,1
body,Disbursing,NNP,4
body,Discharge,NNP,1
body,Disclaiming,VBG,1
body,Disentred,VBN,1
body,Dismal,JJ,4
body,Dismissed,VBN,1
body,Disobedience,NN,4
body,Dispatch,NNP,4
body,Dispatch,VB,1
body,Dispatches,NNS,2
body,Dist,NN,5
body,Dist,NNP,41
body,District,NN,32
body,District,NNP,384
body,District-Attorney,NNP,1
body,Districts,NNP,3
body,Districts,NNPS,4
body,Districts,NNS,11
body,Div,NNP,15
body,Div.,NNP,2
body,Div.n,NN,1
body,Divil,NNP,1
body,Divine,NNP,1
body,Division,NN,7
body,Division,NNP,32
body,Divisions,NNS,1
body,Divn,NNP,1
body,Dix,NNP,5
body,Dixie,NNP,1
body,Do,NNP,1
body,Do,VB,5
body,Do,VBP,4
body,Dobbin,NNP,1
body,Dobbins,NNP,1
body,Dobin,NNP,1
body,Dobyns,NNP,3
body,Dobyns,NNS,1
body,Doc,NNP,2
body,Docks,NNP,1
body,Docks,NNPS,2
body,Doctor,NNP,3
body,Document,NNP,4
body,Documents,NNS,6
body,Dodge,NNP,26
body,Dodgeville,NNP,2
body,Does,NNP,1
body,Does,VBZ,1
body,Doing,VBG,1
body,Dollars,NNP,5
body,Dollars,NNS,3
body,Dolles,NNP,1
body,Dollner,NNP,2
body,Dolls,NNS,1
body,Dolores,NNP,1
body,Dominga,NNP,1
body,Domingos,NNP,3
body,Don,NNP,5
body,Donaldson,NNP,1
body,Donelson,NNP,1
body,Donnelly,NNP,3
body,Donnelson,NNP,1
body,Dont,NNP,2
body,Dont,VBP,1
body,Doolittle,NNP,3
body,Dorence,NNP,1
body,Doris,NNP,1
body,Dorn,NNP,1
body,Dorothy,NNP,2
body,Dorr,NNP,3
body,Dorrence,NNP,1
body,Dorsheimer,NN,1
body,Dorsheimer,NNP,3
body,Dotson,NNP,1
body,Doubly,RB,1
body,Dougherty,NNP,2
body,Douglas,NNP,7
body,Douglass,NNP,2
body,Dover,NNP,5
body,Dow,NNP,3
body,Dowd,NNP,2
body,Down,NN,1
body,Downer,NNP,2
body,Downing,NNP,2
body,Dr,NNP,17
body,Dr.,NNP,32
body,Draft,NNP,4
body,Drake,NNP,2
body,Drawers,NNP,1
body,Drawing,VBG,1
body,Drew,NNP,5
body,Drill,NNP,1
body,Drive,VB,1
body,Drop,VBP,1
body,Drove,NNP,1
body,Druggist,NN,1
body,Drum,NN,2
body,Drum,NNP,2
body,Drunkenness,NN,1
body,Dry,NNP,3
body,DuBois,NNP,2
body,Dubois,NNP,2
body,Dudley,NNP,3
body,Duff,NNP,2
body,Duke,NNP,2
body,Dunbar,NNP,4
body,Duncan,NNP,5
body,Dunlap,NNP,2
body,Dunn,NNP,27
body,Durant,NNP,10
body,Durbin,NNP,3
body,Durham,NNP,2
body,During,IN,20
body,Dutch,JJ,1
body,Duty,NN,1
body,Duval,NNP,2
body,Dwelling,NNP,1
body,Dwight,NNP,2
body,Dwyer,NNP,2
body,Dyckmans,NNP,1
body,Dyckmans,NNPS,1
body,Dyer,NNP,10
body,Déléry,NNP,2
body,Díaz,NNP,1
body,E,NN,7
body,E,NNP,5
body,E.,NNP,202
body,E.SVETd,UNK,1
body,E.T.,NNP,2
body,E1,NN,5
body,E660.G756,CD,1
body,E93,NN,1
body,EDITOR,NNP,2
body,EDITORIAL,NNP,2
body,EDWARDS,NNPS,1
body,ELROD,NNP,8
body,EMORY,NNP,1
body,EP,NN,1
body,ERLEAF,NNP,1
body,ERT,NNP,1
body,ES,NN,149
body,ESQ.,NNP,1
body,ET8\//\|3038,UNK,1
body,Each,DT,2
body,Eagle,NNP,1
body,Earl,NNP,1
body,Earliest,JJS,2
body,Early,NNP,1
body,Early,RB,1
body,Earnest,NNP,1
body,Earth,NNP,3
body,East,JJ,1
body,East,NNP,43
body,Eastern,JJ,2
body,Eastern,NNP,4
body,Eastland,NNP,4
body,Easton,NNP,2
body,Eastward,NNP,1
body,Eating,NNP,1
body,Eaton,NNP,7
body,Eaves,NNP,1
body,Eaves,NNS,2
body,Eben,NNP,3
body,Ebon,NNP,1
body,Economical,JJ,1
body,Ed,NNP,2
body,Eddy,NNP,5
body,Edgar,NNP,4
body,Edgefield,NNP,3
body,Edie,NNP,3
body,Edited,VBN,1
body,Edith,NNP,1
body,Editor,NNP,5
body,Editorial,NN,1
body,Editors,NNP,1
body,Edmonds,NNP,1
body,Edmund,NNP,15
body,Edmunds,NNP,4
body,Edson,NNP,2
body,Educating,VBG,1
body,Education,NN,1
body,Education,NNP,2
body,Edward,NNP,123
body,Edwards,NNP,6
body,"Edwards,-on",NNP,1
body,Edwardsville,NNP,1
body,Edwin,NNP,59
body,Effect,NN,1
body,Effects,NNS,1
body,Efficient,JJ,1
body,Effingham,NNP,1
body,Efforts,NNS,2
body,Eggleston,NNP,5
body,Eight,CD,2
body,Eighteen,CD,4
body,Eighteenth,NNP,1
body,Eighth,JJ,1
body,Eighth,NNP,2
body,Eighty,NNP,1
body,Ekin,NN,1
body,Ekin,NNP,1
body,El,NNP,3
body,ElPaso,NNP,1
body,Elbert,NNP,5
body,Elderkin,NNP,4
body,Elderkins,NNS,1
body,Eldredge,NNP,3
body,Elected,VBN,2
body,Election,NN,26
body,Election,NNP,10
body,Elections,NNS,4
body,Eleven,CD,2
body,Eleventh,NNP,1
body,Eli,NNP,7
body,Elias,NNP,2
body,Elihu,NNP,11
body,Eliot,NNP,2
body,Eliphalet,NNP,2
body,Elisha,NNP,1
body,Elizabeth,NNP,3
body,Elizebeth,NNP,1
body,Ella,NNP,3
body,Ellen,NNP,6
body,Ellington,NNP,1
body,Elliot,NNP,3
body,Elliott,NNP,4
body,Ellis,NNP,2
body,Ellison,NN,1
body,Ellison,NNP,1
body,Ellsworth,NNP,2
body,Elrod,NNP,20
body,Ely,NNP,6
body,Emanates,VBZ,1
body,Embarrassment,NN,1
body,Emigrant,NNP,1
body,Emigration,NN,1
body,Emilie,NNP,2
body,Emory,NNP,18
body,Emperor,NNP,5
body,Employees,NNS,1
body,Employes,NNS,1
body,Employés,NNS,1
body,En,IN,1
body,Enclosed,JJ,5
body,Enclosed,VBN,30
body,Enclosures,NNS,1
body,Encouraged,VBN,1
body,Endeavor,NNP,1
body,Endorsement,NN,4
body,Endorsement,NNP,1
body,Endorsements,NNS,2
body,Endowment,NNP,1
body,Enemies,NNS,1
body,Enemy,NN,1
body,Enfield,NNP,1
body,Enfranchisement,NNP,1
body,Eng,NN,3
body,Eng,NNP,5
body,Engage,VBP,1
body,Engineer,NN,3
body,Engineer,NNP,11
body,Engineers,NNP,4
body,Engineers,NNPS,29
body,Engineers,NNS,5
body,Enginers,NNP,1
body,Engines,NNP,1
body,Engines,NNS,1
body,England,NNP,7
body,English,JJ,1
body,English,NNP,4
body,Enlightened,JJ,1
body,Enlist,VB,1
body,Enlisted,VBD,2
body,Enlisted,VBN,2
body,Enlistment,NN,1
body,Ennis,NNP,3
body,Enough,NNP,1
body,Enroute,JJ,1
body,Entered,VBN,1
body,Enterprise,NN,1
body,Enterprises,NNPS,1
body,Epidemic,JJ,1
body,Episcopal,NNP,4
body,Episcopalians,NNPS,1
body,Epistal,JJ,1
body,Eq,NN,1
body,Equally,RB,2
body,Equestrian,NNP,2
body,Era,NN,1
body,Era,NNP,2
body,Erastus,NNP,2
body,Ernest,NNP,2
body,Erni,NNP,2
body,Erni,NNS,1
body,Errands,NNPS,1
body,Escaping,VBG,1
body,Escort,NNP,3
body,Especially,RB,3
body,Especialy,RB,1
body,Esq,NNP,1
body,Esq.,NNP,13
body,Esqr,NNP,3
body,Esquire,NNP,1
body,Establish,VBP,1
body,Establishing,VBG,1
body,Establishment,NN,1
body,Establishmt,NNP,1
body,Estate,NNP,1
body,Esteemed,JJ,1
body,Esteeming,NN,1
body,Estimate,NNP,5
body,Estimates,NNS,4
body,Etc,NN,1
body,Ethan,NNP,1
body,Etowah,NNP,2
body,Eubank,NNP,1
body,Eugene,NNP,2
body,Europe,NNP,14
body,European,JJ,5
body,Evacuated,NNP,1
body,Evans,NNP,10
body,Evanston,NNP,2
body,Even,RB,6
body,Evening,NNP,4
body,Event,NN,1
body,Event,NNP,1
body,Events,NNS,3
body,Ever,RB,4
body,Everett,NNP,2
body,Everton,NNP,1
body,Every,DT,11
body,Everything,NN,2
body,Ewing,NNP,9
body,Ewings,NNPS,1
body,Ex,FW,12
body,Ex-Governor,NNP,1
body,Ex-OFFICIO,NN,1
body,ExAttorney,NNP,1
body,ExCELLENCY,NN,4
body,ExCELLENCY,NNP,6
body,ExGovernor,NNP,1
body,ExTRAORDINARY,NNP,1
body,Excellency,NN,7
body,Excellency,NNP,15
body,Excellent,JJ,1
body,Except,IN,4
body,Exchange,NNP,3
body,Excitement,NN,1
body,Excuse,NN,1
body,Excuse,NNP,3
body,Excuse,VB,3
body,Execute,VB,1
body,Executive,NNP,42
body,Executives,NNS,1
body,Exercises,NNS,2
body,Exhibition,NNP,2
body,Exigencies,NNS,1
body,Existing,VBG,3
body,Expect,VB,1
body,Expected,VBN,1
body,Expedition,NN,4
body,Expedition,NNP,1
body,Expense,NN,1
body,Expense,NNP,1
body,Expenses,NNS,4
body,Expensive,JJ,1
body,Experts,NNS,1
body,Explaining,VBG,1
body,Explanations,NNS,1
body,Explorations,NNS,5
body,Exposed,VBN,1
body,Exposition,NNP,6
body,Exposure,NN,1
body,Express,NN,1
body,Express,NNP,11
body,Expressed,VBN,1
body,Expressing,VBG,1
body,Expressly,RB,1
body,Extend,VB,1
body,Extension,NNP,1
body,Extent,NN,1
body,Extra,NNP,1
body,Extract,NN,2
body,Extracts,NNS,1
body,Extraordinary,JJ,1
body,Extravigant,JJ,1
body,Eye,NNP,1
body,Eyes,NNS,1
body,Ezekiel,NNP,2
body,F,NN,17
body,F.,NNP,125
body,F155,NN,1
body,F165,NN,1
body,F2,NN,10
body,F29,NN,5
body,FATHER,NNP,2
body,FEARFUL,JJ,1
body,FEB.,NNP,47
body,FG,NN,1
body,FIRST,NNP,1
body,FISH,NN,3
body,FORM,NNP,1
body,FRED,NNP,1
body,Factors,NNS,1
body,Faculty,NNP,2
body,Fahkih,NNP,1
body,Failing,VBG,1
body,Fair,NN,4
body,Fair,NNP,3
body,Fairchild,NNP,4
body,Fairfax,NNP,2
body,Fairfield,NNP,2
body,Fairview,NNP,2
body,Fall,NN,6
body,Falls,NNP,3
body,Family,NN,1
body,Family,NNP,2
body,Famine,NN,1
body,Faquer,NNP,1
body,Farish,NNP,3
body,Farm,NN,2
body,Farm,NNP,1
body,Farmer,NNP,2
body,Farnsworth,NNP,2
body,Father,NN,7
body,Father,NNP,8
body,Fathers,NNS,1
body,Fauquier,NNP,2
body,Faxon,NNP,4
body,Fayette,NNP,2
body,Fayetteville,NNP,3
body,Fe,NNP,4
body,Feb,NNP,6
body,Feb.,NNP,273
body,Febr,NNP,1
body,February,NNP,41
body,Febry,NNP,2
body,Feby,JJ,1
body,Feby,NNP,20
body,Federal,NNP,11
body,Feeling,VBG,2
body,Fellow,NNP,4
body,Felt,NNP,1
body,Felt,VBD,1
body,Felton,NNP,4
body,Fenian,JJ,1
body,Fenian,NNP,5
body,Fenians,NNPS,3
body,Fenlon,NNP,2
body,Fenton,NN,4
body,Fernald,NNP,2
body,Fernandina,NNP,2
body,Ferry,NN,14
body,Fert,NNP,1
body,Fessenden,NNP,3
body,Fetterman,NNP,7
body,Feud,NN,1
body,Fever,NN,2
body,Fieh,NN,1
body,Field,NN,8
body,Field,NNP,2
body,Fielding,NN,2
body,Fielding,NNP,3
body,Fields,NNP,3
body,Fiend,NNP,1
body,Fifer,NNP,1
body,Fifth,JJ,14
body,Fifth,NNP,6
body,Fifty,CD,4
body,File,NN,3
body,File,NNP,2
body,Files,NNP,1
body,Files,NNPS,1
body,Files,NNS,1
body,Fillmore,NNP,6
body,Filmore,NN,1
body,Finally,RB,1
body,Finance,NNP,1
body,Financial,JJ,1
body,Finding,NNP,9
body,Finding,VBG,6
body,Fine,JJ,1
body,Fine,NNP,3
body,First,JJ,4
body,First,NNP,19
body,First,RB,1
body,Fischer,NNP,2
body,Fish,NN,24
body,Fisher,NNP,5
body,Fishes,NNP,1
body,Fitzpatrick,NNP,3
body,Five,CD,9
body,Fla.,NNP,36
body,Flag,NN,2
body,Flag,NNP,1
body,Flags,NNS,1
body,Flanders,NNP,5
body,Fletcher,NNP,4
body,Flint,NNP,2
body,Florence,NNP,3
body,Florida,NNP,51
body,Flowers,NNP,1
body,Flowers,NNS,1
body,Floyd,NNP,1
body,Floyd-Jones,NNP,3
body,Floyd-Jones,NNS,1
body,FoRD,NNP,1
body,Folley,NNP,1
body,Following,VBG,2
body,Fondren,NNP,2
body,For,IN,47
body,ForT,NNP,1
body,Forbes,NNP,2
body,Force,NNP,1
body,Forces,NNS,1
body,Ford,NNP,41
body,Foreign,NNP,1
body,Fork,NN,4
body,Formerly,RB,1
body,Forney,NNP,1
body,Forneys,JJ,1
body,Forsyth,NNP,3
body,Forsythe,NNP,1
body,Fort,NNP,331
body,Fortifications,NNP,1
body,Fortifications,NNPS,4
body,Fortifications,NNS,1
body,Fortress,NNP,3
body,Forts,NNP,6
body,Forts,NNPS,2
body,Forts,NNS,2
body,Fortunately,RB,1
body,Forty,CD,10
body,Forty-Six,CD,1
body,Foster,NNP,15
body,Foundation,NNP,2
body,Four,CD,10
body,Fourlough,NN,1
body,Fourteen,CD,3
body,Fourteenth,JJ,2
body,Fourth,JJ,6
body,Fox,NNP,12
body,France,NNP,8
body,Francis,NNP,23
body,Francisco,NNP,67
body,Francisville,NNP,3
body,Frank,NNP,18
body,Frankfort,NNP,3
body,Franklin,NNP,18
body,Franklin-enumerating,JJ,1
body,Fraud,NNP,1
body,Frazer,NNP,1
body,Frazier,NNP,2
body,Fred,NNP,7
body,Frederic,NNP,3
body,Frederick,NNP,35
body,Fredericksburg,NNP,1
body,Fredrick,NNP,1
body,Fredricksburg,NNP,1
body,Free,NNP,6
body,Freed,NNP,2
body,Freedems,NNP,1
body,Freedley,NN,1
body,Freedly,NNP,1
body,Freedman,NNP,6
body,Freedmans,NNP,3
body,Freedmen,NN,5
body,Freedmen,NNP,28
body,Freedmens,NNP,1
body,Freedom,NNP,2
body,Freitas,FW,3
body,Freitas,NNP,2
body,Frelinghuysen,NN,1
body,Frelinghuysen,NNP,2
body,Fremont,NNP,6
body,French,JJ,7
body,French,NNP,2
body,Friar,NN,2
body,Friday,NNP,13
body,Friend,NN,3
body,Friendly,NNP,1
body,Friends,NNS,1
body,Fripp,NNP,3
body,Frishmuth,NNP,2
body,From,IN,34
body,Frontier,NNP,3
body,Frost,NNP,1
body,Fry,NN,1
body,Fry,NNP,2
body,Frémont,NN,1
body,Frémont,NNP,8
body,Frémonts,NNP,1
body,Ft,NNP,11
body,Ft.,NNP,4
body,Fts,NNP,1
body,Full,JJ,2
body,Fuller,NNP,1
body,Fulton,NNP,7
body,Fund,NN,1
body,Fund,NNP,12
body,Furlough,NN,1
body,Further,JJ,2
body,Further,RB,2
body,Furthermore,RB,1
body,Future,NNP,2
body,Fé,NNP,9
body,G,NN,7
body,G,NNP,7
body,G,UNK,2
body,G-7%,UNK,1
body,G.,NNP,240
body,G.N.,NNP,8
body,G124,NN,1
body,G16,NNP,1
body,G3,NN,5
body,G538,NN,1
body,G619,NN,1
body,G7,NN,2
body,GA,NNP,1
body,GA.,NNP,13
body,GARFIELD,NNP,1
body,GEN,NNP,3
body,GEN.,NNP,18
body,GENERAL,JJ,1
body,GENERAL,NN,2
body,GENERAL,NNP,30
body,GENTLEMEN,NNP,3
body,GEO,NN,1
body,GEO,NNP,1
body,GILLEM,NNP,1
body,GN,NN,1
body,GN,NNP,20
body,GRANHF,NNP,1
body,GRANT,NE,1
body,GRANT,NNP,154
body,GRoss,NNP,1
body,GVOJ,UNK,1
body,Ga,NNP,5
body,Ga.,NNP,73
body,Gabriel,NNP,1
body,Gageby,NNP,2
body,Gagorgos,NNP,1
body,Gaien,NNP,1
body,Gaillard,NNP,2
body,Gaines,NNP,5
body,Gaines,NNS,1
body,Galena,NNP,12
body,Galena.-I,NN,1
body,Gallant,NNP,2
body,Gallantry,NN,1
body,Galleries,NNP,1
body,Galleries,NNPS,1
body,Gallery,NNP,3
body,Gallops,NNP,1
body,Galloway,NNP,4
body,Gallup,NNP,1
body,Galveston,NNP,22
body,Garcia,NNP,3
body,Gardner,NNP,2
body,Garfield,NNP,8
body,Garland,NNP,5
body,Garrett,NNP,8
body,Garrison,NNP,5
body,Garrisons,NNS,2
body,Gary,NNP,1
body,Gas,NN,1
body,Gas,NNP,1
body,Gates,NNP,2
body,Gateway,NNP,1
body,Gauche,NNP,2
body,Gave,VBD,1
body,Gay,NNS,2
body,Gazette,NNP,5
body,Gazzan,NNP,3
body,Geary,NNP,5
body,Gebhart,NNP,3
body,Gehgress,NN,1
body,Gehwehtieh,NNP,1
body,Gelary,NN,1
body,Gen,NN,172
body,Gen-in,NN,1
body,Gen-in-Chief,NN,1
body,Gen-in-ch,NN,1
body,Gen-in-chief,NN,1
body,Gen.,NNP,937
body,Gen.-in-Chief,NN,1
body,Gen.l,NN,2
body,Gen.l,NNP,3
body,Genal,JJ,1
body,Genel,NNP,1
body,General,JJ,7
body,General,NNP,993
body,General-in,JJ,1
body,General-in-Chief,NNP,6
body,General-in-chief,NN,1
body,General-order,JJ,1
body,Generally,RB,1
body,Generalovernor,NNP,1
body,Generals,NNP,22
body,Generals,NNPS,3
body,Generals,NNS,7
body,Genesee,NNP,1
body,Genl,NN,41
body,Genl,NNP,279
body,Genl,VBP,1
body,Genl-Govt,NNP,1
body,Genl.,NNP,1
body,Genli,NNP,2
body,Genls,NNP,3
body,Genls,NNS,1
body,Genral,JJ,2
body,Genral,NNP,1
body,Gens,NNP,6
body,Gens,NNS,1
body,Gensidering,VBG,1
body,Gentleman,NN,3
body,Gentlemen,NNP,1
body,Gentlemen,NNS,1
body,Geo,NNP,30
body,Geoffrey,NNP,1
body,Geology,NNP,1
body,George,NNP,246
body,Georgetown,NNP,22
body,Georgia,NNP,99
body,Georgia.-In,NNP,1
body,Georgia.-It,NN,1
body,German,JJ,2
body,Germans,NNS,1
body,Germany,NNP,3
body,Gerolt,NN,1
body,Gerolt,NNP,2
body,Get,VB,1
body,Get,VBP,1
body,Gettersburg,NNP,1
body,Getty,NNP,6
body,Gettysburg,NNP,3
body,Gewermeat,NNP,1
body,Ghost,NN,1
body,Gibbons,NNP,2
body,Gibraltar,NNP,2
body,Gibson,NNP,12
body,Gideon,NNP,13
body,Giesboro,NNP,1
body,Gilbert,NNP,4
body,Gilder,NNP,1
body,Giles,NNP,2
body,Gill,NNP,2
body,Gillem,NNP,37
body,Gillylen,NNP,2
body,Gilmer,NNP,3
body,Gins,NNS,1
body,Girl,NNP,1
body,Gisboro,NNP,2
body,Give,VB,9
body,Glaser,NNP,2
body,Glasgow,NNP,1
body,Glenni,NNP,2
body,Globe,NNP,4
body,Glossbrenner,NNP,2
body,Gn,NN,2
body,Gn,NNP,83
body,Gnl,NNP,2
body,Gns,NNP,1
body,Gns,NNS,1
body,Go,VB,1
body,God,NNP,21
body,Godlove,NNP,1
body,Godman,NNP,7
body,Gods,NNS,3
body,Godwin,NNP,2
body,Gogorga,NNP,1
body,Gogorza,NNP,1
body,Gold,NN,1
body,Gold,NNP,1
body,Goldsmith,NNP,2
body,Gone,VBN,1
body,Gonsalves,NNP,3
body,Gonzales,NNP,3
body,Good,JJ,1
body,Goodloe,NNP,3
body,Goodly,NNP,1
body,Goods,NNP,2
body,Goodspeed,NNP,1
body,Gordian,NNP,1
body,Gordon,NNP,10
body,Gordonsville,NNP,2
body,Gorman,NNP,2
body,Goten,NN,1
body,Gould,NNP,10
body,Goulds,NNP,1
body,Gov,NNP,21
body,Gov.,NNP,79
body,Gov.r,NNP,1
body,Gover,NNP,5
body,GoverNOR,NNP,1
body,Goverment,NNP,17
body,Governemt,NNP,1
body,Government,NN,159
body,Government,NNP,49
body,Governmental,NNP,1
body,Governments,NNS,8
body,Governmt,NNP,5
body,Governor,NN,97
body,Governor,NNP,97
body,Governors,NNP,5
body,Governors,NNS,2
body,Governorship,NN,1
body,Govm,NNP,1
body,Govmt,NNP,1
body,Govmt.,NNP,2
body,Govr,NN,1
body,Govr,NNP,18
body,Govt,JJ,1
body,Govt,NN,1
body,Govt,NNP,28
body,Govt-I,NN,1
body,Govt.,NNP,2
body,Govtmt,NNP,1
body,Govts,NNP,1
body,Grades,NNS,1
body,Graduate,NN,1
body,Grady,NNP,1
body,Graf,NNP,1
body,Graham,NNP,8
body,Grand,NNP,4
body,Grand-Jury,NNP,1
body,Grande,NNP,8
body,Grandfather,NN,1
body,Grandson,NN,1
body,Granger,NN,1
body,Granger,NNP,1
body,Grant,NNP,324
body,Grants,NNPS,6
body,Gravois,NNP,4
body,Great,JJ,7
body,Great,NNP,17
body,Greatly,RB,1
body,Greeley,NNP,3
body,Greely,NNP,1
body,Green,NN,1
body,Green,NNP,9
body,Greenboro,NNP,1
body,Greenbriar,NNP,1
body,Greenbrier,NNP,2
body,Greene,NNP,6
body,Greenes,NNPS,1
body,Greeneville,NNP,1
body,Greensboro,NNP,5
body,Greenville,NNP,5
body,Greenwich,NNP,1
body,Gregory,NNP,8
body,Grenfell,NNP,5
body,Grenville,NNP,7
body,Gresham,NNP,2
body,Greys,NNP,1
body,Grier,NN,1
body,Grier,NNP,2
body,Griffin,NNP,47
body,Griffith,NNP,4
body,Griffiths,NNP,1
body,Grigsby,NNP,5
body,Grimes,NNP,4
body,Grinder,NN,1
body,Grinder,NNP,1
body,Grisar,NNP,2
body,Groce,NNP,1
body,Grossmayer,NN,1
body,Grossmayer,NNP,5
body,Grounds,NNPS,1
body,Gs,NN,1
body,Guard,NNP,7
body,Guardian,NNP,2
body,Guards,NNP,4
body,Guards,NNPS,1
body,Guerillas,NNP,1
body,Guerrero,NNP,2
body,Guerrilla,NN,1
body,Guide,NNP,1
body,Guilder,NNP,1
body,Guilty,JJ,1
body,Guilty,NNP,15
body,Gulf,NNP,6
body,Gun,NN,4
body,Gunboat,NNP,1
body,Gunn,NNP,2
body,Gunpowder,NN,1
body,Guns,NNS,1
body,Gustav,NNP,1
body,Gustave,NNP,2
body,Gustavus,NNP,4
body,Guthrie,NNP,2
body,H,NN,11
body,H,NNP,8
body,H.,NN,8
body,H.,NNP,459
body,H345,NN,1
body,H399,NN,2
body,H408,NN,1
body,HA,NNP,1
body,HAMILTON,NNP,1
body,HAN.cock,NNP,2
body,HANGIED,VBD,1
body,HANcock,NNP,6
body,HAYES,NNP,1
body,HAs,VBZ,1
body,HAwLEY,NNP,1
body,HD,NNP,1
body,HDQRs,NNP,1
body,HDQRs,NNPS,1
body,HDQRs,NNS,3
body,HED,NN,5
body,HED,NNP,56
body,HED,VBN,1
body,HENRY,NNP,5
body,HLHON,UNK,1
body,HMD,NN,1
body,HMD,NNP,3
body,HOME,NNP,1
body,HON,NNP,1
body,HON.,NNP,5
body,HONORABLE,NNP,1
body,HOUSE,NNP,1
body,HRC,NN,1
body,HRC,NNP,6
body,HUGH,NNP,1
body,Ha,FW,1
body,Ha,NNP,1
body,HaHave,NNP,1
body,HaMorse,NNP,1
body,Habeas,NNP,3
body,HabeasCorpus,NNP,1
body,Habitually,RB,1
body,Had,VBD,6
body,Hader,NNP,1
body,Haefley,NN,1
body,Hagen,NNP,1
body,Hagner,NNP,2
body,Haihated,VBD,1
body,Halbert,NNP,3
body,Half,NN,1
body,Hall,NN,1
body,Hall,NNP,5
body,Halleck,NNP,27
body,Ham,NNP,2
body,Hamill,NNP,9
body,Hamilton,NNP,13
body,Hamlet,NNP,1
body,Hamlin,NNP,1
body,Hampshire,NNP,2
body,Hancock,NNP,174
body,Hancocks,NNP,2
body,Hancok,NNP,1
body,Handley,NNP,2
body,Hanever,NNP,1
body,Hannah,NNP,5
body,Hanover,NNP,3
body,Haqrs,NNS,2
body,Harald,NNP,1
body,Harbor,NNP,25
body,Harden,NNP,2
body,Hardie,NNP,3
body,Hardison,NN,1
body,Hardison,NNP,2
body,Hardt,NNP,2
body,Harker,NNP,3
body,Harlan,NNP,4
body,Harley,NNP,2
body,Harney,NNP,4
body,Harold,NNP,1
body,Harper,NNP,5
body,Harpers,NNP,6
body,Harrell,NNP,3
body,Harriet,NNP,1
body,Harris,NNP,8
body,Harrisburg,NNP,3
body,Harrison,NNP,10
body,Harry,NNP,5
body,Hart,NNP,2
body,Hartford,NNP,12
body,Hartley,NNP,11
body,Hartman,NNP,1
body,Hartsuff,NN,1
body,Hartsuff,NNP,1
body,Harvard,NNP,2
body,Harvey,NNP,5
body,Has,VBZ,10
body,Haskin,NNP,1
body,Haskins,NNP,2
body,Hasten,VB,1
body,Hatch,NNP,9
body,Hatcher,NNP,1
body,Hatchers,NNPS,1
body,Hatienal,JJ,1
body,Hatil,NN,1
body,Havana,NNP,3
body,Havanna,NNP,1
body,Have,VBP,13
body,Haveing,VBG,1
body,Haven,NNP,6
body,Haves,VBZ,1
body,Having,VBG,14
body,Hawaii,NNP,1
body,Hawaiian,JJ,1
body,Hawkins,NNP,2
body,Hawley,NNP,10
body,Hawleys,NNPS,1
body,Hay,NN,1
body,Hay,NNP,3
body,Hayden,NNP,6
body,Haydens,NNPS,1
body,Haydon,NNP,1
body,Hayes,NNP,5
body,Hayne,NNP,3
body,Hays,NNP,23
body,Haywood,NNP,1
body,Hazen,NNP,2
body,Hazlehurst,NNP,3
body,Hd,NNP,5
body,He,PRP,251
body,Head,NNP,43
body,Head-Quarters,NNP,1
body,Head-quarters,NNS,1
body,Head@rs,NNPS,1
body,Head@rs,NNS,1
body,Headqrs,NNP,3
body,Headqrs,NNS,1
body,Headquarters,NN,30
body,Heads,NNS,3
body,Health,NNP,2
body,Healy,NNP,14
body,Heartbrocken,NNP,1
body,Heath,NNP,18
body,Heavenly,NNP,1
body,Heavy,NNP,1
body,Hehee,NN,1
body,Heights,NNP,5
body,Heintzelman,NNP,2
body,Held,VBN,1
body,Helen,NNP,2
body,Helena,NNP,7
body,Hell,NNP,1
body,Hempstead,NNP,2
body,Hence,RB,8
body,Henderson,NNP,4
body,Hendrick,NNP,1
body,Henkels,NNP,2
body,Hennessey,NN,1
body,Hennessey,NNP,1
body,Henretta,NNP,1
body,Henry,NNP,140
body,Her,PRP$,5
body,Herald,NNP,4
body,Here,RB,15
body,Heretofore,RB,1
body,Herewith,NNP,7
body,Heritage,NNP,1
body,Herold,NNP,1
body,Herral,NNP,1
body,Herrold,NNP,1
body,Hesselberger,NN,1
body,Hesselberger,NNP,2
body,Het,NNP,1
body,Hext,NN,1
body,Heyd,NN,1
body,Heyd,NNP,21
body,Heyl,NN,1
body,Heyle,NNP,5
body,Hi,UH,1
body,Hibshman,NNP,2
body,Hiccory,NN,1
body,High,JJ,1
body,Highlands,NNPS,1
body,Hildebrand,NNP,1
body,Hildebrant,NN,1
body,Hildt,NN,1
body,Hildt,NNP,1
body,Hill,NNP,45
body,Hillary,NNP,3
body,Hills,NNP,2
body,Hills,NNPS,2
body,Hills.-ALS,NN,1
body,Hillsdale,NNP,2
body,Hillyer,NNP,2
body,Hine,NN,1
body,Hine,NNP,2
body,Hink,NNP,1
body,Hinks,NNP,1
body,Hiram,NNP,6
body,Hirst,NNP,3
body,His,PRP$,81
body,Historical,JJ,32
body,History,NN,13
body,Hit,VBN,1
body,Hitchcock,NN,2
body,Hitchcock,NNP,2
body,Ho,NNP,2
body,HoN,NNP,4
body,HoN.,NNP,18
body,Hobson,NNP,2
body,Hodge,NNP,5
body,Hodges,NNP,4
body,Hoel,NNP,1
body,Hoffman,NNP,6
body,Hoffmann,NNP,1
body,Hogan,NNP,5
body,Holabird,NNP,4
body,Holden,NNP,2
body,Holidays,NNPS,1
body,Holladay,NNP,2
body,Holley,NNP,1
body,Hollister,NNP,9
body,Hollisters,NNP,1
body,Hollisters,NNPS,1
body,Holly,NNP,17
body,Holman,NNP,7
body,Holston,NNP,2
body,Holt,NNP,55
body,Home,NN,7
body,Home,NNP,2
body,Homer,NNP,1
body,Homes,NNPS,1
body,Homesteaded,NNP,1
body,Hon,NNP,22
body,Hon.,NNP,39
body,Honey,NNP,4
body,Honl,NNP,1
body,HonlSecy,NNP,1
body,Honor,NN,5
body,Honorable,JJ,4
body,Honorable,NNP,6
body,Hook,NNP,5
body,Hooker,NNP,3
body,Hope,NNP,3
body,Hoping,VBG,15
body,Hopkins,NNP,2
body,Horace,NNP,11
body,Horatio,NNP,4
body,Horice,NNP,1
body,Horne,NNP,1
body,Horse,NN,2
body,Horses,NNS,7
body,Horsman,NNP,8
body,Hospital,NN,6
body,Hospital,NNP,12
body,Hospitals,NNS,1
body,Hostile,JJ,1
body,Hostilities,NNS,1
body,Hote,NNP,1
body,Hotel,NN,2
body,Hotel,NNP,8
body,Houghton,NNP,4
body,House,NNP,147
body,Houses,NNP,1
body,Houses,NNS,3
body,Houston,NNP,9
body,Hovey,NNP,2
body,How,WRB,5
body,Howard,NNP,46
body,Howards,NNS,1
body,Howdye,NNP,1
body,Howe,NNP,3
body,Howell,NNP,2
body,However,RB,6
body,Howgate,NN,2
body,Howgate,NNP,3
body,Howland,NNP,2
body,Hoxie,NNP,1
body,Hoxsie,NNP,1
body,Hoyt,NNP,18
body,Hs,UNK,1
body,Hubbard,NNP,2
body,Hudgens,NNP,2
body,Hudgens,NNS,1
body,Hudson,NNP,24
body,Hugh,NNP,35
body,Hughes,NNP,2
body,Hugo,NNP,2
body,Humanities,NNP,1
body,Humboldt,NNP,4
body,Humbolt,NNP,3
body,Humphey,NNP,2
body,Humphrey,NNP,4
body,Humphreys,NNP,29
body,Humphry,NNP,2
body,Hundred,NNP,12
body,Hundreds,NNS,3
body,Hungary,NNP,1
body,Hunsaker,NNP,4
body,Hunt,NNP,6
body,Hunter,NNP,8
body,Huntingdon,NNP,3
body,Huntington,NNP,5
body,Huntsville,NNP,11
body,Hurlbut,NNP,2
body,Hurtt,NNP,13
body,Husband,NNP,5
body,Husbands,NNS,2
body,Huth,NNP,2
body,Huxford,NN,1
body,Huxford,NNP,3
body,Hyde,NNP,2
body,Hydrogen,NN,1
body,Hyman,NNP,1
body,Hà,NN,2
body,Hà,NNP,6
body,HàQrs,NNS,1
body,Há,NN,1
body,Hâqrs,NNPS,1
body,Hä,NN,3
body,HäQrs,NNS,1
body,Hóqrs,NNS,1
body,Hö,NN,1
body,Hā,NN,1
body,Hā,NNP,1
body,Hāqrs,NNS,1
body,Hıcı,UNK,1
body,I,CD,7
body,I,NN,8
body,I,NNP,5
body,I,PRP,4761
body,I,UNK,4
body,I-ar,JJ,1
body,I.,NN,13
body,I.,NNP,19
body,I.T.,NNP,2
body,IC,NN,1
body,ICHi,NNP,1
body,ICN,NNP,2
body,ICU,NNP,1
body,ICarbS,NN,10
body,ICipher,NN,1
body,IHi,NN,1
body,IHi,NNP,4
body,II,CD,4
body,II,NNP,5
body,III,CD,4
body,III,NNP,9
body,ILLINOIS,NNP,1
body,IMAY,NN,1
body,IMPossiblE,JJ,1
body,IN,IN,2
body,INDA,NNP,1
body,INTERIOR,NNP,1
body,ISBN,NN,1
body,IT,PRP,1
body,Ia,NNP,1
body,IahA,NN,2
body,Ibid,NN,14
body,Ibid,NNP,1
body,Ibid.,NN,9
body,Ibid.,NNP,3
body,Iconsented,NNP,1
body,If,IN,262
body,Ifancy,NN,1
body,Ignacio,NNP,1
body,Ihrie,NNP,5
body,Ill,NNP,3
body,Ill.,NNP,61
body,Illimilable,JJ,1
body,Illinois,NNP,38
body,Illn,NN,1
body,Ills,NNS,3
body,Imagine,VB,1
body,Imake,NNP,1
body,Imhoff,NNP,9
body,Immediately,RB,5
body,Immortal,JJ,1
body,Impeachment,NN,6
body,Impeachment,NNP,2
body,Imperial,NNP,1
body,Imperninent,JJ,1
body,Important,JJ,1
body,Impossible,JJ,1
body,Improvements,NNP,1
body,In,IN,435
body,In,NNP,1
body,InFtwL,NNP,1
body,InHi,NN,1
body,InNd,NNP,1
body,InU,NNP,2
body,Inasmuch,RB,2
body,Inc.,NNP,2
body,Ind,NNP,1
body,Ind.,NNP,19
body,Indeed,RB,1
body,Indefinite,JJ,1
body,Independent,NNP,3
body,Index,NNP,1
body,Indian,JJ,75
body,Indian,NNP,47
body,Indiana,NNP,13
body,Indianapolis,NNP,7
body,Indianola,NNP,3
body,Indians,NNPS,129
body,Indio,NNP,2
body,Individual,JJ,1
body,Individual,NNP,2
body,Indiſan,NN,1
body,Ineffably,RB,1
body,Inen,NN,1
body,Inez,NNP,2
body,Inf,NN,8
body,Inf,NNP,3
body,Inf.,NN,40
body,Inf.,NNP,11
body,Inf.y,NN,4
body,Infant,NNP,1
body,Infantry,NNP,89
body,Influance,NNP,1
body,Infly,NN,1
body,Infly,NNP,2
body,Infly,RB,1
body,Inform,VB,1
body,Inft,NNP,2
body,Infty,NNP,8
body,Infty.,NNP,2
body,Infy,NN,4
body,Infy,NNP,7
body,Infy.,NN,1
body,Infy.,NNP,1
body,Ing,UNK,1
body,Ingalls,NNP,3
body,Inge,NNP,2
body,Inlet,NNP,2
body,Inman,NNP,2
body,Innis,NNP,2
body,Inprisent,NNP,1
body,Inquiry,NNP,5
body,Ins,NNP,1
body,Ins,NNS,1
body,Insert,NNP,1
body,Insertions,NNS,1
body,Insp.,NNP,1
body,Inspection,NNP,3
body,Inspector,NNP,18
body,Inspectors,NNS,1
body,Inspr,NNP,2
body,Inst,NN,3
body,Inst,NNP,1
body,Inst.,NNP,1
body,Instantly,RB,1
body,Instead,RB,3
body,Institute,NNP,4
body,Institution,NNP,10
body,Institutions,NNS,1
body,Instruct,NNP,1
body,Instructions,NNS,1
body,Instruments,NNP,2
body,Instruments,NNPS,2
body,Int,NNP,1
body,Intel,NNP,1
body,Intelligencer,NN,4
body,Intelligencer,NNP,9
body,Intercourse,NNP,1
body,Interior,NNP,49
body,Internal,NNP,10
body,International,NNP,3
body,Interogatories,NNPS,2
body,Interpreter,NN,1
body,Intertropical,NNP,2
body,Invalid,JJ,1
body,Invalid,NNP,2
body,Inventions,NNS,1
body,Investigat,VB,1
body,Iowa,NNP,38
body,Iowal,NNP,1
body,Ireland,NNP,5
body,Irelceived,JJ,1
body,Irish,JJ,2
body,Irish,NNP,1
body,Iron,NN,1
body,Iron,NNP,9
body,Irons,NNP,1
body,Irregular,JJ,1
body,Irregular,NNP,1
body,Irvin,NNP,11
body,Irving,NNP,11
body,Irwin,NNP,1
body,Irwinsville,NNP,1
body,Irwinville,NNP,1
body,Is,VBZ,23
body,Isaac,NNP,16
body,Island,NN,10
body,Island,NNP,27
body,Islands,NNPS,2
body,Israel,NNP,1
body,Issue,NN,1
body,Issue,VB,1
body,Issued,VBN,1
body,Isthmus,NN,1
body,It,PRP,360
body,It.,NNP,1
body,Item,NNP,1
body,Ithaca,NNP,1
body,Its,PRP$,8
body,J,NN,6
body,J,NNP,8
body,J.,NNP,273
body,JAN.,NN,7
body,JAN.,NNP,101
body,JANY,NNP,1
body,JAY,NNP,1
body,JNo,NN,2
body,JNo,NNP,3
body,JOHN,NNP,1
body,JUNE,NN,18
body,JUNE,NNP,44
body,JUSTICE,NN,1
body,Jackson,NNP,16
body,Jacksonville,NNP,3
body,Jacob,NNP,9
body,Jacobi,NNP,2
body,Jah.y,NNP,1
body,Jail,NN,4
body,Jake,NNP,2
body,James,NNP,171
body,Jan,NNP,6
body,Jan.,NNP,238
body,Janeiro,NNP,1
body,Janes,NNP,2
body,January,NNP,58
body,Jany,NN,1
body,Jany,NNP,9
body,Jared,NNP,1
body,Jas,NN,1
body,Jas,NNP,1
body,Jasper,NNP,2
body,Jax,NN,1
body,Jay,NNP,10
body,Jefferson,NNP,63
body,Jeffersonville,NNP,4
body,Jeffrey,NNP,1
body,Jenkins,NNP,16
body,Jennie,NNP,3
body,Jennings,NNP,2
body,Jeremiah,NNP,1
body,Jersey,NNP,5
body,Jess,NNP,1
body,Jesse,NNP,23
body,Jessee,NNP,1
body,Jew,NN,2
body,Jewell,NNP,3
body,Jewish,JJ,1
body,Jewish,NNP,1
body,Jews,NNPS,2
body,Jim,NNP,3
body,Jno,NN,4
body,Jno,NNP,10
body,Joel,NNP,2
body,John,NNP,426
body,Johnes,NNP,2
body,Johns,NNP,1
body,Johnson,NNP,324
body,Johnston,NNP,7
body,Johnstown,NNP,2
body,Joined,VBD,1
body,Joint,NNP,11
body,Joliet,NNP,2
body,Jonathan,NNP,4
body,Jones,NNP,21
body,Jordan,NNP,3
body,Jos,NNP,2
body,Joseph,NNP,116
body,Joshua,NNP,9
body,Josiah,NNP,1
body,José,NNP,10
body,Joubert,NNP,2
body,Journal,NNP,1
body,Joy,NNP,2
body,Jr,NNP,2
body,Jr.,NNP,20
body,Juan,NNP,2
body,Juarez,NNP,2
body,Judg,NNP,1
body,Judge,NNP,189
body,Judge,VB,1
body,Judgeing,NN,1
body,Judgement,NN,1
body,Judges,NNP,1
body,Judges,NNPS,11
body,Judges,NNS,1
body,Judgeship,NN,2
body,Judgment,NN,1
body,Judgship,NN,2
body,Judgships,NN,1
body,Judicial,NNP,8
body,Judiciary,NNP,8
body,Judson,NNP,3
body,Julia,NNP,7
body,Julian,NNP,2
body,Julius,NNP,2
body,July,NNP,169
body,June,NNP,361
body,Juries,NNPS,1
body,Jurisdiction,NN,2
body,Jury,NNP,2
body,Just,RB,7
body,Justice,NN,1
body,Justice,NNP,21
body,Justices,NNPS,2
body,Justinian,NNP,1
body,Justly,NNP,1
body,Juárez,NNP,1
body,K,NN,1
body,K,NNP,9
body,K.,NNP,63
body,KANSAs,NNP,1
body,KERSHAw,NNP,1
body,KHi,NNP,1
body,KILLED,VBN,1
body,Kan.,NNP,46
body,Kansas,NNP,35
body,Kasselring,NN,1
body,Kate,NNP,4
body,Kautz,NNP,4
body,Kaw,NN,1
body,Kaw,NNP,1
body,Kaſultz,NNP,2
body,Kean,NNP,1
body,Kearney,NNP,7
body,Kearny,NNP,7
body,Keeler,NNP,1
body,Keep,VB,1
body,Keeper,NN,1
body,Keeper,NNP,1
body,Keeping,VBG,2
body,Keeps,VBZ,1
body,Keim,NNP,2
body,Kelley,NNP,6
body,Kelly,NNP,3
body,Kelton,NNP,12
body,Keltons,NNPS,1
body,Kemper,NNP,1
body,Kennedy,NNP,4
body,Kenneth,NNP,2
body,Kenney,NNP,5
body,Kentucky,NNP,11
body,Kenty,NNP,1
body,Kenyon,NNP,2
body,Kept,VBD,1
body,Kept,VBN,1
body,Kermon,NNP,3
body,Kershaw,NNP,6
body,Kesselring,NN,1
body,Kesselring,NNP,1
body,Ketchum,NNP,4
body,Kettle,NN,1
body,Kew,NNP,1
body,Key,NN,3
body,Key,NNP,6
body,Keys,NNP,5
body,Khekwille,NNP,1
body,Kiddoo,NNP,7
body,Kiehl,NNP,4
body,Kieler,NNP,1
body,Kilbourn,NNP,1
body,Killborn,NNP,1
body,Killed,NNP,1
body,Killed,VBN,1
body,Kind,NNP,5
body,Kindness,NN,1
body,Kinds,NNS,1
body,King,NNP,14
body,Kiowa,NNP,3
body,Kirkham,NNP,3
body,Kirkpatrick,NNP,3
body,Kissane,NNP,2
body,Kit,NN,1
body,Kittle,NNP,1
body,Klan,NNP,5
body,Klux,NNP,6
body,Knapsacks,NNP,1
body,Knefler,NNP,6
body,Knew,VBD,1
body,Knights,NNP,1
body,Knot,NNP,1
body,Know,NNP,4
body,Knowing,VBG,8
body,Known,VBN,3
body,Knoxville,NNP,14
body,Ko,UNK,1
body,Ks,NNP,1
body,Ku,NNP,6
body,Kuhne,NNP,2
body,Kutler,NNP,1
body,Ky,NNP,6
body,Ky.,NNP,45
body,L,NNP,3
body,L,UNK,2
body,L(x）.yısı,UNK,1
body,L.,NN,1
body,L.,NNP,121
body,L420,NN,1
body,LA,NNP,9
body,LAwsuit,NN,1
body,LEAGUE,NN,1
body,LEAVEN,NNP,1
body,LEIN,UNK,1
body,LI,UNK,1
body,LIBRARIE,UNK,1
body,LIEBER,NNP,1
body,LOAN,NNP,1
body,LS,NN,426
body,LT,UNK,1
body,LT.,NNP,4
body,La,NNP,13
body,La.,NNP,61
body,LaGrange,NNP,1
body,Labade,NNP,1
body,Labadi,NNP,1
body,Lackland,NNP,4
body,Ladies,NNP,1
body,Lady,NN,2
body,Lafayette,NNP,3
body,Lagrange,NNP,1
body,Lake,NNP,8
body,Lakes,NNS,6
body,Lamar,NNP,2
body,Lamp,NNP,1
body,Lancaster,NNP,10
body,Lance,NNP,1
body,Lancey,NNP,1
body,Land,NNP,14
body,Landing,NN,15
body,Lands,NNPS,14
body,Lane,NNP,2
body,Langdon,NNP,2
body,Lanier,NNP,2
body,Laramie,NNP,18
body,Larceny,NNP,2
body,Large,JJ,8
body,Lark,NN,1
body,Lark,NNP,1
body,Larned,NNP,2
body,Larner,NNP,2
body,Las,NNP,4
body,Laski,NNP,2
body,Last,JJ,3
body,Late,JJ,1
body,Late,NNP,1
body,Lately,RB,1
body,Later,RB,1
body,Laucana,NNP,2
body,Laucano,NNP,1
body,Laundresses,NNPS,1
body,Laurens,NNP,2
body,Law,NN,27
body,Law,NNP,12
body,Lawer,NN,1
body,Lawful,JJ,1
body,Lawrence,NNP,10
body,Laws,NN,1
body,Laws,NNP,2
body,Laws,NNPS,1
body,Laws,NNS,6
body,Lawson,NNP,5
body,Lawyers,NNS,2
body,Lay,VB,1
body,LeRoy,NNP,1
body,Leach,NNP,3
body,Lead,JJ,1
body,Leader,NNP,1
body,Leaders,NNS,1
body,League,NNP,13
body,Leagues,NNPS,1
body,Learning,NNP,3
body,Leased,VBN,1
body,Least,NNP,1
body,Leatherwood,NNP,2
body,Leaumont,NNP,2
body,Leave,VB,2
body,Leavenworth,NNP,29
body,Leavenworth.-Ibid,NN,1
body,Leaving,VBG,1
body,Led,VBD,1
body,Ledger,NNP,6
body,Ledyard,NNP,12
body,Lee,NNP,9
body,Leech,NNP,1
body,Leem,NNP,1
body,Lees,NNP,1
body,Leesburg,NNP,2
body,Leet,NNP,28
body,Legal,JJ,3
body,Legation,NN,2
body,Legation,NNP,1
body,Leger,NNP,4
body,Legislative,JJ,6
body,Legislature,NNP,67
body,Legislatures,NNP,3
body,Legislatures,NNS,3
body,Lehman,NNP,5
body,Leland,NNP,2
body,Lemuel,NNP,1
body,Lenders,NNP,1
body,Lenoir,NNP,2
body,Lent,NNP,1
body,Lenth,NNP,1
body,Leonard,NNP,3
body,Leonidas,NNP,1
body,Leopold,NNP,1
body,Lerdo,NNP,3
body,Lest,IN,2
body,Let,VB,22
body,Letter,NN,8
body,Letter,NNP,2
body,Letters,NNP,374
body,Letters,NNPS,1
body,Letters,NNS,518
body,Leutenancy,NN,1
body,Levee,NN,1
body,Levee,NNP,3
body,Levees,NNP,4
body,Levi,NNP,2
body,Levy,NNP,2
body,Lewis,NNP,41
body,Lexington,NNP,15
body,Libara,NNP,1
body,Libby,NNP,3
body,Liberan,NNP,1
body,Liberia,NNP,1
body,Liberty,NNP,6
body,Library,NNP,35
body,Liby,NNP,1
body,Lieber,NNP,5
body,Lieut,JJ,2
body,Lieut,NN,6
body,Lieut,NNP,61
body,Lieut-Colonel,NNP,1
body,Lieut.,NN,2
body,Lieut.,NNP,108
body,Lieut.Genl,NN,1
body,Lieutenancy,NN,1
body,Lieutenant,JJ,1
body,Lieutenant,NN,14
body,Lieutenant,NNP,34
body,Lieutenant-General,NNP,1
body,Lieutenantcy,NN,1
body,Lieutenants,NNP,1
body,Lieutenants,NNPS,2
body,Lieutenants,NNS,5
body,Life,NN,4
body,Life,NNP,2
body,Light,JJ,2
body,Light,NNP,2
body,Like,IN,2
body,Lima,NNP,1
body,Lincoln,NNP,38
body,Line,NN,3
body,Lines,NNS,1
body,Linn,NNP,2
body,Lionel,NNP,2
body,Liquor,NN,1
body,List,NN,1
body,Listed,VBN,1
body,Litchfield,NNP,2
body,Litten,NNP,2
body,Little,JJ,11
body,Little,NNP,7
body,Livonia,NNP,3
body,Lloyal,JJ,1
body,Lloyd,NNP,6
body,Loa,UNK,1
body,Loans,NNS,1
body,Local,JJ,1
body,Located,VBN,1
body,Location,NNP,2
body,Lock,NN,2
body,Lock,NNP,1
body,Locomotive,NNP,3
body,Locomotive-Engines,NNPS,1
body,Lodge,NNP,2
body,Lodged,VBN,1
body,Logan,NNP,10
body,London,NNP,15
body,Long,JJ,1
body,Long,NNP,4
body,Longitude,NNP,1
body,Longstreet,NNP,9
body,Lookout,NNP,4
body,Loomis,NNP,2
body,Loose,VB,1
body,Lord,NNP,3
body,Lorenzo,NNP,11
body,Los,NNP,2
body,Lottier,NN,2
body,Lottier,NNP,3
body,Loudon,NNP,2
body,Louis,NNP,115
body,Louisa,NNP,3
body,Louise,NNP,1
body,Louisiana,NNP,50
body,Louisiania,NNP,5
body,Louisville,NNP,25
body,Love,NN,1
body,Lovell,NNP,2
body,Lowe,NNP,1
body,Lowndes,NNP,2
body,Lowville,NNP,3
body,Loyal,JJ,8
body,Loyal,NNP,2
body,Loyalty,NN,5
body,Ls,NNS,1
body,Lt,NN,4
body,Lt,NNP,23
body,Lt.,NNP,147
body,Lucien,NNP,1
body,Lucius,NNP,5
body,Lucretia,NNP,2
body,Lucy,NNP,2
body,Ludington,NNP,2
body,Luella,NNP,2
body,Luis,NNP,1
body,Lunatic,NNP,1
body,Luther,NNP,1
body,Lyman,NNP,10
body,Lynch,NNP,2
body,Lynchburg,NNP,10
body,Lyon,NNP,22
body,Lyons,NNP,2
body,Lºs,UNK,1
body,M,NN,15
body,M,NNP,2
body,M-approved,JJ,1
body,M.,NNP,325
body,M.A.,NNP,1
body,M.D.,NNP,1
body,M103,NN,1
body,M1290,NNP,1
body,M1375,NNP,1
body,M1388,NNP,1
body,M162,NN,1
body,M18,NN,1
body,M19,NN,2
body,M270,NN,1
body,M31,NN,1
body,M460,NN,1
body,M496,NNP,1
body,M528,NN,1
body,M550,NN,1
body,M557,NN,1
body,M577,NN,1
body,M601,NN,1
body,M955,NN,1
body,MAJ,NN,1
body,MAJ,NNP,1
body,MAJ.,NNP,38
body,MAJOR,NNP,3
body,MAJoR,NNP,2
body,MAN,NN,1
body,MAR.,NN,2
body,MAR.,NNP,5
body,MARCH,NN,29
body,MARCH,NNP,2
body,MARSHALL,NNP,1
body,MARch,NN,2
body,MAY,NNP,56
body,MAYBE,RB,1
body,MAYER,NNP,1
body,MClin,NNP,1
body,MEADE,NNP,14
body,MH,NN,1
body,MH,NNP,1
body,MHi,NNP,1
body,MIL,NN,4
body,MILITARY,NN,1
body,MILITARY,NNP,7
body,MILITY,NNP,1
body,MILTY,NNP,1
body,MJune,NNP,1
body,MO.,NN,1
body,MOSHi,NNP,1
body,MOST,JJS,1
body,MR.,NNP,3
body,MY,NNP,14
body,Ma,NNP,1
body,Ma-hic-kon,NN,1
body,MacKall,NNP,2
body,Macauley,NNP,3
body,Macfeely,NNP,1
body,Mackall,NNP,4
body,Mackenzie,NNP,3
body,Mackey,NNP,2
body,Mackinac,NNP,2
body,Macomb,NNP,2
body,Macon,NNP,11
body,Maddalena,NNP,1
body,Madigan,NNP,1
body,Madison,NNP,13
body,Magalhaens,NNP,4
body,Magazine,NNP,2
body,Mager,NNP,1
body,Magistrate,NN,1
body,Magistrate,NNP,1
body,Magruder,NNP,1
body,Mahan,NNP,3
body,Mahican,NN,2
body,Mahican,NNP,2
body,Mahicans,NNPS,1
body,Mahone,NNP,2
body,Mail,NNP,6
body,Mails,NNS,1
body,Main,NNP,1
body,Maine,NNP,12
body,Maj,NN,4
body,Maj,NNP,18
body,Maj-Genl,NNP,1
body,Maj.,NNP,510
body,Maj.,VB,6
body,MajGen,NNP,8
body,MajGenl.,NNP,1
body,MajJ,NN,1
body,Majer,NNP,1
body,Majesty,NNP,1
body,Major,JJ,67
body,Major,NNP,89
body,Major-Genl,NNP,1
body,Majority,NNP,6
body,Majoſr,NNP,1
body,Majr,NNP,1
body,Make,VB,2
body,Make,VBP,1
body,Makegebandumanee,NN,1
body,Makegebandumanee,NNP,1
body,Making,VBG,1
body,Malcolm,NNP,2
body,Malice,NNP,1
body,Mallory,NNP,2
body,Malone,NNP,5
body,Malvern,NNP,3
body,Mamma,NN,1
body,Man,NN,7
body,Man,NNP,2
body,Man-of-war,NNP,1
body,Manage,VB,1
body,Manager,NN,1
body,Managers,NNS,2
body,Manchester,NNP,3
body,Mankind,NNP,1
body,Manly,NNP,3
body,Manner,NNP,1
body,Manning,NNP,4
body,Mansfield,NNP,2
body,Mansion,NNP,1
body,Manual,NNP,1
body,Manufacturers,NNPS,1
body,Manufacturing,NNP,1
body,Manuscripts,NNPS,1
body,Manuscripts,NNS,3
body,Many,JJ,7
body,Manzanares,NNP,1
body,Maplewood,NNP,2
body,Maps,NNS,1
body,Mar,NNP,4
body,Mar.,NN,1
body,Mar.,NNP,1
body,March,NNP,308
body,Marcy,NNP,16
body,Mare,NNP,2
body,Margaret,NNP,4
body,Marian,NNP,2
body,Marie,NNP,6
body,Marietta,NNP,3
body,Marine,NNP,5
body,Marino,NNP,2
body,Marion,NNP,4
body,Marissa,NNP,2
body,Marjorie,NNP,2
body,Mark,NNP,1
body,Market,NN,1
body,Market,NNP,1
body,Markets,NNPS,1
body,Markland,NNP,2
body,Marltial,NNP,1
body,Marquez,NNP,9
body,Marriage,NNP,1
body,Married,JJ,1
body,Marryland,NNP,1
body,Mars,NNP,1
body,Marshal,NN,1
body,Marshal,NNP,18
body,Marshall,NNP,16
body,Marshals,NNP,3
body,Marshalship,NNP,1
body,Martial,NNP,40
body,Martin,NNP,9
body,Martinsburg,NNP,2
body,Martyr,NN,2
body,Mary,NNP,16
body,Maryland,NNP,8
body,Marys,NNP,1
body,Mason,NNP,12
body,Mass,JJ,4
body,Mass,NNP,2
body,Mass.,NNP,56
body,Mass.-ALS,NN,1
body,Massac,NNP,2
body,Massachusetts,NNP,11
body,Massacre,NN,1
body,Massacrees,NNS,1
body,Massouri,NNP,1
body,Master,NN,13
body,Master,NNP,16
body,Masters,NN,5
body,Matanzas,NNP,1
body,Material,NNP,1
body,Materially,RB,1
body,Mathematics,NNP,1
body,Mathematics,NNS,1
body,Mathew,NNP,1
body,Matron,NNP,1
body,Matters,NNS,4
body,Matthew,NNP,2
body,Matthews,NNP,2
body,Matías,NNP,2
body,Maurice,NNP,2
body,Maximilian,NNP,2
body,Maxwell,NNP,5
body,Maxwells,NNPS,2
body,May,MD,15
body,May,NNP,249
body,May/61,NN,1
body,Mayer,NNP,1
body,Mayfield,NNP,6
body,Maynard,NNP,5
body,Mayor,NNP,51
body,Mayoralty,NN,2
body,Mayors,NNP,1
body,Mazard,NNP,2
body,Mazel,NNP,3
body,McA.,NNP,1
body,McAffee,NNP,2
body,McAlister,NNP,4
body,McAlisters,NNP,1
body,McAntee,NNP,1
body,McArthur,NNP,2
body,McAtee,NNP,2
body,McBlair,NNP,2
body,McCLURG,NNP,1
body,McCULLOCH,NNP,3
body,McCardle,NNP,20
body,McCauland,NNP,1
body,McCauskland,NNP,1
body,McCausland,NNP,2
body,McCauslands,NNPS,1
body,McClellan,NNP,5
body,McClellans,NNPS,1
body,McClurg,NNP,4
body,McComb,NNP,6
body,McConaghy,NNP,2
body,McConnell,NNP,2
body,McCook,NNP,2
body,McCoy,NNP,5
body,McCoys,NNP,1
body,McCulloch,NNP,57
body,McCullochs,NNP,1
body,McCurdy,NNP,2
body,McDermit,NNP,3
body,McDermott,NNP,2
body,McDonald,NN,2
body,McDonald,NNP,3
body,McDowel,NNP,1
body,McDowell,NNP,50
body,McFERRAN,NNP,1
body,McFalls,NNP,5
body,McFarlan,NNP,3
body,McFeeley,NNP,1
body,McFerran,NNP,10
body,McGIll,NNP,1
body,McGill,NNP,4
body,McGinnis,NNP,2
body,McGonnigle,NNP,2
body,McGowan,NNP,2
body,McGruder,NNP,1
body,McHenry,NNP,4
body,McI,NNP,1
body,McIntosh,NNP,3
body,McK,NNP,1
body,McKee,NNP,4
body,McKeever,NNP,2
body,McKelvie,NNP,1
body,McKenna,NNP,2
body,McKinney,NNP,3
body,McL,NN,1
body,McL,NNP,2
body,McLaughlin,NNP,5
body,McLean,NNP,2
body,McLellan,NNP,2
body,McMillan,NNP,2
body,McMullin,NNP,2
body,McMurty,NNP,2
body,McNally,NNP,3
body,McNamara,NNP,2
body,McNutt,NNP,4
body,McPherson,NNP,13
body,McRae,NNP,2
body,McWhiney,NNP,1
body,Mch,NN,2
body,Md,NNP,3
body,Md.,NNP,37
body,Md.AN,NNP,1
body,Me,NNP,1
body,Me,PRP,5
body,MeB,NNP,6
body,Meade,NN,1
body,Meade,NNP,259
body,Meades,NNP,1
body,Mealde,RB,1
body,Means,NNP,4
body,Meantime,RB,1
body,Meanwhile,RB,2
body,Measureless,JJ,1
body,Mechanic,NNP,2
body,Medecines,NNP,1
body,Medical,JJ,4
body,Medical,NNP,8
body,Medicine,NN,2
body,Medicine,NNP,2
body,Meek,NNP,2
body,Meeting,VBG,2
body,Meigs,NNP,4
body,Melchior,NNP,2
body,Melville,NNP,1
body,Member,NNP,5
body,Members,NNS,7
body,Memoirs,NNP,3
body,Memoirs,NNPS,1
body,Memoirs,NNS,2
body,Memorial,NN,4
body,Memorialist,NNP,1
body,Memorialists,NNS,1
body,Memphis,NNP,22
body,Men,NN,3
body,Men,NNP,1
body,Mendenhall,NN,1
body,Mendenhall,NNP,2
body,Mens,NNPS,1
body,Menzemares,NNP,1
body,Merchant,NN,1
body,Merchant,NNP,1
body,Merchants,NNPS,1
body,Merchants,NNS,1
body,Mercy,NN,2
body,Meredith,NNP,2
body,Meredosia,NNP,2
body,Mereure,NN,1
body,Mereure,NNP,1
body,Meritorious,NNP,1
body,Merlin,NNP,1
body,Merrill,NNP,4
body,Merritt,NNP,9
body,Mesilla,NNP,2
body,Mess,NN,6
body,Message,NN,1
body,Messages,NNS,10
body,Messenger,NN,1
body,Messenger,NNP,1
body,Messengers,NNS,1
body,Messers,NNP,1
body,Messers,NNPS,1
body,Messr,NNP,1
body,Messrs,NNP,7
body,Messrs,NNPS,1
body,Messrs.,NN,1
body,Messrs.,NNP,2
body,Messrs.,NNPS,3
body,Metcalf,NNP,2
body,Methodism,NNP,1
body,Methodist,JJ,1
body,Methodist,NNP,6
body,Methodists,NNPS,2
body,Metia,NNP,1
body,Meto,NNP,1
body,Metroplitan,NNP,1
body,Mex,NNP,3
body,Mexican,JJ,12
body,Mexican,NNP,11
body,Mexicans,NNPS,2
body,Mexico,NNP,124
body,Mexo,NNP,3
body,Meátee,NNP,1
body,Mguth-thew,NN,2
body,MiD,NNP,1
body,MiLJ-C,NNP,1
body,Mich,NNP,1
body,Mich.,NNP,17
body,Michael,NNP,11
body,Michal,NNP,1
body,Michel,NNP,2
body,Michigan,NNP,9
body,Middle,NN,1
body,Middle,NNP,1
body,Middleton,NNP,2
body,Might,NN,1
body,Mil,NN,18
body,Mil,NNP,7
body,Milatary,JJ,1
body,Miles,NNP,3
body,Military,JJ,75
body,Military,NNP,304
body,Militia,NN,1
body,Militia,NNP,11
body,Militry,NNP,1
body,Mility,NNP,1
body,Miliutin,NN,1
body,Mill,NNP,10
body,Millard,NNP,1
body,Milledge,NNP,1
body,Milledgeville,NNP,2
body,Miller,NNP,10
body,Milligan,NNP,1
body,Milliken,NNP,14
body,Million,NNP,3
body,Millions,NNPS,1
body,Millions,NNS,3
body,Millitary,NNP,1
body,Mills,NNP,17
body,Milt,NNP,1
body,Milton,NNP,2
body,Milty,NNP,6
body,Milutine,NNP,2
body,Milwaukee,NNP,9
body,Milwaukie,NNP,1
body,Mily,NNP,1
body,Mineral,NNP,1
body,Miners,NNP,1
body,Mines,NNP,2
body,Minesota,NNP,1
body,Miniconjou,NNP,1
body,Mining,NN,1
body,Mining,NNP,1
body,Ministe,NNP,1
body,Minister,NNP,16
body,Ministerial,NNP,1
body,Ministers,NNPS,4
body,Minn.,NNP,22
body,Minneconjous,NNP,2
body,Minnesota,NNP,14
body,Minor,NNP,1
body,Miscellaneous,NNP,16
body,Misdated,VBN,2
body,Misery,NN,1
body,Miss,NNP,20
body,Miss.,NNP,58
body,Misseuri,NNP,1
body,Mission,NNP,2
body,Mississippi,NNP,35
body,Mississpaa,NNP,1
body,Missouri,NNP,31
body,Mistress,NN,1
body,Mitchel,NNP,1
body,Mitchell,NNP,4
body,Mixed,NNP,1
body,Mixson,NNP,3
body,Mo,NN,5
body,Mo,NNP,6
body,Mo-he-con-nuk,NN,1
body,Mo.,NNP,38
body,MoBILE,NNP,1
body,MoRGAN,NNP,1
body,Mobile,NNP,17
body,Moffitt,NNP,2
body,Mohave,NNP,1
body,Moines,NNP,6
body,Mojave,NNP,1
body,Molene,NN,1
body,Molene,NNP,1
body,Molly,NNP,2
body,Monday,NNP,32
body,Money,NNP,1
body,Monitor,NNP,2
body,Monmouth,NNP,2
body,Monocacy,NNP,5
body,Monongalia,NNP,1
body,Monroe,NNP,14
body,Monroes,NNPS,1
body,Montague,NNP,3
body,Montana,NNP,19
body,Montevideo,NNP,2
body,Montgomery,NNP,22
body,Month,NNP,2
body,Monticello,NNP,1
body,Monticillo,NNP,1
body,Moor,NNP,2
body,Moore,NNP,11
body,Moorhead,NNP,10
body,Moorman,NNP,2
body,Mora,NNP,2
body,Moran,NNP,3
body,More,JJR,1
body,Moreover,RB,2
body,Morgan,NNP,16
body,Morgantown,NNP,3
body,Morganza,NNP,2
body,Mormons,NNPS,4
body,Morning,NN,4
body,Mornings,NNS,1
body,Morris,NNP,5
body,Morrisey,NNP,4
body,Morrow,NNP,4
body,Morse,NNP,5
body,Morton,NNP,6
body,Mosbey,NN,3
body,Mosbey,NNP,11
body,Mosbeys,NNPS,1
body,Mosby,NNP,16
body,Moses,NNP,4
body,Most,JJS,2
body,Most,RBS,1
body,Mother,NN,9
body,Mother,NNP,4
body,Mothers,NNS,1
body,Mott,NNP,2
body,Mound,NNP,2
body,Mounman,NNP,1
body,Mount,NNP,5
body,Mountain,NNP,10
body,Mountains,NNPS,1
body,Mountains,NNS,3
body,Mountpleasant,NN,1
body,Mountpleasant,NNP,1
body,Moury,NNP,1
body,Mouth,NN,1
body,Moved,VBD,1
body,Mowasco,NNP,2
body,Mower,NN,6
body,Mower,NNP,51
body,Mowry,NNP,1
body,Mr,NN,14
body,Mr,NNP,195
body,Mr.,NNP,301
body,Mrs,NNP,39
body,Mrs.,NNP,80
body,Mt.,NNP,1
body,Mtd,NNP,1
body,Much,JJ,2
body,Mulhall,NNP,4
body,Mullan,NNP,4
body,Municipal,JJ,7
body,Municipal,NNP,1
body,Murder,NN,3
body,Murfreesboro,NNP,2
body,Murphy,NNP,13
body,Murray,NNP,11
body,Museum,NN,3
body,Museum,NNP,1
body,Musician,NN,1
body,Musket,NNP,1
body,Muskets,NNPS,1
body,Must,MD,1
body,Mustered,VBN,1
body,Musée,NN,1
body,Mutinous,JJ,3
body,Mutiny,NN,2
body,My,PRP$,99
body,Myer,NN,1
body,Myer,NNP,11
body,Myers,NNP,8
body,Myself,NNP,2
body,M’S,UNK,1
body,N,NN,2
body,N,NNP,8
body,N.,NNP,139
body,N.C.,NNP,30
body,N.H.,NNP,6
body,N.J.,NNP,16
body,N.Y.,NNP,70
body,N118,NN,1
body,N122,NN,1
body,N130,NN,1
body,N58,NN,1
body,NATHAN,NNP,1
body,NATIONAL,NNP,2
body,NC,NN,1
body,NE,NNS,1
body,NEED,NNP,1
body,NER,NN,2
body,NEW,NNP,2
body,NEw,NNP,12
body,NHi,NNP,3
body,NIC,NNP,1
body,NMexico,NNP,1
body,NN,NNP,6
body,NNP,NNP,2
body,NO,NN,1
body,NO,UNK,1
body,NOR,NNP,1
body,NOÐBAO,UNK,1
body,NRU,NNP,4
body,NVBT,UNK,1
body,NWTA,NN,1
body,NY,NNP,5
body,Nacogdoches,NNP,1
body,Nacogdoches,NNS,1
body,Nahn-daum,NN,2
body,Name,NN,1
body,Name,VB,2
body,Names,NNS,1
body,Namley,NNP,1
body,Napoleon,NNP,4
body,Nash,NNP,2
body,Nashville,NNP,18
body,Nassau,FW,2
body,Nassau,NN,1
body,Natchez,NNP,2
body,Nathan,NNP,5
body,Nathaniel,NNP,10
body,Natick,NNP,2
body,Natieh,NNP,1
body,Natien,NNP,1
body,Nation,NN,7
body,Nation,NNP,13
body,National,JJ,3
body,National,NNP,49
body,Natl,NNP,1
body,Navada,NNP,1
body,Navajo,JJ,1
body,Navajo,NNP,3
body,Navajoe,NNP,2
body,Navajoes,NNPS,1
body,Navajos,NNP,1
body,Navajos,NNPS,7
body,Navajos,NNS,1
body,Naval,NNP,7
body,Navies,NNS,1
body,Navy,NNP,51
body,Nawal,UNK,1
body,Ne,NNP,1
body,Near,IN,1
body,Nearly,RB,2
body,Neb.,NNP,8
body,Nebraska,NNP,5
body,Necessarily,RB,1
body,Necessity,NN,1
body,Neely,NNP,1
body,Negro,NNP,2
body,Negroes,NNS,6
body,Neil,NNP,1
body,Neill,NNP,1
body,Neither,CC,2
body,Neither,DT,4
body,Nellie,NNP,1
body,Nelson,NNP,8
body,Nephew,NNP,1
body,Nesmith,NNP,2
body,Nestor,NNP,2
body,Nethercutt,NNP,1
body,Netherlands,NNP,3
body,Neutral,JJ,1
body,Neutral,NNP,2
body,Nev.,NNP,3
body,Nevada,NNP,3
body,Nevertheless,RB,2
body,New,NNP,544
body,New-Market,NNP,1
body,New-Orleans,NNP,2
body,New-York,NNP,4
body,New-years,NNS,1
body,NewOrleans,NNP,4
body,NewYork,NNP,7
body,Newbern,NNP,4
body,Newberry,NNP,2
body,Newburg,NNP,2
body,Newburgh,NNP,2
body,Newlin,NNP,4
body,Newman,NNP,2
body,Newman,UNK,1
body,Newmarket,NNP,1
body,Neworleans,NNP,10
body,Neworleans,NNS,1
body,Newport,NNP,3
body,Newpt,NNP,1
body,Newsletter,NNP,3
body,Newspaper,NNP,4
body,Newspapers,NNP,1
body,Newspapers,NNS,5
body,Newton,NNP,4
body,Next,JJ,3
body,Next,RB,1
body,Niagara,NNP,4
body,Nicholas,NNP,4
body,Nichols,NNP,21
body,Niles,NNP,2
body,Nine,CD,1
body,Nineteen,CD,1
body,Nineteenth,NNP,1
body,Ninety,CD,1
body,Ninth,NNP,1
body,NjF,NN,1
body,NjR,NNP,1
body,Njp,NNP,1
body,No,DT,75
body,No,NNP,12
body,No,RB,1
body,No,UH,7
body,No,UNK,1
body,No.,NN,36
body,No.,NNP,10
body,Noah,NNP,2
body,Noble,NNP,3
body,Nobody,NN,1
body,Nominating,NNP,1
body,None,NN,3
body,Nor,CC,4
body,Norfolk,NNP,5
body,Norman,NNP,1
body,Norristown,NNP,3
body,North,JJ,10
body,North,NN,4
body,North,NNP,72
body,Northercutt,NNP,1
body,Northern,JJ,6
body,Northern,NN,4
body,Northern,NNP,11
body,Northfield,NNP,4
body,Northford,NN,1
body,Northford,NNP,2
body,Northwest,NNP,1
body,Northwestern,NNP,4
body,Norton,NNP,7
body,Norvell,NNP,2
body,Norwich,NNP,6
body,Nos,NNS,2
body,Not,RB,13
body,Note,NN,3
body,Note,VB,2
body,Nother,NNP,2
body,Nothing,NN,7
body,Notice,NNP,4
body,Notify,VB,2
body,Notre,NNP,2
body,Notwithstanding,IN,2
body,Nov,NNP,8
body,Nov.,NNP,391
body,November,NNP,57
body,Novr,NN,1
body,Novr,NNP,2
body,Now,NNP,2
body,Now,RB,38
body,Ntion,NNP,1
body,Nullification,NN,1
body,Numbers,NNP,2
body,Numbers,NNS,2
body,Numerous,JJ,4
body,Numerously,NNP,1
body,Nye,NNP,2
body,Nº,UNK,1
body,O,NN,8
body,O,NNP,2
body,O,UNK,2
body,O'Brien,NNP,10
body,O'Clock,RB,1
body,O'clock,RB,1
body,O.,NNP,86
body,O.B.,NNP,1
body,O.Brien,NNP,1
body,O.C.,NNP,1
body,O.R.,NNP,7
body,O93MSO,UNK,1
body,OCIWHi,NN,1
body,OCIWHi,NNP,2
body,OCT.,NN,1
body,OCT.,NNP,33
body,OCTOBER,NN,1
body,OF,IN,23
body,OF,NE,1
body,OFH,NN,5
body,OFH,NNP,1
body,OHi,NNP,1
body,OL,UNK,1
body,OMAHA,NNP,1
body,ON,IN,1
body,ON,NNP,3
body,ON,UNK,1
body,ONE,CD,2
body,ORD,NNP,2
body,ORLEANS,NNP,1
body,ORLEANs,NNP,8
body,ORLEANs,NNPS,1
body,OTTo,NNP,1
body,OUTRAGE,NN,1
body,Oaks,NNP,3
body,Oath,NN,3
body,Oaths,NNS,1
body,Oaxaca,NNP,1
body,Obedient,NNP,1
body,Oblige,VB,1
body,Observations,NNS,1
body,Obt,NN,1
body,Obtain,VB,1
body,Occupation,NN,2
body,Ocean,NNP,4
body,Ochiltree,NNP,6
body,Oct,NN,8
body,Oct,NNP,2
body,Oct.,NNP,284
body,Octavia,NN,1
body,Octavia,NNP,1
body,October,NNP,50
body,Octr,NNP,1
body,Odd,NNP,1
body,Of,IN,28
body,Off,IN,2
body,Offence,NN,1
body,Offer,NN,1
body,Office,NN,2
body,Office,NNP,99
body,Officer,NNP,52
body,Officers,NNP,33
body,Officers,NNPS,7
body,Officers,NNS,40
body,Offices,NNS,2
body,Official,JJ,3
body,Official,NNP,8
body,Officials,NNS,2
body,Ogallallas,NNPS,1
body,Oglala,NNP,1
body,Oglesby,NNP,2
body,Oh,UH,3
body,Ohio,NNP,122
body,Okla.,NNP,1
body,Old,JJ,3
body,Old,NNP,7
body,Older,JJR,1
body,Oldgate,NNP,4
body,Olds,NNP,3
body,Olie,NNP,2
body,Oliver,NNP,22
body,Omaha,NN,1
body,Omaha,NNP,18
body,On,IN,1150
body,On,NNP,2
body,Once,RB,3
body,One,CD,34
body,Only,RB,5
body,Onslow,NNP,2
body,Opdycke,NN,1
body,Opdycke,NNP,1
body,Open,NNP,1
body,Opera,NNP,2
body,Operator,NN,1
body,Opinion,NN,1
body,Opinions,NNS,4
body,Or,CC,8
body,OrPHi,NNP,1
body,Orange,NNP,1
body,Ord,NN,8
body,Ord,NNP,64
body,Order,NN,11
body,Order,NNP,18
body,Ordered,VBD,2
body,Ordered,VBN,1
body,Orderly,NNP,2
body,Orders,NNS,44
body,Ordinance,NN,6
body,Ordinance,NNP,9
body,Ordinances,NNS,1
body,Ordinary,JJ,1
body,Ordinary,NNP,1
body,Ordnance,NNP,35
body,Ords,NNP,1
body,Ore.,NNP,11
body,Oregon,NNP,13
body,Organization,NNP,1
body,Origon,NNP,2
body,Orlando,NNP,4
body,Orleans,NNP,192
body,Ormsby,NNP,1
body,Orphan,NN,1
body,Orphan,NNP,1
body,Orphin,NNP,1
body,Orr,NNP,8
body,Orris,NNP,2
body,Orth,NNP,2
body,Orton,NNP,4
body,Orvil,NNP,2
body,Orville,NNP,32
body,Osage,NNP,3
body,Osages,NNPS,3
body,Osborn,NNP,6
body,Oscar,NNP,9
body,Ossages,NNP,1
body,Other,JJ,5
body,Others,NNS,1
body,Otherwise,RB,2
body,Otis,NNP,2
body,Otto,NNP,5
body,Oubre,NNP,6
body,Our,PRP$,15
body,Out,IN,4
body,Ov,NNP,1
body,Over,IN,4
body,Owen,NNP,4
body,Owens,NNP,4
body,Owing,JJ,1
body,Owing,VBG,4
body,Owners,NNS,1
body,Oyster,NNP,1
body,Ozias,NNP,1
body,O|,UNK,1
body,P,NN,4
body,P.,FW,1
body,P.,NNP,148
body,P.M.,NN,303
body,P.T.,NNP,1
body,P321,NN,1
body,P629,NN,1
body,P661,NN,1
body,P672,NN,1
body,PA,NN,1
body,PA.,NNP,1
body,PACKARD,NNP,1
body,PAPERS,NE,1
body,PARDON,VB,1
body,PAckARd,NNP,1
body,PCarl,NNP,1
body,PDYeiser,NN,1
body,PENSIONs,NNPS,1
body,PERIOD,NN,1
body,PERSONAL,NNP,1
body,PERsonAL,NN,1
body,PETER,NNP,2
body,PHILA,NNP,1
body,PHILADELPHIA,NNP,1
body,PHi,NN,2
body,PHi,NNP,71
body,PM,NNP,1
body,PPR,NNP,1
body,PPRF,NNP,1
body,PRESENT,JJ,1
body,PRESIDENT,NN,3
body,PRESIDENT,NNP,13
body,PRESS,NNP,1
body,PREs.,NNP,1
body,PS,NNP,3
body,PUSG,NN,1
body,PUSG,NNP,18
body,Pa,NNP,8
body,Pa.,NNP,53
body,Pachuca,NNP,1
body,Pacific,NNP,44
body,Packard,NN,1
body,Packard,NNP,11
body,Paducah,NNP,7
body,Page,NNP,2
body,Paid,VBD,1
body,Paine,NN,1
body,Paine,NNP,2
body,Palmer,NNP,9
body,Panama,NNP,1
body,Papa,NN,1
body,Paper,NN,1
body,Papers,NNP,100
body,Par,NN,2
body,Parallel,JJ,2
body,Pardon,NNP,1
body,Pardon,VB,3
body,Pardoned,VBN,1
body,Pardons,NNPS,1
body,Parent,NNP,1
body,Parents,NNS,2
body,Paris,NNP,24
body,Parish,JJ,1
body,Parish,NN,5
body,Parish,NNP,3
body,Parishes,NNPS,1
body,Parke-Bernet,NNP,2
body,Parker,NNP,14
body,Parkersburg,NNP,2
body,Parkes,NN,1
body,Parkes,NNP,1
body,Parkhill,NNP,2
body,Parnel,NNP,1
body,Paroles,NNP,1
body,Parrott,NNP,1
body,Parsons,NNP,2
body,Parte,FW,1
body,Particulars,NNS,1
body,Parties,NNS,1
body,Parts,NNP,1
body,Party,NNP,8
body,Paschal,NNP,4
body,Paso,NNP,3
body,Pass,NN,1
body,Past,NNP,1
body,Patapsco,NNP,2
body,Path,NNP,1
body,Patience,NN,1
body,Patrick,NNP,3
body,Patterson,NNP,9
body,Patton,NN,1
body,Patton,NNP,6
body,Paul,NNP,18
body,Pawtucket,NNP,3
body,Pay,VB,20
body,Paying,VBG,1
body,Paymaster,NN,11
body,Paymaster,NNP,31
body,Paymasters,NNPS,2
body,Paymasters,NNS,1
body,Payments,NNS,1
body,Paymr,NNP,1
body,Pe-aste-cho-pe,NN,2
body,Peabody,NNP,7
body,Peace,NN,5
body,Peace,NNP,28
body,Peale,NNP,2
body,Pearce,NNP,1
body,Pearne,NNP,2
body,Peas,NNS,1
body,Pease,NN,2
body,Pease,NNP,11
body,Peck,NNP,2
body,Pecos,NNP,2
body,Pedro,NNP,1
body,Peeple,JJ,1
body,Pees,NNP,1
body,Peirpoint,NN,1
body,Peirpoint,NNP,5
body,Pemberton,NNP,7
body,Pending,VBG,1
body,Pendleton,NNP,15
body,Peninsular,NNP,1
body,Penitentiary,NNP,1
body,Penn,NNP,2
body,Penn.,NNP,1
body,Penna,NNP,1
body,Pennsylvania,NNP,6
body,Pennyman,NN,1
body,Pennyman,NNP,2
body,Penrose,NNP,2
body,Pensacola,NNP,6
body,Pension,NNP,3
body,Pensions,NNPS,4
body,Pensions,NNS,1
body,Penure,NN,1
body,Peolazzi,NNP,2
body,People,NNS,12
body,Pepartment,NNP,1
body,Pept,JJ,1
body,Peradventure,NNP,1
body,Perceiving,VBG,2
body,Perea,NNP,3
body,Perez,NNP,1
body,Perham,NNP,4
body,Perhaps,RB,5
body,Permanent,JJ,1
body,Permit,NNP,1
body,Permit,VB,11
body,Perrine,NNP,2
body,Perry,NNP,9
body,Perryville,NNP,2
body,Person,NN,1
body,Personal,JJ,3
body,Personal,NNP,5
body,Personally,RB,1
body,Pertinent,JJ,1
body,Peru,NNP,3
body,Peter,NNP,6
body,Peters,NNP,2
body,Petersburg,NNP,6
body,Petersburgh,NNP,1
body,Petersburgh.-Altho,NN,1
body,Peterson,NNP,1
body,Peticolas,NNPS,1
body,Petigru,NN,1
body,Petigru,NNP,1
body,Petit,NNP,1
body,Petition,NN,3
body,Petitions,NNS,1
body,Petticolas,NNP,1
body,Pfeiffer,NNP,1
body,Phil,NNP,7
body,Phila,NNP,4
body,Philadelphia,NNP,64
body,Philip,NNP,23
body,Phillips,NNP,2
body,Phineas,NNP,1
body,Photograph,NNP,1
body,Physician,NN,1
body,Physicians,NNP,1
body,Picayune,NNP,1
body,Pierce,NNP,3
body,Pierpoint,NNP,7
body,Pierpont,NNP,5
body,Pierre,NNP,1
body,Pierrepont,NNP,5
body,Pike,NNP,6
body,Pile,NN,1
body,Pile,NNP,1
body,Pillow,NN,1
body,Pillow,NNP,2
body,Pioneer,NNP,1
body,Pipe,NNP,2
body,Piper,NNP,2
body,Pisdols,NNS,1
body,Pitcher,NN,3
body,Pitcher,NNP,1
body,Pitt,NNP,4
body,Pittsburg,NNP,12
body,Pittsburgh,NNP,10
body,Place,NNP,1
body,Placidus,NNP,1
body,Plains,NNP,7
body,Plains,NNS,2
body,Plaintiff,NN,1
body,Plaintiff,NNP,1
body,Plan,NN,2
body,Plan,NNP,1
body,Plantation-driving,NN,1
body,Plantations,NNS,3
body,Planter,NN,1
body,Planter,NNP,2
body,Planters,NNP,4
body,Plata,NNP,2
body,Platte,NNP,16
body,Plattsburg,NNP,2
body,Plattsburgh,NNP,4
body,Pleas,NNP,2
body,Pleas,NNS,3
body,Pleas,VB,1
body,Please,UH,91
body,Please,VB,3
body,Pledged,VBD,1
body,Plenipotentiary,NNP,1
body,Plowden,NNP,2
body,Plum,NNP,4
body,Plumb,NNP,2
body,Plummer,NNP,2
body,Plymouth,NNP,1
body,Pocket,VB,1
body,Point,NN,8
body,Point,NNP,62
body,Poland,NNP,1
body,Police,NN,4
body,Police,NNP,13
body,Policy,NN,1
body,Political,JJ,3
body,Politically,RB,1
body,Politics,NNP,1
body,Politics,NNS,4
body,Politiction,NN,1
body,Polk,NNP,4
body,Polls,NNS,3
body,Pomeroy,NNP,7
body,Poor,NNP,2
body,Popage,NNP,1
body,Pope,NNP,91
body,Popes,NNPS,1
body,Popes,NNS,1
body,Popo,NNP,1
body,Popular,NNP,1
body,Porfirio,NNP,1
body,Pork,NN,2
body,Port,NNP,9
body,Porter,NNP,24
body,Portland,NNP,12
body,Portrait,NNP,1
body,Portsmouth,NNP,5
body,Possibly,RB,2
body,Post,NN,37
body,Post,NNP,29
body,PostMaster,NNP,1
body,Postal,JJ,1
body,Posten,NNP,3
body,Postmaster,NN,2
body,Postmaster,NNP,13
body,Posts,NNPS,3
body,Posts,NNS,8
body,Potatoes,NNP,1
body,Potomac,NNP,14
body,Potter,NNP,4
body,Potters,NNS,1
body,Poultry,NNP,1
body,Pounds,NNPS,1
body,Poverty,NNP,2
body,Powder,NNP,3
body,Power,NN,3
body,Power,NNP,2
body,Prairie,NNP,1
body,Pratt,NNP,8
body,Pray,VB,1
body,Praying,VBG,1
body,Prejudice,NNP,1
body,Premptly,NNP,1
body,Prentiss,NNP,2
body,Prepaired,VBN,1
body,Preparatory,JJ,1
body,Prepared,VBN,1
body,Pres.,NN,1
body,Pres.,NNP,3
body,Presbyterian,NNP,1
body,Prescott,NNP,2
body,Presdt,NN,1
body,Presdt,NNP,1
body,Present,JJ,3
body,Presents,VBZ,1
body,Presid,NN,1
body,Presidency,NNP,13
body,President,NN,5
body,President,NNP,574
body,Presidential,JJ,5
body,Presidential,NNP,1
body,Presidents,NNPS,5
body,Presidents,NNS,9
body,Presidio,NNP,3
body,Press,NNP,30
body,Prest,FW,1
body,Prest,NNP,10
body,Prests,NNP,1
body,Previous,JJ,2
body,Priest,NN,1
body,Priest,NNP,1
body,Prince,NNP,4
body,Princess,NNP,3
body,Princeton,NNP,8
body,Principal,NN,1
body,Printed,NNP,5
body,Printing,NNP,1
body,Prior,RB,2
body,Prison,NN,1
body,Prison,NNP,2
body,Prisoner,NN,4
body,Prisoners,NNPS,5
body,Prisoners,NNS,2
body,Pritchard,NNP,2
body,Private,JJ,46
body,Private,NNP,8
body,Privates,NNS,1
body,Privt,NNP,1
body,Probably,RB,3
body,Probate,NNP,3
body,Proceedings,NNP,1
body,Proclamation,NNP,1
body,Prof.,NNP,2
body,Professer,NNP,1
body,Profession,NNP,1
body,Professor,NNP,7
body,Professors,NNP,1
body,Professorship,NN,1
body,Proff,NNP,1
body,Prominent,JJ,2
body,Promised,VBN,1
body,Promulgation,NNP,2
body,Proper,JJ,1
body,Property,NN,7
body,Property,NNP,10
body,Pros,NNS,1
body,Prostitution,NNP,1
body,Prot,NNP,1
body,Protestant,JJ,1
body,Prott,NNP,1
body,Providence,NNP,10
body,Providing,VBG,1
body,Provisional,JJ,5
body,Provisional,NNP,8
body,Provost,NNP,11
body,Provost-Marshal,NNP,1
body,Proximo,NNP,1
body,Prudence,NNP,1
body,Prussian,JJ,5
body,Prv,NNP,1
body,Pryor,NNP,1
body,Pub,NNP,1
body,Public,NN,1
body,Public,NNP,22
body,Publication,NN,1
body,Publication,NNP,1
body,Publications,NNPS,1
body,Publick,NNP,1
body,Pueblo,NNP,2
body,Puget,NNP,1
body,Pulaski,NNP,10
body,Pulaskie,NNP,1
body,Pullan,NNP,2
body,Purcell,NNP,2
body,Purchase,NNP,1
body,Purdy,NNP,3
body,Purington,NNP,1
body,Purnell,NNP,1
body,Purrington,NNP,2
body,Purser,NNP,1
body,Purveyor,NNP,1
body,Put,VB,1
body,Put,VBD,1
body,Pvt,NNP,1
body,Pvt.,NNP,1
body,Q,NNP,2
body,Q.,NNP,39
body,QE-ſ,UNK,1
body,QM,NN,4
body,QM,NNP,4
body,QRs,NNP,1
body,Qetebee,NNP,1
body,Qr,FW,1
body,Qr,NN,10
body,Qr,NNP,31
body,QrMr,NNP,1
body,Qrmr,NNP,5
body,Qrs,NNP,15
body,Qrs,NNS,7
body,Qrs.,NNP,3
body,Qrtrs,NNP,1
body,Quail,NNP,2
body,Quarantine,NN,2
body,Quarantine,NNP,1
body,Quarter,NN,25
body,Quarter-master,NN,1
body,QuarterMaster,NNP,2
body,Quarterly,JJ,1
body,Quartermas,NNPS,1
body,Quartermaster,NN,3
body,Quartermaster,NNP,48
body,Quartermasters,NNP,5
body,Quartermasters,NNPS,2
body,Quartermasters,NNS,2
body,Quarters,NNP,13
body,Quarters,NNPS,16
body,Quarters,NNS,3
body,Queen,NN,1
body,Queen,NNP,3
body,Question,NN,1
body,Quiet,NNP,1
body,Quite,RB,1
body,Quo,NNP,1
body,Quoted,VBN,2
body,Qur,NN,1
body,R,NN,6
body,R,NNP,10
body,R.,NNP,219
body,R.A.,NNP,1
body,R.I.,NNP,10
body,R.T.,NNP,1
body,R210,NN,1
body,R225,NN,1
body,R242,NN,1
body,R314,NN,1
body,R9,NNP,1
body,RAILROADs,NNS,1
body,RAwLINs,NNP,1
body,RAwlins,NNP,1
body,RB,NN,1
body,RECALLED,VBD,1
body,RECEIVED,VBN,1
body,RECONSTRUCTION,NNP,2
body,REFERRED,VBD,8
body,REFUGEED,VBD,1
body,REPRESENTATIVES,NNP,4
body,REPRESENTATIVEs,NNS,3
body,REPUBLICAN,NNP,1
body,RESPECTFULLY,NNP,4
body,RETURN,NN,1
body,RG,NN,1703
body,RG,NNP,9
body,RI,NN,1
body,RICHMOND,NNP,2
body,RIDDLE,NNP,1
body,RIOT,NNP,1
body,RM,NN,2
body,RPB,NN,1
body,RR,NN,2
body,RR,NNP,1
body,RR.,NNP,1
body,Races,NN,1
body,Rachel,NNP,3
body,Radical,NNP,8
body,Radicals,NNPS,4
body,Radicals,NNS,1
body,Raid,NN,1
body,Rail,NNP,21
body,RailRoad,NNP,1
body,Railroad,NN,31
body,Railroad,NNP,40
body,Railroads,NNPS,10
body,Railroads,NNS,5
body,Railway,NNP,2
body,Railway-track,NN,1
body,Raine,NNP,2
body,Raines,NNP,2
body,Raleigh,NNP,8
body,Ralph,NNP,6
body,Ralph,UNK,1
body,Rampage,NN,1
body,Ramsay,NNP,2
body,Ramsey,NN,2
body,Ramsey,NNP,4
body,Ranch,NNP,6
body,Ranche,NNP,4
body,Rancheros,NNP,1
body,Ranches,NNP,1
body,Ranches,NNPS,1
body,Randall,NNP,18
body,Randle,NNP,2
body,Randolph,NNP,8
body,Rangers,NNPS,3
body,Rank,NNP,5
body,Rankin,NNP,4
body,Ransom,NNP,6
body,Rathbone,NNP,3
body,Ratification,NN,2
body,Ravenswood,NNP,4
body,Rawlin,NN,1
body,Rawlings,NNP,1
body,Rawlins,NNP,76
body,Rawlins,NNS,6
body,Rayman,NN,1
body,Rayman,NNP,1
body,Raymond,NNP,4
body,Re-construction,NN,1
body,Reached,VBN,1
body,Reade,NNP,2
body,Reader,NNP,2
body,Really,RB,1
body,Reapointments,NNS,1
body,Rear,NNP,1
body,Reardon,NNP,2
body,Reasonable,JJ,1
body,Reasons,NNS,1
body,Rebel,NN,28
body,Rebelion,NNP,3
body,Rebellion,NN,13
body,Rebellion,NNP,1
body,Rebels,NNPS,11
body,Rebels,NNS,1
body,Rebllion,NNP,1
body,Recapitulation,NNP,1
body,Recard,NNP,1
body,Received,NNP,180
body,Received,VBD,7
body,Received,VBN,702
body,Receiver,NN,2
body,Recent,JJ,1
body,Recently,RB,1
body,Recharges,NNPS,1
body,Recivd,VBP,1
body,Recommendation,NN,4
body,Recommendations,NNS,3
body,Recommended,VBN,2
body,Reconstruction,NN,87
body,Reconstruction,NNP,35
body,Record,NNP,9
body,Recorder,NN,6
body,Recorder,NNP,3
body,Records,NNP,8
body,Records,NNPS,6
body,Recruit,NNP,1
body,Recruiting,NNP,1
body,Recruiting,VBG,1
body,Recruting,JJ,1
body,Recruting,NNP,1
body,Rect,NNP,1
body,Red,NNP,7
body,Redondo,NNP,6
body,Reduced,VBN,1
body,Reece,NNP,1
body,Reed,NNP,6
body,Reese,NNP,2
body,Reeve,NNP,5
body,Reeves,NNP,2
body,Reeves,NNS,1
body,Refer,VB,1
body,Refered,VBD,7
body,Refering,VBG,1
body,Referral,NN,1
body,Referred,VBD,4
body,Referring,VBG,13
body,Reflecting,VBG,1
body,Refugee,NNP,1
body,Refugeeing,VBG,1
body,Refugees,NNPS,9
body,Refured,VBD,1
body,Reg,NN,2
body,Reg,NNP,1
body,Regards,NNP,1
body,Regement,NN,2
body,Regements,NNP,1
body,Regents,NNP,1
body,Regiment,NN,9
body,Regiment,NNP,8
body,Regimental,JJ,7
body,Regiments,NNP,4
body,Regimt,NN,5
body,Region,NN,1
body,Register,NNP,37
body,Registered,NNP,1
body,Registers,NNPS,1
body,Registrars,NNPS,9
body,Registration,NN,12
body,Registration,NNP,15
body,Registry,NN,3
body,Regmts,NNS,1
body,Regt,NN,15
body,Regt,NNP,2
body,Regular,JJ,20
body,Regulation,NN,1
body,Regulations,NNPS,4
body,Reid,NNP,1
body,Reignolds,NNP,1
body,Reignolds,NNS,1
body,Reilly,NNP,2
body,Related,JJ,12
body,Relating,VBG,7
body,Relations,NNP,2
body,Relatively,RB,1
body,Relay,NNP,2
body,RelayHouse,NNP,2
body,Releave,VB,1
body,Relief,NNP,1
body,Relieve,VB,1
body,Religion,NNP,1
body,Remane,NNP,1
body,Remane,VBP,1
body,Rembrandt,NNP,2
body,Remember,VB,1
body,Removal,NN,2
body,Rendell,NNP,1
body,Renewed,VBN,1
body,Renewls,NNPS,1
body,Reno,NNP,8
body,Rent,NNP,1
body,Rep.,NNP,1
body,Repablican,JJ,1
body,Repair,JJ,1
body,Repairs,NNPS,1
body,Repert,JJ,1
body,Reply,JJ,1
body,Report,NNP,36
body,Report,VB,1
body,Reports,NNP,7
body,Reports,NNS,70
body,Repr,NNP,1
body,Representativ,NNP,1
body,Representative,NNP,107
body,Representatives,NNPS,46
body,Representatives,NNS,3
body,Reps.,NNPS,2
body,Republic,NN,1
body,Republic,NNP,4
body,Republican,JJ,29
body,Republican,NNP,32
body,Republicanism,NNP,2
body,Republicans,NNPS,14
body,Republicans,NNS,6
body,Republick,NNP,1
body,Republics,NNS,1
body,Repulican,JJ,2
body,Request,NN,1
body,Required,NNP,1
body,Requires,VBZ,1
body,Resaca,NNP,1
body,Resacca,NNP,1
body,Reserv,NNP,1
body,Reservation,NN,13
body,Reservation,NNP,8
body,Reservations,NNPS,1
body,Reservations,NNS,2
body,Reserve,NNP,9
body,Resided,NNP,1
body,Resigned,VBD,1
body,Resive,VB,1
body,Resolution,NN,35
body,Resolution,NNP,16
body,Resolutions,NNPS,1
body,Resolutions,NNS,3
body,Resolved,NNP,1
body,Resolved,VBN,2
body,Resort,NNP,1
body,Resp,NNP,1
body,Respectfully,NNP,14
body,Respectfully,RB,170
body,Respectfuly,JJ,1
body,Respy,JJ,1
body,Respy,NNP,3
body,Restricted,NNP,1
body,Retiring,NNP,5
body,Return,NN,4
body,Returned,VBN,3
body,Returning,VBG,1
body,Returns,NNP,8
body,Returns,NNS,2
body,Returns,VBZ,3
body,Reuben,NNP,2
body,Rev,NN,1
body,Rev.,NNP,3
body,Revenue,NN,9
body,Revenue,NNP,4
body,Reverdy,NNP,8
body,Review,NN,1
body,Revised,VBN,1
body,Revolution,NN,2
body,Revolutionary,NNP,1
body,Reynolds,NNP,30
body,Rgmts,NNP,1
body,Rgt,NN,2
body,Rgt,NNP,1
body,Rhod,NNP,1
body,Rhode,NNP,1
body,Rhodes,NNP,2
body,Rice,NNP,6
body,Richard,NNP,25
body,Richards,NNP,11
body,Richardson,NNP,4
body,Richland,NNP,3
body,Richman,NNP,2
body,Richmond,NNP,68
body,Riddick,NNP,2
body,Riddle,NNP,7
body,Ridge,NNP,2
body,Ridgeley,NNP,1
body,Ridgely,NNP,1
body,Riely,NNP,1
body,Rife,NNP,2
body,Rifle,NNP,2
body,Rifles,NNP,1
body,Rifles,NNS,1
body,Riggs,NNP,3
body,Right,NNP,1
body,Rightfuly,NNP,1
body,Rights,NNP,2
body,Rights,NNPS,1
body,Rights,NNS,8
body,Riley,NNP,8
body,Ring,NN,1
body,Ring,NNP,2
body,Rio,NNP,11
body,Rip,NNP,1
body,Ripley,NNP,5
body,River,NN,9
body,River,NNP,66
body,Rivers,NNP,1
body,Rives,NNP,4
body,Rives,NNS,2
body,Road,NNP,56
body,Roads,NNS,11
body,Rob,NNP,1
body,Robb,NNP,4
body,Robed,NNP,1
body,Robert,NNP,84
body,Roberts,NNP,6
body,Robin,NNP,2
body,Robinson,NNP,10
body,Robt,NNP,5
body,Rochelle,NNP,2
body,Rochester,NNP,7
body,Rock,NNP,10
body,Rockport,NNP,3
body,Rockwell,NNP,8
body,Rocky,NNP,2
body,Rodgers,NNP,1
body,Rodman,NNP,1
body,Roger,NNP,3
body,Rogers,NNP,13
body,Roll,NNP,1
body,Rolla,NNP,2
body,Rolling,NNP,4
body,Rolling-Mill,NNP,1
body,Rollins,NNP,5
body,Rolls,NNP,10
body,Romain,NNP,2
body,Roman,NNP,2
body,Rome,NNP,3
body,Romeo,NNP,2
body,Romero,NNP,8
body,Ronat,NNP,2
body,Room,NN,1
body,Room,NNP,1
body,Root,NN,10
body,Rooth,NNP,2
body,Roscoe,NNP,1
body,Rosenbach,NNP,1
body,Roseville,NNP,1
body,Ross,NNP,38
body,Rosser,NNP,2
body,Roswell,NNP,2
body,Rothermel,NNP,5
body,Rothschild,NNP,2
body,Roudanez,NNP,7
body,Rountree,NNP,3
body,Rouseau,NNP,1
body,Rouses,VBZ,1
body,Rousseau,NNP,2
body,Route,NNP,1
body,Routes,NNS,1
body,Rowley,NNP,4
body,Roy,NNP,1
body,Royston,NNP,2
body,Rozier,NNP,2
body,Rsult,NNP,1
body,Ruby,NNP,1
body,Rucker,NN,1
body,Rucker,NNP,48
body,Rufus,NNP,5
body,Ruger,NNP,11
body,Ruggles,NNP,2
body,Rules,NNS,2
body,Ruly,NNP,1
body,Run,NNP,9
body,Running,VBG,1
body,Runyon,NNP,2
body,Rush,NN,1
body,Rush,NNP,2
body,Russel,NNP,14
body,Russell,NNP,22
body,Russells,NNPS,1
body,Russia,NNP,3
body,Russian,JJ,1
body,Russian,NNP,2
body,Russy,NNP,2
body,Rutgers,NNP,1
body,Rutherford,NNP,4
body,Ryan,NNP,2
body,Ryer,NN,1
body,Ryer,NNP,2
body,Ryland,NNP,2
body,S,NN,14
body,S,NNP,13
body,S,UNK,1
body,S-E-Dakota,NNP,1
body,S.,NE,1
body,S.,NNP,639
body,S.A.,NNP,1
body,S.C.,NNP,48
body,S.F.,NNP,1
body,S.Tho,NNP,1
body,S13,NNP,1
body,S1305,NNP,1
body,S1569,NNP,1
body,S1583,NNP,1
body,S229,NN,1
body,S335,NNP,1
body,S392,NN,2
body,S41,NNP,1
body,S425,CD,1
body,S72,NN,1
body,S878,NN,1
body,SAILoRs,NNS,1
body,SALMoN,NNP,1
body,SARTAIN,NNP,1
body,SAVCI,UNK,1
body,SCHOFIELD,NNP,3
body,SCHUYLER,NNP,4
body,SEC,NNP,5
body,SECRETARY,NN,1
body,SECRETARY,NNP,3
body,SECY,NNP,1
body,SED,NN,1
body,SED,NNP,11
body,SELECT,NNP,1
body,SENATE,NNP,6
body,SEwARD,NNP,1
body,SHERIDAN,NNP,1
body,SHERMAN,NNP,9
body,SICK,NNP,1
body,SIH-1,UNK,1
body,SIMON,NNP,1
body,SIR,NN,50
body,SLN(\OOOV,UNK,1
body,SMD,NNP,3
body,SOUTHERN,NNP,2
body,SPEAKER,NNP,3
body,SPRINGs,NNP,2
body,SRC,NN,1
body,SRC,NNP,3
body,ST.,NNP,1
body,STAMPED,NNP,1
body,STANBERY,NNP,1
body,STANTON,NNP,5
body,STATES,NNS,4
body,STATEs,NNS,1
body,STEvens,NNP,1
body,STEwART,NNP,1
body,SURGEoN,NN,1
body,SW,NNP,1
body,SWAHEL,UNK,1
body,Sac,NN,1
body,Sac,NNP,7
body,Sachem,FW,1
body,Sackets,NNS,1
body,Sackett,NNP,2
body,Sad,JJ,1
body,Sadowa,NNP,2
body,Safe,NN,1
body,Safety,NN,1
body,Said,NNP,4
body,Said,VBD,1
body,Sailed,VBD,1
body,Sailors,NNS,3
body,Saint,NNP,7
body,Sake,NNP,5
body,Salaries,NNS,1
body,Sale,NN,2
body,Sale,NNP,2
body,Sallie,NNP,3
body,Salmon,NNP,2
body,Salmon,VB,1
body,Salomon,NNP,2
body,Saloon,NNP,1
body,Salor,NNP,1
body,Salt,NNP,2
body,Sam,NNP,1
body,Same,JJ,8
body,Saml,NNP,1
body,Samuel,NNP,57
body,Samuels,NNP,2
body,San,NNP,89
body,San-Francisco,NNP,1
body,Sanborn,NNP,9
body,Sanburn,NNP,3
body,Sanders,NNP,9
body,Sanderson,NNP,2
body,Sandusky,NNP,2
body,Sandy,NNP,2
body,Sanford,NNP,3
body,Sang,VBD,1
body,Sanitary,JJ,3
body,Sanitary,NNP,4
body,Santa,NNP,13
body,Santoire,FW,1
body,Santoire,NNP,1
body,Sappington,NNP,2
body,Sara,NNP,1
body,Sarah,NNP,6
body,Sargt,NNP,1
body,Sartain,NNP,4
body,Satanta,NNP,1
body,Saterday,NNP,1
body,Satisfied,VBN,1
body,Satterlee,NNP,4
body,Saturday,NNP,30
body,Saty,NNP,1
body,Sault,NNP,3
body,Savage,NN,1
body,Savage,NNP,1
body,Savannah,NNP,9
body,Save,VB,3
body,Saved,VBN,1
body,Saviour,NNP,1
body,Saw,NNP,1
body,Saw,VBD,1
body,Sawyer,NNP,2
body,Saxton,NNP,2
body,Say,VB,5
body,Sayin,NNP,1
body,Says,VBZ,1
body,Scates,NNP,2
body,Scatterd,NNP,1
body,Scene,NN,1
body,Schaff,NNP,7
body,Schauer,NNP,2
body,Scheck,NNP,1
body,Schenck,NNP,3
body,Schindler,NNP,5
body,Schofield,NN,3
body,Schofield,NNP,100
body,Scholar,NNP,1
body,School,NNP,9
body,Schools,NNP,1
body,Schools,NNS,1
body,Schriver,NNP,9
body,Schuetz,NNP,2
body,Schurz,NNP,3
body,Schuyler,NNP,45
body,Schuylkill,NNP,2
body,Scientific,NNP,1
body,Scipio,NNP,2
body,Scofield,NNP,3
body,Scotchmen,NNP,2
body,Scotland,NNP,1
body,Scott,NNP,37
body,Scoundrels,NNS,1
body,Scout,NN,4
body,Scout,NNP,3
body,Scouting,VBG,2
body,Scouts,NNS,6
body,Scrib,NNP,2
body,Scty,NNP,2
body,Scudder,NNP,2
body,Sea,NN,1
body,Sea,NNP,3
body,Sears,NNP,5
body,Seasons,NNPS,1
body,Seavel,NNP,1
body,Sebastian,NNP,1
body,Sebastián,NNP,1
body,Sec,NN,1
body,Sec,NNP,76
body,Sec-of,JJ,1
body,Sec.,NN,1
body,Sec.,NNP,5
body,Seceders,NNP,1
body,Seceeders,NNP,1
body,Seceeders,NNS,1
body,Secesh,JJ,1
body,Secesh,NNP,1
body,Secession,NN,1
body,Secession,NNP,3
body,Secessionist,NNP,1
body,Secessionists,NNPS,1
body,Second,JJ,22
body,Second,LS,3
body,Second,NNP,1
body,Secr,NNP,1
body,Secret,JJ,1
body,Secret,NNP,2
body,Secretaries,NNS,1
body,Secretary,NNP,458
body,Secretary-Treasurer,NNP,1
body,Secry,NNP,1
body,Sect,NNP,4
body,Section,NN,38
body,Section,NNP,6
body,Sections,NNS,1
body,Sectry,NNP,4
body,Secty,NNP,4
body,Secure,VB,1
body,Security,NN,2
body,Secy,NNP,30
body,Sedgewick,NNP,1
body,Sedgwick,NNP,2
body,See,NNP,3
body,See,VB,144
body,Seeing,VBG,1
body,Segar,NNP,2
body,Seimstress,NNP,1
body,Selden,NNP,4
body,Select,NNP,2
body,Self,NN,1
body,Sell,VB,1
body,Sells,NNP,5
body,Selves,NNS,1
body,Seminary,NNP,2
body,Seminery,NNP,1
body,Seminole,NNP,1
body,Seminoles,NNPS,1
body,Sen.,NNP,1
body,Sena,NNP,3
body,Senate,NNP,115
body,Senator,NNP,97
body,Senators,NNP,1
body,Senators,NNPS,2
body,Senators,NNS,4
body,Send,VB,6
body,Send,VBP,1
body,Sending,VBG,1
body,Seneca,NNP,1
body,Senior,JJ,3
body,Senor,NNP,1
body,Sense,NN,1
body,Sent,NNP,326
body,Sent,VBN,4
body,Sentence,NN,3
body,Sep.,NNP,1
body,Sept,NNP,7
body,Sept.,NNP,82
body,September,NNP,26
body,Ser,NNP,1
body,Serg,NNP,1
body,Sergeant,NN,18
body,Sergeant,NNP,14
body,Sergt,NN,4
body,Sergt,NNP,35
body,Series,NN,1
body,Series,NNP,2
body,Seriffs,NNP,1
body,Serious,JJ,1
body,Seriously,RB,1
body,Serv,NNP,1
body,Servant,NNP,4
body,Served,VBD,3
body,Served,VBN,1
body,Service,NN,8
body,Service,NNP,29
body,Services,NNPS,3
body,Servt,NN,1
body,Servt,NNP,2
body,Sesession,NNP,3
body,Sess,NN,1
body,Session,NN,3
body,Sessions,NNP,1
body,Set,VB,1
body,Set,VBP,1
body,Setanta,NNP,1
body,Seth,NNP,1
body,Settlement,NNP,3
body,Settlers,NNPS,2
body,Seven,CD,7
body,Seventeen,CD,3
body,Seventh,NNP,2
body,Sever,NNP,2
body,Several,JJ,7
body,Severe,JJ,2
body,Sewall,NNP,2
body,Seward,NNP,58
body,Seymour,NNP,4
body,Sgd,NN,1
body,Sgt.,NNP,6
body,Shaar,NNP,2
body,Shackelford,NN,1
body,Shackelford,NNP,2
body,Shackleford,NNP,2
body,Shaffenburg,NN,1
body,Shaffenburg,NNP,5
body,Shaffer,NNP,3
body,Shall,MD,5
body,Shame,NNP,1
body,Shanks,NNP,4
body,Shannon,NNP,2
body,Shanty,NNP,2
body,Sharkey,NN,1
body,Sharkey,NNP,3
body,Sharp,JJ,2
body,Sharp,NNP,2
body,Sharps,NNP,1
body,Shaw,NNP,8
body,She,PRP,8
body,Shelby,NNP,1
body,Shelbyville,NNP,2
body,Sheldon,NNP,5
body,Shellabarger,NNP,2
body,Shelley,NNP,1
body,Shelly,NNP,2
body,Shellys,JJ,1
body,Shelter,NN,1
body,Sheltering,NNP,1
body,Sheltering,VBG,1
body,Shen,NNP,1
body,Shenandoah,NNP,4
body,Shepard,NNP,3
body,Shephard,NNP,4
body,Shepherd,NNP,12
body,Shepley,NNP,1
body,Sherburne,NNP,2
body,Sheridan,NNP,99
body,Sheridans,NNPS,3
body,Sheriden,NNP,1
body,Sheriff,NNP,20
body,Sheriffalty,NNP,2
body,Sherman,NNP,230
body,Shermans,NNP,1
body,Shermans,NNPS,3
body,Sherrard,NNP,2
body,Sherriff,NN,1
body,Sherriff,NNP,2
body,Shields,NNP,2
body,Shiloh,NNP,12
body,Shilouh,NNP,1
body,Ship,NN,1
body,Ship,NNP,3
body,Shipley,NNP,1
body,Shirts,NNS,1
body,Shocking,JJ,1
body,Shoemaker,NNP,5
body,Shore,NNP,4
body,Short,JJ,1
body,Shortly,RB,2
body,Shoshonees,NNP,1
body,Shoshones,NNPS,1
body,Should,MD,22
body,Show,NN,1
body,Shown,VBN,1
body,Shows,VBZ,1
body,Shurman,NNP,5
body,Sibley,NNP,2
body,Sibolo,NNP,1
body,Sickles,NNP,12
body,Side,NN,1
body,Sidney,NNP,10
body,Siemering,NN,1
body,Siemering,NNP,2
body,Signal,NN,11
body,Signal,NNP,11
body,Signals,NNS,1
body,Signed,VBD,9
body,Signed,VBN,8
body,Sihee,NNP,1
body,Silas,NNP,4
body,Silence,NN,1
body,Silvester,NNP,2
body,Simeon,NNP,3
body,Similar,JJ,3
body,Simon,NNP,9
body,Simonds,NNP,1
body,Simonds,NNS,1
body,Simp,NNP,1
body,Simply,RB,1
body,Simpson,NNP,12
body,Simultaneously,RB,1
body,Sinaloa,NNP,2
body,Since,IN,35
body,Sincerely,RB,1
body,Sinclair,NNP,4
body,Single,JJ,1
body,Sioux,NNP,9
body,Sir,NNP,19
body,Sircumstances,NNP,1
body,Sister,NN,2
body,Sister,NNP,2
body,Sisters,NNS,1
body,Sitizens,NNP,3
body,Sitka,NNP,1
body,Situate,VB,1
body,Situated,VBN,1
body,Six,CD,13
body,Sixteen,CD,1
body,Sixteenth,NNP,1
body,Sixty,CD,8
body,Skellenger,NNP,1
body,Skellengers,NNP,1
body,Skinner,NNP,2
body,Slaughter,NN,1
body,Slaughter,NNP,1
body,Slave,NNP,2
body,Slaves,NNPS,1
body,Slaves,NNS,1
body,Sleeping,VBG,1
body,Slitley,NNP,1
body,Sloan,NNP,3
body,Slough,NNP,2
body,Small,JJ,1
body,Small,NNP,1
body,Smith,NNP,100
body,Smiths,NNP,1
body,Smithsonian,NNP,1
body,Smoky,NNP,8
body,Smyth,NNP,4
body,Smythe,NNP,1
body,Snakes,NNP,1
body,Snakes,NNS,1
body,Snead,NNP,2
body,Snelling,NNP,3
body,Snow,NNP,1
body,Snyder,NNP,6
body,So,CC,1
body,So,IN,6
body,So,RB,22
body,Sober,JJ,1
body,Socalled,JJ,1
body,Social,NNP,1
body,Society,NN,4
body,Society,NNP,21
body,Solders,NNP,1
body,Soldier,NN,7
body,Soldier,NNP,2
body,Soldiers,NNS,20
body,Solicitor,NN,3
body,Solicitor,NNP,4
body,Solomon,NNP,7
body,Som,NN,1
body,Some,DT,36
body,Somerset,NNP,2
body,Something,NN,1
body,Sometime,RB,2
body,Son,NNP,13
body,Song,NN,1
body,Sons,NNS,1
body,Soon,RB,5
body,Sooner,JJR,1
body,Sotheby,NNP,2
body,Sound,NNP,1
body,Sources,NNS,3
body,South,JJ,1
body,South,NN,1
body,South,NNP,121
body,South-Western,NNP,1
body,Southern,JJ,2
body,Southern,NNP,37
body,Southn,NNP,1
body,Southron,NN,1
body,Southwestern,NN,1
body,Sovereignties,NNS,1
body,Spanish,JJ,1
body,Spanish,NNP,1
body,Speak,VB,1
body,Speaker,NNP,40
body,Spear,NNP,1
body,Special,JJ,28
body,Specification,NN,2
body,Specifications,NNS,4
body,Speeches,NNS,1
body,Speed,NN,2
body,Speer,NNP,2
body,Speiden,NN,1
body,Speiden,NNP,1
body,Spencer,NNP,8
body,Spencers,NNPS,1
body,Spenser,NNP,1
body,Spies,NNS,1
body,Spinner,NN,1
body,Spirit,NN,3
body,Spotsylvania,NNP,2
body,Spottsylvania,NNP,1
body,Sprague,NNP,12
body,Spragues,JJ,1
body,Spring,NN,13
body,Springfield,NNP,16
body,Springs,NNP,28
body,Squadron,NNP,2
body,Square,NNP,2
body,Sr.,NNP,3
body,Srib,NNP,1
body,St,NNP,27
body,St.,NNP,114
body,Staff,NN,8
body,Staff,NNP,8
body,Stafford,NNP,2
body,Stage,NNP,1
body,Stamton,NNP,1
body,Stan,NNP,2
body,Stanbery,NN,1
body,Stanbery,NNP,35
body,Stancel,NNP,2
body,Standing,VBG,1
body,Stanford,NNP,2
body,Stanley,NNP,1
body,Stansbury,NNP,1
body,Stantom,NNP,1
body,Stanton,NNP,196
body,Stantons,NNPS,1
body,Stapler,NN,1
body,Stapler,NNP,1
body,Stark,NNP,2
body,Starr,NN,1
body,Starr,NNP,2
body,Stars,NNP,1
body,Started,VBN,1
body,Starvation,NN,1
body,State,NN,261
body,State,NNP,179
body,Stated,NNP,1
body,Stated,VBD,2
body,Stated,VBN,1
body,Stateing,VBG,1
body,Statement,NN,7
body,Statement,NNP,1
body,States,NNP,24
body,States,NNPS,338
body,States,NNS,5
body,Statesmen,NNP,1
body,Stating,VBG,1
body,Station,NNP,12
body,Stationed,VBN,4
body,Stations,NNP,1
body,Stations,NNS,2
body,Statu,NNP,1
body,Statue,NNP,2
body,Statuets,NNS,1
body,Statutes,NNS,5
body,Staunton,NNP,3
body,Ste.,NNP,1
body,Stealing,VBG,1
body,Steam,NNP,1
body,Steamboat,NNP,1
body,Steamer,NNP,8
body,Steedman,NNP,2
body,Steele,NNP,2
body,Steilacoom,NNP,3
body,Stepfather,NNP,1
body,Stephen,NNP,18
body,Stephens,NNP,1
body,Steps,NNS,1
body,Sterry,NN,1
body,Sterry,NNP,1
body,Stetson,NNP,2
body,Steuart,NNP,1
body,Stevens,NNP,10
body,Stevenson,NNP,8
body,Steward,NNP,3
body,Stewart,NNP,21
body,Stilfex,NN,1
body,Stilfex,NNP,6
body,Still,RB,11
body,Stimpson,NN,1
body,Stimpson,NNP,1
body,Stimr,NNP,1
body,Stitt,NNP,2
body,Stock,NN,2
body,Stock,NNP,2
body,Stockbridge,NNP,2
body,Stockholders,NNP,1
body,Stocks,NNS,1
body,Stockton,NNP,2
body,Stocton,NNP,1
body,Stokell,NNP,2
body,Stone,NNP,10
body,Stoneman,NNP,5
body,Stoneriver,NNP,1
body,Stop,NN,1
body,Store,NN,2
body,Store,NNP,3
body,Storehouses,NNP,1
body,Storekeeper,NNP,3
body,Stores,NNPS,3
body,Stores,NNS,1
body,Story,NNP,3
body,Stout,NNP,2
body,Stover,NNP,2
body,Straight,NNP,2
body,Strain,NN,1
body,Strain,NNP,1
body,Strange,NNP,1
body,Stranger,NN,1
body,Street,NNP,19
body,Streets,NNPS,2
body,Stricken,VBN,1
body,Strickland,NNP,3
body,Strike,NN,1
body,Striking,VBG,1
body,Stripes,NNP,1
body,Strips,NNS,1
body,Strong,JJ,3
body,Struggle,NN,1
body,Sts,NNS,1
body,Stuart,NNP,5
body,Stuck,NNP,2
body,Students,NNS,2
body,Sub,NN,3
body,Sub-District,NNP,3
body,Sub-Marine,NNP,1
body,Sub-district,NN,2
body,Subject,NN,3
body,Subject,NNP,2
body,Subject,VB,1
body,Subjects,NNS,1
body,Subjugated,NNP,1
body,Submits,NNS,1
body,Submitted,NNP,1
body,Submitted,VBN,1
body,Submitting,VBG,1
body,Subordinate,JJ,1
body,Subordinate,NNP,1
body,Subs,NNP,1
body,Subsequent,JJ,4
body,Subsequently,NNP,2
body,Subsequently,RB,9
body,Subsistence,NN,9
body,Subsistence,NNP,14
body,Success,NN,1
body,Successor,NN,2
body,Succumb,VB,1
body,Such,JJ,10
body,Such,PDT,4
body,Sue,NNP,1
body,Suffered,VBD,1
body,Suffering,VBG,1
body,Sufficient,JJ,2
body,Suffolk,NNP,2
body,Sugar,NNP,1
body,Suggestions,NNPS,1
body,Suit,NN,1
body,Sullivan,NNP,2
body,Sully,NNP,2
body,Sum,NN,1
body,Sumer,NN,1
body,Summary,NNP,1
body,Summer,NN,10
body,Sumner,NNP,18
body,Sumter,NNP,3
body,Sumterville,NNP,1
body,Sunday,NNP,22
body,Sup,NN,2
body,Supdt,NN,2
body,Supemacy,NN,1
body,Superintendant,NNP,3
body,Superintendent,NN,5
body,Superintendent,NNP,5
body,Superintendents,NNS,2
body,Superior,NNP,1
body,Superiors,NNS,1
body,Supplemental,NNP,2
body,Supplementary,NNP,7
body,Supply,NN,1
body,Supplying,VBG,1
body,Support,NN,1
body,Supposed,VBN,1
body,Suppress,VB,1
body,Supreme,NNP,35
body,Supt,NNP,2
body,Supt.,NNP,4
body,Surely,RB,4
body,Sureties,NNP,1
body,Sureties,NNS,1
body,Surf,NN,1
body,Surg,NNP,4
body,Surgeon,NNP,32
body,Surgeon-General,NNP,1
body,Surgeons,NNPS,2
body,Surport,NNP,1
body,Surratt,NNP,5
body,Surrender,VB,2
body,Survey,NN,7
body,Surveyor,NNP,1
body,Surveys,NNS,5
body,Surviveing,NN,1
body,Susan,NNP,4
body,Suspend,VB,5
body,Suspension,NNP,2
body,Sutler,NNP,1
body,Sutlers,NNPS,1
body,Sutlers,NNS,1
body,Sutter,NNP,1
body,Svt,NNP,2
body,Swamp,NN,3
body,Swamp,NNP,1
body,Swan,NN,1
body,Swann,NN,1
body,Swann,NNP,2
body,Swanston,NNP,2
body,Swarthmore,NNP,4
body,Sway,VB,1
body,Swayne,NN,4
body,Swayne,NNP,14
body,Sweet,JJ,1
body,Sweet,NNP,9
body,Sweetwater,NNP,3
body,Swift,NNP,2
body,Swiss,JJ,2
body,Swiss,NNP,2
body,Switzerland,NNP,4
body,Swords,NNP,1
body,Swords,NNS,1
body,Sy,NNP,1
body,Sydenham,NNP,4
body,Syire,NNP,1
body,Sykes,NNP,2
body,Symathias,NNPS,1
body,Symbols,NNPS,1
body,Symbols,NNS,1
body,Sympathy,NN,1
body,Synopsis,NN,1
body,Synopsis,NNPS,3
body,Syracuse,NNP,1
body,System,NN,1
body,System,NNP,2
body,Sywayne,NNP,1
body,T,NN,7
body,T,UNK,2
body,T.,FW,7
body,T.,NNP,164
body,T118,NN,1
body,T149,NN,1
body,T184,NN,1
body,T192,NN,1
body,T194,NN,1
body,T482,NN,1
body,T523,NN,1
body,T537,NN,1
body,TENN.,NNP,1
body,THADDEUs,NNP,1
body,THE,DT,30
body,THE,NE,1
body,THROUGH,IN,1
body,TIRAXOVTg,UNK,1
body,TIreasury,NNP,1
body,TO,TO,2
body,TREASURY,NN,3
body,Tachau,NNP,1
body,Tactics,NNPS,1
body,Tactics,NNS,2
body,Taggart,NN,1
body,Taggart,NNP,1
body,Tahlequah,NNP,2
body,Take,VB,2
body,Taking,VBG,1
body,Tallahasee,NNP,1
body,Tallahassee,NNP,5
body,Tallapoosa,NNP,2
body,Tappan,NNP,4
body,Tarr,NNP,1
body,Taske,NNP,1
body,Tasker,NNP,1
body,Tassin,NNP,4
body,Taunton,NNP,2
body,Tavistock,NNP,1
body,Tax,NN,6
body,Tax,NNP,2
body,Taxes,NNS,1
body,Taxpayers,NNPS,1
body,Taylor,NNP,16
body,Tecolote,NNP,2
body,Tejada,NNP,3
body,Tele,NNP,2
body,Telegram,NN,142
body,Telegram,NNP,70
body,Telegrams,NNP,156
body,Telegrams,NNPS,607
body,Telegrams,NNS,1
body,Telegraph,NNP,24
body,Telegraphed,VBN,1
body,Telegraphic,JJ,1
body,Tell,VB,8
body,Tellegraph,NNP,1
body,Templar,NNP,1
body,Ten,CD,5
body,Tender,NN,2
body,Tene,NNP,1
body,Tenn,NNP,2
body,Tenn.,NNP,53
body,Tenne,NNP,1
body,Tennessee,NNP,51
body,Tenure,NN,12
body,Tenure,NNP,1
body,Ter,NN,1
body,Terba,NNP,1
body,Term,NN,1
body,Term,NNP,1
body,Terman,NNP,3
body,Terminal,JJ,1
body,Terminal,NNP,2
body,Terms,NNS,1
body,Territorial,JJ,1
body,Territories,NNPS,1
body,Territory,NN,12
body,Territory,NNP,128
body,Terrtory,NNP,1
body,Terry,NNP,12
body,Tes,NNS,1
body,Test,VB,1
body,Teusday,NNP,4
body,Tex.,NNP,107
body,Tex.-Copies,NNS,1
body,Texas,NNP,76
body,Teſ,NN,1
body,Thaddeus,NNP,7
body,That,DT,42
body,That,IN,30
body,That,WDT,3
body,Thatis,NNP,1
body,Thayer,NNP,7
body,The,DT,1216
body,The,NNP,18
body,Thehau,NNP,1
body,Their,PRP$,5
body,Then,RB,10
body,Theodore,NNP,6
body,Theological,JJ,1
body,Theological,NNP,1
body,There,EX,98
body,Therefore,RB,6
body,These,DT,59
body,They,PRP,88
body,Think,VB,1
body,Thinking,VBG,1
body,Third,JJ,3
body,Third,LS,1
body,Third,NNP,5
body,Thirteen,CD,2
body,Thirteenth,NNP,1
body,Thirty,CD,5
body,Thirty-five,CD,1
body,Thirty-two,CD,1
body,This,DT,241
body,Thomas,NNP,162
body,Thompson,NNP,8
body,Thompsons,NNP,1
body,Thomson,NNP,1
body,Thorndike,NNP,1
body,Thornton,NNP,2
body,Thos,NNP,5
body,Thos,NNS,3
body,Those,DT,1
body,Though,IN,4
body,Though,NNP,1
body,Thousand,NNP,5
body,Three,CD,13
body,Through,IN,4
body,Thunder,NNP,2
body,Thurman,NNP,2
body,Thursday,NNP,7
body,Thus,RB,5
body,Ticket,NN,1
body,Tilden,NNP,3
body,Tilford,NNP,2
body,Time,NNP,2
body,Times,NNP,19
body,Times,NNPS,1
body,Tinker,NNP,3
body,Tipton,NNP,3
body,Tish,NNP,2
body,Tishemingo,NNP,1
body,Title,NN,1
body,Titles,NNS,1
body,To,TO,404
body,To,UNK,1
body,To-day,JJ,1
body,Tobacco,NN,3
body,Tod,NNP,9
body,Today,NN,2
body,Todd,NNP,2
body,Together,RB,1
body,Tomeny,NNP,2
body,Tomorrow,NNP,1
body,Tompkins,NNP,4
body,Tompkins,NNS,1
body,Tonica,NNP,3
body,Toombs,NNP,2
body,Topeka,NNP,1
body,Topl,NNP,4
body,Topographical,NNP,1
body,Topograpical,NNP,1
body,Tork,NNP,2
body,Torregiani,NNP,2
body,Torregiani,NNS,1
body,Tortugas,NNPS,3
body,Tosh-o-na,NN,3
body,Total,JJ,5
body,Total,NNP,2
body,Tou,NNP,1
body,Touching,VBG,1
body,Toungest,NNP,1
body,Tourgee,NNP,1
body,Tourgée,NNP,1
body,Town,NNP,2
body,Townsend,NNP,40
body,Township,NNP,1
body,Tracts,NNS,1
body,Trade,NNP,1
body,Trader,NN,3
body,Traid,NNP,1
body,Traitors,NNPS,1
body,Trampled,VBN,1
body,Tranportation,NNP,1
body,Transfer,NN,1
body,Treadwell,NNP,2
body,Treas,NNP,2
body,Treas.,NNP,5
body,Treason,NN,2
body,Treason,NNP,2
body,Treasr,NNP,2
body,Treasure,NN,1
body,Treasurer,NNP,57
body,Treasuries,NNPS,1
body,Treasury,NNP,152
body,Treasury-Note,NNP,1
body,Treasy,NNP,3
body,Treat,VB,1
body,Treaties,NNPS,2
body,Treaties,NNS,1
body,Treaty,NNP,10
body,Trenholm,NNP,4
body,Trenton,NNP,2
body,Trial,NN,3
body,Trial,NNP,1
body,Trials,NNS,1
body,Tribe,NNP,3
body,Tribunal,NNP,1
body,Tribune,NNP,10
body,Tried,VBN,1
body,Trigg,NNP,3
body,Trist,NNP,7
body,Troops,NNP,5
body,Troops,NNPS,5
body,Troops,NNS,10
body,Troup,NN,1
body,Troup,NNP,1
body,Trowbridge,NNP,2
body,True,JJ,2
body,True,NNP,1
body,Truly,RB,39
body,Trumbull,NNP,11
body,Trustee,NN,3
body,Trustee,NNP,1
body,Trustees,NNPS,10
body,Trustees,NNS,10
body,Trusting,VBG,4
body,Try,VB,1
body,Tuesday,NNP,20
body,Tulancingo,NNP,1
body,Tularosa,FW,1
body,Tularosa,NNP,1
body,Tulurosa,NNP,3
body,Tunica,NNP,3
body,Turkey,NNP,1
body,Turkish,JJ,3
body,Turn,VB,1
body,Turnan,NN,1
body,Turnan,NNP,1
body,Turner,NN,2
body,Turner,NNP,5
body,Turner-Baker,NNP,1
body,Turnkey-Jail,NN,1
body,Tuscaloosa,NNP,3
body,Twelth,NNP,1
body,Twenty,CD,11
body,Twenty-five,CD,1
body,Twenty-seven,CD,1
body,Twenty-two,CD,1
body,Twentyeth,NNP,1
body,Twice,RB,2
body,Twigg,NNP,1
body,Twin,NNP,4
body,Two,CD,16
body,TxEIR,NN,1
body,Ty,NNP,2
body,Tyler,NNP,4
body,U,NNP,11
body,U.,NNP,372
body,U.P.,NNP,2
body,U.S,NNP,4
body,U.S.,NNP,854
body,U.S.A.,NNP,3
body,U20,NN,1
body,ULTSSES,NE,1
body,ULYSSES,NNP,1
body,ULYsses,NNS,1
body,UNION,NN,2
body,UNITED,NNP,5
body,UNIVERSITT,NNP,1
body,UNIVERSITY,NNP,1
body,UNIon,NNP,1
body,US,NNP,44
body,USA,NNP,6
body,USA.,NNP,1
body,USE,NN,1
body,USG,NNP,1554
body,USGA,NNP,2
body,USMA,NNP,24
body,Ud,NNP,1
body,Ufford,NNP,2
body,Ullman,NNP,3
body,Ullmann,NNP,3
body,Ullmans,NNP,1
body,Ultimately,RB,1
body,Ulysses,NNP,22
body,Unaided,JJ,1
body,Unanimous,JJ,1
body,Unbound,JJ,2
body,Uncle,NNP,7
body,Uncles,NNS,1
body,Unconditional,NNP,1
body,Under,IN,29
body,Understanding,VBG,2
body,Underwood,NNP,3
body,Unfortunately,RB,1
body,Unger,NNP,4
body,Uniform,NN,1
body,Union,NN,1
body,Union,NNP,122
body,Unionist,JJ,1
body,Unionist,NNP,1
body,Unionists,NNPS,3
body,Unionists,NNS,1
body,United,NNP,285
body,University,NNP,81
body,Unless,IN,13
body,Unofficial,NNP,5
body,Unspeakable,JJ,1
body,Unsuccessful,NNP,5
body,Until,IN,2
body,Untill,NNP,1
body,Up,IN,4
body,Upon,IN,34
body,Upper,NNP,2
body,Upton,NNP,2
body,Urbana,NNP,6
body,Uruguay,NNP,1
body,Used,VBN,1
body,Utah,NNP,7
body,Ute,NN,2
body,Utes,NNPS,6
body,Utes,NNS,2
body,Utter,NNP,1
body,Uſ,UNK,1
body,V,NN,155
body,V,NNP,113
body,V.,NNP,28
body,VA.,NNP,2
body,VANHoRNE,NNP,1
body,VI,NNP,2
body,VICKSBURG,NNP,2
body,VII,NN,1
body,VII,NNP,1
body,VIII,CD,1
body,VIII,NNP,1
body,VILLE,NNP,1
body,VOIHHWV,UNK,1
body,Va,NNP,25
body,Va.,NNP,137
body,Vacancy,NN,2
body,Vacancy,NNP,1
body,Vague,JJ,1
body,Vain,NNP,1
body,Vallandigham,NNP,1
body,Vallandingham,NNP,1
body,Vallandinghams,NNP,1
body,Vallarta,NNP,2
body,Vallejo,NNP,2
body,Valley,NNP,7
body,Valor,NN,1
body,Value,NN,1
body,Van,NNP,15
body,Van-Dorns,NNP,1
body,Vance,NNP,11
body,Vancouver,NNP,4
body,Vandiver,NNP,1
body,Vaness,NNP,3
body,Varney,NNP,3
body,Varying,JJ,1
body,Vast,NNP,1
body,Vedder,NNP,2
body,Vegetables,NNS,1
body,Ventilator,NNP,2
body,Veracruz,NNP,2
body,Veritas,NNP,1
body,Vermont,NNP,3
body,Vernon,NNP,2
body,Very,RB,43
body,Vet,NNP,1
body,Veteran,NNP,4
body,ViHi,NNP,1
body,Vice,NNP,10
body,Vicksburg,NNP,30
body,Victoria,NNP,5
body,Victorias,NNP,1
body,Victory,NNP,1
body,Victualing,NNP,1
body,View,NNP,3
body,Vigron,NNP,2
body,Vihteh,NNP,1
body,Viley,NN,1
body,Viley,NNP,1
body,Village,NNP,2
body,Ville,FW,2
body,Vinal,NNP,3
body,Vincent,NNP,2
body,Vinton,NNP,1
body,Virginia,NNP,75
body,Virginian,NN,1
body,Virginians,NNPS,2
body,Visalia,NNP,2
body,Visitations,NNS,1
body,Visiting,VBG,1
body,Viu,NNP,2
body,Viz,NNP,5
body,Vol,NN,3
body,Vol,NNP,9
body,Volkmar,NNP,2
body,Vols,NNP,2
body,Vols,NNPS,41
body,Vols,NNS,2
body,Vols.,NNP,6
body,Volume,NN,1
body,Voluntary,JJ,1
body,Volunteer,NNP,23
body,Volunteers,NNS,21
body,Volusia,NNP,2
body,Voorhies,NNP,1
body,Voorhies,NNPS,1
body,Vote,VB,3
body,Voters,NNS,2
body,Votes,NNP,7
body,Votes,NNS,4
body,Voucher,NNP,1
body,Vouchers,NNS,1
body,Vt.,NNP,3
body,W,NN,1
body,W,NNP,14
body,W,UNK,2
body,W.,NNP,333
body,W.M,NNP,2
body,W.Va.,NNP,1
body,W1065,NNP,1
body,W1089,NNP,1
body,W1103,NNP,1
body,W1424,NN,1
body,W320,NN,1
body,W38,UNK,1
body,W384,NN,1
body,W386,NN,1
body,W428,NN,1
body,W433,NN,1
body,W436,NN,1
body,W438,NN,1
body,W439,NN,1
body,W464,NN,1
body,W481,NN,1
body,W482,NN,1
body,W489,NN,1
body,W56,NNP,1
body,W841,NN,1
body,W896,NN,1
body,W979,NN,1
body,WADE,NNP,1
body,WAGER,NNP,1
body,WALLACE,NNP,1
body,WAR,NN,6
body,WASHBURN,NNP,1
body,WASHINGTON,NNP,5
body,WHITE,NNP,4
body,WHOLE,JJ,1
body,WHi,NN,1
body,WHi,SYM,1
body,WILKEs,NNS,1
body,WILSON,NNP,3
body,WILson,NNP,1
body,WW,NNP,1
body,Wade,NNP,15
body,Wadsworth,NNP,3
body,Wager,NN,1
body,Waggon,NNP,2
body,Wagon,NNP,3
body,Waiting,NNP,1
body,Waiting,VBG,1
body,Waitz,NNP,2
body,Wakelee,NNP,2
body,Waldo,NNP,2
body,Walke,NNP,3
body,Walker,NNP,26
body,Walkers,NNS,1
body,Wall,NN,1
body,Wall,NNP,4
body,Walla,NNP,5
body,Wallace,NNP,36
body,Wallach,NNP,4
body,Wallack,NNP,2
body,Wallen,NNP,2
body,Waller,NNP,1
body,Wallingford,NNP,3
body,Walter,NNP,8
body,Walton,NNP,2
body,Want,NN,1
body,Want,VBP,1
body,War,NN,46
body,War,NNP,649
body,Ward,NNP,12
body,Ware,NNP,6
body,Warehouses,NNS,1
body,Warhad,NNP,1
body,Warmoth,NNP,2
body,Warmouth,NNP,2
body,Warranto,NNP,1
body,Warren,NNP,4
body,Warrenton,NNP,9
body,Warrior,NNP,1
body,Was,VBD,6
body,Wash,NNP,4
body,Washburn,NNP,1
body,Washburne,NNP,22
body,Washburns,NNPS,1
body,Washingtea,NNP,1
body,Washington,NNP,431
body,Washn,NNP,1
body,Wasington,NNP,1
body,Water-tanks,NNPS,1
body,Watertown,NNP,4
body,Watervliet,NNP,2
body,Watson,NNP,3
body,Watterson,NNP,3
body,Wave,NN,1
body,Wave,NNP,1
body,Wayde,NNP,2
body,Wayne,NNP,4
body,Ways,NNP,3
body,We,PRP,88
body,We-we-nochee,NN,1
body,Wealde,NNP,1
body,Weaver,NNP,3
body,Webster,NNP,4
body,Wedding,NN,1
body,Wednesday,NNP,15
body,Weed,NN,1
body,Weed,VBD,1
body,Weeds,NNS,2
body,Weichmann,NNP,4
body,Weild,NNP,2
body,Welburne,NN,1
body,Welburne,NNP,1
body,Weldon,NNP,2
body,Well,RB,1
body,Well,UH,5
body,Welles,NNP,20
body,Welles,NNS,2
body,Wells,NNP,38
body,Wendell,NNP,1
body,Wenona,NNP,3
body,Went,VBD,2
body,Were,VBD,3
body,Wermuth,NNP,4
body,Wesley,NNP,2
body,Wesleyan,NNP,3
body,West,NN,1
body,West,NNP,94
body,West-Point,NNP,1
body,Westchester,NNP,3
body,Westerly,NNP,2
body,Western,JJ,8
body,Western,NNP,14
body,Weston,NNP,3
body,Westport,NNP,1
body,Westwood,NNP,1
body,Whaley,NNP,3
body,Wham,UH,2
body,Wharf,NNP,3
body,Wharton,NNP,5
body,What,WDT,7
body,What,WP,18
body,Whately,NNP,1
body,Whatever,WDT,2
body,Whatley,NNP,3
body,Wheaton,NNP,4
body,Wheeler,NNP,2
body,Wheeling,NN,1
body,Wheeling,NNP,3
body,When,WRB,64
body,Whenever,NNP,3
body,Wheras,FW,1
body,Where,WRB,6
body,Whereas,IN,1
body,Whereupon,NNP,2
body,Wherry,NNP,3
body,Whether,IN,11
body,Which,WDT,7
body,Which,WP,1
body,While,IN,21
body,Whilst,IN,5
body,Whipple,NNP,6
body,Whiskey,NNP,2
body,Whisky,NNP,1
body,Whistler,NNP,7
body,Whitacre,NNP,2
body,Whitaker,NNP,2
body,White,JJ,2
body,White,NNP,52
body,White-House,NNP,1
body,Whitehurst,NNP,2
body,Whitely,NNP,6
body,Whites,NNS,7
body,Whitley,NNP,3
body,Whitly,NNP,1
body,Whitmore,NNP,3
body,Whitney,NNP,2
body,Whittlesey,NNP,4
body,Whittleseys,NNP,1
body,Whoever,WP,1
body,Why,WRB,4
body,Whytock,NN,1
body,Whytock,NNP,1
body,WickLIFFE,NNP,1
body,Wickliffe,NNP,1
body,Widow,NN,1
body,Widowd,NNP,1
body,Wife,NN,1
body,Wife,NNP,3
body,Wiggin,NNP,3
body,Wilbur,NNP,2
body,Wilcox,NNP,4
body,Wild,NNP,2
body,Wilderness,NN,1
body,Wilderness,NNP,1
body,Wilkes,NN,3
body,Wilkes,NNP,9
body,Wilkins,NNP,2
body,Wilkinson,NNP,3
body,Will,MD,69
body,Will,NNP,5
body,Willard,NNP,2
body,Willcox,NNP,4
body,William,NNP,338
body,Williams,NNP,18
body,Williamsburg,NNP,6
body,Williamson,NNP,3
body,Williamstown,NNP,2
body,Willing,JJ,3
body,Willson,NNP,1
body,Wilmington,NNP,5
body,Wilson,NNP,41
body,Wilsons,NNP,1
body,Wind,NN,3
body,Winder,NNP,2
body,Winfield,NNP,38
body,Wingate,NNP,3
body,Winkle,NNP,1
body,Winona,NNP,2
body,Winslow,NNP,3
body,Winston,NNP,2
body,Winter,NNP,5
body,Wires,NNP,1
body,Wirz,NNP,4
body,Wis.,NNP,22
body,Wisconsin,NNP,9
body,Wisdom,NN,1
body,Wise,NNP,2
body,Wisewell,NNP,2
body,Wish,NNP,2
body,Wishing,NNP,1
body,Wishton,NNP,1
body,With,IN,40
body,Withdraw,VB,1
body,Withers,NNP,3
body,Within,IN,2
body,Without,IN,10
body,Witness,NNP,3
body,Witt,NNP,1
body,Wm,NNP,14
body,Wm.,NNP,26
body,Wolf,NNP,2
body,Wols,NNP,1
body,Woman,NNP,1
body,Women,NNS,1
body,Wont,JJ,1
body,Wont,NNP,1
body,Wood,NNP,27
body,Woodbury,NNP,2
body,Wooden,JJ,1
body,Wooden,NNP,2
body,Woodruff,NNP,3
body,Woods,NNP,10
body,Wool,NN,1
body,Wool,NNP,2
body,Woolen,NNP,1
body,Woolsey,NNP,2
body,Worcester,NNP,2
body,Words,NNP,2
body,Words,NNS,1
body,Work,NN,1
body,Work,VB,3
body,Works,NNP,7
body,World,NN,2
body,World,NNP,3
body,Worms,NNP,1
body,Worth,NNP,8
body,Would,MD,15
body,Wright,NNP,10
body,Write,VB,3
body,Write,VBP,2
body,Writing,VBG,1
body,Writings,NNS,1
body,Written,VBN,136
body,Wrongfully,RB,2
body,Wurzberger,NNP,2
body,Wy-Ar,NN,1
body,Wy-Ar,NNP,1
body,WyU,NN,1
body,Wyck,NNP,3
body,Wyllys,NNP,1
body,Wyo.,NNP,3
body,Wyoming,NNP,3
body,XI,NNP,1
body,XIV,NNP,2
body,XVII,NN,1
body,XVIII,NNP,1
body,Y,NN,3
body,Y,UNK,2
body,Y-commanded,FW,1
body,Y.,NNP,40
body,YMCA,NNP,1
body,YORK,NNP,1
body,Yacht,NNP,1
body,Yale,NNP,5
body,Yankton,NNP,7
body,Yantis,NNP,2
body,Yard,NN,1
body,Yard,NNP,1
body,Yards,NNP,1
body,Yards,NNPS,2
body,Yates,NNP,3
body,Year,NN,4
body,Year,NNP,2
body,Yearly,JJ,1
body,Years,NNS,2
body,Yeiser,NN,2
body,Yeiser,NNP,2
body,Yellow,JJ,4
body,Yellow,NNP,2
body,Yellowstone,NNP,2
body,Yeoman,NNP,2
body,Yerba,NNP,9
body,Yes,UH,6
body,Yester-day,JJ,1
body,Yesterday,NN,4
body,Yet,CC,2
body,Yet,RB,4
body,Yeur,JJ,1
body,YoU,NN,1
body,Yokum,NNP,2
body,York,NNP,229
body,"York,-a",NNP,1
body,Yorktown,NNP,1
body,You,PRP,156
body,Young,JJ,1
body,Young,NN,2
body,Young,NNP,9
body,Youngstown,NNP,3
body,Your,PRP$,172
body,Yours,NNP,46
body,Yours,VBZ,2
body,Yourself,NNP,2
body,Yr,NN,3
body,Yucatan,NNP,1
body,ZIND,NNP,1
body,Zachariah,NNP,2
body,Zachary,NNP,1
body,Zanesville,NNP,4
body,Zarah,NNP,1
body,Zealous,JJ,1
body,Zebulon,NNP,1
body,Zenith,NNP,1
body,Ziegler,NNP,2
body,Zouave,NNP,2
body,Zouaves,NNPS,2
body,Zürich,NNP,1
body,[,UNK,1
body,\,CD,1
body,\,UNK,2
body,^,UNK,3
body,^*.z,UNK,1
body,^Y®^^,UNK,1
body,_,SYM,2
body,__，_|------,UNK,1
body,`,``,365
body,``,``,2068
body,```,CD,1
body,a,DT,3917
body,a,UNK,7
body,a-blaze,NN,1
body,a.,FW,2
body,a.,IN,2
body,a.,NNP,3
body,a.a.,NNP,1
body,a.m.,RB,3
body,a/c,NN,1
body,ab,NN,1
body,abandon,VB,7
body,abandoned,VBD,1
body,abandoned,VBN,17
body,abandoning,VBG,1
body,abandonment,NN,4
body,abate,VB,2
body,abates,VBZ,1
body,abeat,VBP,1
body,abetter,NN,1
body,abeve,NN,1
body,abeyance,NN,1
body,abhorred,VBD,1
body,abide,VB,3
body,abiding,VBG,2
body,abilities,NNS,1
body,ability,NN,20
body,abject,JJ,1
body,able,JJ,74
body,ablest,IN,1
body,ablest,NN,1
body,ably,RB,3
body,abnormal,JJ,1
body,aboard,IN,1
body,abolish,VB,1
body,abolished,VBN,1
body,abolishing,VBG,1
body,abolition,NN,1
body,abound,VBP,1
body,about,IN,236
body,about,RB,24
body,about,RP,1
body,abouts,NNS,1
body,above,IN,50
body,above,JJ,35
body,above,RB,3
body,above-named,JJ,1
body,abovementioned,JJ,1
body,abreast,NN,1
body,abroad,RB,10
body,abrogation,NN,1
body,absence,NN,47
body,absent,JJ,27
body,absented,VBN,1
body,absenting,VBG,2
body,absolute,JJ,8
body,absolutely,RB,17
body,absolved,JJ,1
body,absorbed,VBN,1
body,absorbing,VBG,1
body,abstain,VB,1
body,abstained,VBN,1
body,abstract,JJ,8
body,absurd,JJ,3
body,absurdities,NNS,1
body,abundant,JJ,4
body,abundantly,RB,2
body,abuse,NN,5
body,abused,JJ,1
body,abused,VBN,3
body,abuses,NNS,2
body,abusive,JJ,2
body,ac,SYM,1
body,acade,NN,1
body,academic,JJ,2
body,academy,NN,1
body,accassion,NN,1
body,accede,VB,3
body,acceded,VBN,2
body,acceding,VBG,1
body,acceeded,VBD,1
body,accelerate,VB,1
body,accept,VB,24
body,accept,VBP,2
body,acceptable,JJ,8
body,acceptance,NN,14
body,accepted,VBD,12
body,accepted,VBN,23
body,accepting,VBG,14
body,accepts,VBZ,1
body,access,NN,7
body,accessible,JJ,1
body,accession,NN,1
body,accessories,NNS,2
body,accident,NN,4
body,accidentally,RB,1
body,accidents,NNS,1
body,acclamation,NN,1
body,accommodate,VB,1
body,accommodated,VBN,1
body,accommodations,NNS,1
body,accomodated,VBN,2
body,accomodations,NNS,1
body,accompaied,VBN,1
body,accompanied,VBD,5
body,accompanied,VBN,10
body,accompanies,VBZ,3
body,accompanig,NN,1
body,accompaniments,NNS,1
body,accompaning,VBG,1
body,accompany,VB,14
body,accompany,VBP,1
body,accompanying,VBG,51
body,accomplices,NNS,1
body,accomplish,VB,5
body,accomplished,JJ,3
body,accomplished,VBN,10
body,accomplishing,VBG,1
body,accomplishment,NN,3
body,accompyning,VBG,1
body,accord,NN,2
body,accord,VB,2
body,accordance,NN,52
body,accorded,VBD,1
body,accorded,VBN,3
body,according,VBG,24
body,accordingly,RB,13
body,accosted,VBD,1
body,account,NN,75
body,account,VB,6
body,account,VBP,1
body,accountability,NN,1
body,accountable,JJ,5
body,accounted,VBD,1
body,accounted,VBN,11
body,accounting,NN,1
body,accounts,NNS,37
body,accounts,VBZ,1
body,accounts.-LS,NN,1
body,accoutrement,NN,5
body,accoutrements,NNS,2
body,accredited,VBD,1
body,accredited,VBN,1
body,accrued,VBN,3
body,accrueing,VBG,1
body,accruing,VBG,1
body,accumulate,VB,1
body,accumulated,VBN,3
body,accumulating,VBG,1
body,accumulations,NNS,1
body,accupy,NN,1
body,accuracy,NN,3
body,accurate,JJ,5
body,accurately,RB,3
body,accusation,NN,1
body,accusations,NNS,3
body,accuse,VBP,1
body,accused,VBD,6
body,accused,VBN,37
body,accuser,NN,1
body,accusers,NNS,1
body,accuses,VBZ,1
body,accusing,VBG,2
body,accustomed,JJ,1
body,accustomed,VBN,3
body,achieved,VBN,3
body,achievements,NNS,2
body,aciii,VB,1
body,acknowledge,VB,59
body,acknowledge,VBP,1
body,acknowledged,VBD,4
body,acknowledged,VBN,3
body,acknowledgement,NN,3
body,acknowledges,VBZ,2
body,acknowledging,VBG,7
body,acknowledgment,NN,2
body,acknowledgments,NNS,1
body,aclamation,NN,1
body,acomplished,VBN,1
body,acording,VBG,1
body,acount,NN,1
body,acquaint,VB,6
body,acquaintance,NN,11
body,acquaintances,NNS,1
body,acquaintd,NN,1
body,acquainted,VBD,1
body,acquainted,VBN,22
body,acquainting,VBG,1
body,acquaiting,VBG,1
body,acquantance,NN,1
body,acquiesce,VB,2
body,acquiesced,VBD,1
body,acquiesced,VBN,1
body,acquiescence,NN,1
body,acquire,VB,4
body,acquired,VBN,7
body,acquires,VBZ,2
body,acquisition,NN,2
body,acquit,VB,3
body,acquittal,NN,2
body,acquitted,VBD,3
body,acquitted,VBN,4
body,acquitting,VBG,1
body,acres,NNS,5
body,acrimonious,JJ,1
body,across,IN,13
body,across,RP,1
body,act,NN,154
body,act,VB,45
body,act,VBP,9
body,acted,VBD,8
body,acted,VBN,22
body,acting,VBG,21
body,action,NN,279
body,actions,NNS,3
body,active,JJ,28
body,actively,RB,5
body,activity,NN,1
body,actors,NNS,1
body,actress,NN,1
body,acts,NNS,53
body,acts,VBZ,38
body,actual,JJ,13
body,actually,RB,16
body,actuated,VBD,1
body,actuated,VBN,1
body,acutely,RB,1
body,ad,NN,70
body,ad-int,NN,1
body,ad-interim,JJ,1
body,ad-interim,NN,1
body,adapted,VBN,1
body,adapting,VBG,1
body,add,VB,28
body,add,VBP,3
body,added,VBD,4
body,added,VBN,11
body,addicted,VBN,1
body,adding,VBG,4
body,addit,NN,1
body,addition,NN,36
body,additional,JJ,56
body,addl,NN,1
body,addres,VBZ,1
body,address,NN,21
body,address,VB,9
body,address,VBP,5
body,addressed,VBD,53
body,addressed,VBN,21
body,addresses,NNS,1
body,addressing,VBG,15
body,adds,VBZ,3
body,adduced,JJ,1
body,adduced,VBD,4
body,adepted,VBN,1
body,adeptieh,JJ,1
body,adequate,JJ,4
body,adequately,RB,1
body,adherance,NN,1
body,adhere,VB,1
body,adhered,VBN,6
body,adherents,NNS,2
body,adjacent,JJ,1
body,adjourment,NN,1
body,adjourn,VB,4
body,adjourned,VBD,6
body,adjourned,VBN,2
body,adjourning,NN,1
body,adjourning,VBG,2
body,adjournment,NN,6
body,adjourns,VBZ,1
body,adjt,NN,8
body,adjt.,NN,1
body,adjt.,NNP,3
body,adjudged,VBD,1
body,adjuodicated,VBN,1
body,adjust,VB,3
body,adjusted,VBN,1
body,adjustment,NN,1
body,adjutant,JJ,1
body,administer,VB,2
body,administered,VBN,4
body,administering,VBG,1
body,administers,VBZ,31
body,administion,NN,1
body,administration,NN,38
body,administrative,JJ,3
body,administrators,NNS,1
body,admirable,JJ,3
body,admiration,NN,1
body,admire,VBP,1
body,admired,VBD,1
body,admired,VBN,2
body,admission,NN,12
body,admissions,NNS,1
body,admit,VB,13
body,admit,VBP,3
body,admits,NNS,1
body,admits,VBZ,3
body,admittance,NN,4
body,admitted,VBD,8
body,admitted,VBN,19
body,admitting,VBG,6
body,admmission,NN,1
body,admonishing,VBG,1
body,adopt,VB,5
body,adopted,VBD,3
body,adopted,VBN,33
body,adopting,VBG,6
body,adoption,NN,24
body,adored,JJ,1
body,adressing,VBG,1
body,adult,JJ,4
body,adults,NNS,3
body,advance,NN,22
body,advance,VB,2
body,advanced,JJ,7
body,advanced,VBD,4
body,advanced,VBN,4
body,advances,NNS,10
body,advancing,VBG,1
body,advantage,NN,13
body,advantageous,JJ,1
body,advantages,NNS,2
body,advantagious,JJ,1
body,adventurer,NN,1
body,adversaries,NNS,1
body,adverse,JJ,5
body,adversity,NN,1
body,advertised,VBD,1
body,advertised,VBN,1
body,advertisements,NNS,1
body,advertising,NN,3
body,advice,NN,26
body,adviced,VBN,1
body,advices,NNS,1
body,advisable,JJ,17
body,advise,VB,27
body,advise,VBP,5
body,advised,VBD,10
body,advised,VBN,42
body,advisement,NN,2
body,adviser,NN,1
body,advisers,NNS,2
body,advises,VBZ,4
body,advising,VBG,3
body,advisors,NNS,1
body,advocate,NN,7
body,advocate,VBP,1
body,advocated,VBD,1
body,advocates,NNS,1
body,advocating,VBG,1
body,aeeepted,VBN,1
body,aet,NN,1
body,aeting,VBG,1
body,aetion,NN,1
body,aetual,JJ,1
body,af,RB,1
body,afew,NN,1
body,affadavit,NN,1
body,affadavits,NNS,1
body,affair,NN,10
body,affairs,NNS,71
body,affect,NN,1
body,affect,VB,4
body,affect,VBP,1
body,affected,VBD,1
body,affected,VBN,1
body,affecting,VBG,5
body,affectionate,JJ,1
body,affects,VBZ,4
body,afficted,JJ,1
body,affidavit,NN,10
body,affidavits,NNS,6
body,affirm,VB,1
body,affirm,VBP,2
body,affirmation,NN,1
body,affirmative,JJ,1
body,affirmed,VBN,2
body,affirms,VBZ,1
body,affix,VB,1
body,affix,VBP,1
body,afflicked,JJ,1
body,afflicted,VBN,3
body,affliction,NN,1
body,afford,VB,24
body,afford,VBP,1
body,afforded,VBN,6
body,affording,VBG,1
body,affords,VBZ,6
body,affraid,NN,1
body,affray,NN,3
body,affront,NN,1
body,afloat,RB,1
body,aforesaid,JJ,2
body,aforesaid,JJS,1
body,aforesaid,NN,4
body,aforesaid,NNP,1
body,aforethought,JJ,1
body,afraid,JJ,6
body,african,JJ,1
body,after,IN,257
body,after,RB,1
body,afternoon,NN,2
body,afterwards,RB,25
body,aftewards,RB,1
body,again,RB,84
body,against,IN,257
body,aganst,IN,1
body,age,NN,25
body,aged,JJ,4
body,agencies,NNS,2
body,agency,NN,5
body,agent,NN,37
body,agents,NNS,17
body,ages,NNS,2
body,aggravated,JJ,2
body,aggravating,VBG,1
body,aggregate,JJ,1
body,aggregate,NN,4
body,aggressive,JJ,1
body,aggrieved,JJ,1
body,aggrieved,VBN,1
body,agitate,VBP,1
body,ago,IN,12
body,ago,RB,33
body,agony,NN,1
body,agree,VB,10
body,agree,VBP,7
body,agreeable,JJ,8
body,agreeably,RB,3
body,agreead,VBD,1
body,agreed,NN,1
body,agreed,VBD,8
body,agreed,VBN,12
body,agreement,NN,2
body,agreemt,NN,1
body,agrees,VBZ,1
body,agrieved,JJ,1
body,agt,NN,1
body,ahalf,NN,1
body,ahd,VB,1
body,ahd,VBD,1
body,ahead,RB,1
body,ahy,NN,1
body,ahá,NN,1
body,ai,VBP,1
body,aid,NN,46
body,aid,VB,25
body,aide,NN,1
body,aided,VBD,1
body,aided,VBN,1
body,aider,NN,1
body,aides,NNS,1
body,aiding,VBG,1
body,aids,NNS,1
body,aids,VBZ,1
body,aim,NN,2
body,air,NN,3
body,aknowledging,VBG,1
body,al.,FW,6
body,alabama,NN,1
body,alacrity,NN,1
body,alarm,NN,1
body,alarmed,VBN,2
body,alarming,JJ,3
body,alas,UH,1
body,albe,VB,1
body,aldermanic,JJ,1
body,aldermen,NNS,1
body,aldvocate,NN,1
body,alehe,VBP,1
body,alike,RB,4
body,alive,JJ,5
body,all,DT,537
body,all,PDT,168
body,all,RB,12
body,allay,VB,2
body,alle,VBP,1
body,alledged,JJ,1
body,alledged,VBN,1
body,allegation,NN,4
body,allegations,NNS,4
body,allege,VBP,1
body,alleged,JJ,5
body,alleged,VBD,1
body,alleged,VBN,24
body,alleges,VBZ,1
body,allegiance,NN,1
body,alleging,VBG,5
body,alleviation,NN,2
body,alley,NN,2
body,alliance,NN,1
body,allmost,JJ,1
body,allow,VB,36
body,allow,VBP,2
body,allowable,JJ,2
body,allowance,NN,5
body,allowances,NNS,7
body,allowed,VBD,7
body,allowed,VBN,43
body,allowing,VBG,3
body,allows,VBZ,3
body,allude,VB,1
body,allude,VBP,7
body,alluded,VBD,6
body,alluded,VBN,1
body,alludes,VBZ,1
body,alluding,VBG,3
body,almost,RB,46
body,alnld,NN,1
body,alone,RB,34
body,along,IN,18
body,along,RB,2
body,along,RP,2
body,aloof,JJ,1
body,aloud,RB,2
body,already,RB,62
body,alredy,JJ,1
body,also,RB,237
body,alteration,NN,1
body,alterations,NNS,1
body,altered,JJ,2
body,altered,VBN,1
body,alternative,NN,4
body,altho,NN,1
body,altho,VBP,1
body,although,IN,38
body,altogether,RB,11
body,always,RB,58
body,alºo,VB,1
body,am,RB,3
body,am,VBP,389
body,amazed,VBN,1
body,ambassador,NN,1
body,ambiguous,JJ,2
body,ambition,NN,3
body,ambitions,NNS,1
body,ambitious,JJ,2
body,ambulance,NN,5
body,ambulances,NNS,2
body,ambulanſces,NNS,1
body,amediate,JJ,1
body,amend,VB,1
body,amendatory,JJ,4
body,amended,VBN,1
body,amendment,NN,22
body,amendments,NNS,1
body,amiable,JJ,3
body,amicable,JJ,2
body,amirican,JJ,1
body,amiss,JJ,1
body,ammunition,NN,7
body,amnesty,NN,6
body,among,IN,59
body,amongst,IN,4
body,amont,NN,1
body,amory,NN,1
body,amost,JJ,1
body,amount,NN,78
body,amount,VB,3
body,amount,VBP,1
body,amounting,NN,2
body,amounting,VBG,21
body,amounts,NNS,10
body,amounts,VBZ,3
body,ample,JJ,6
body,amply,RB,2
body,amshamed,VBD,1
body,amt,NN,2
body,amtg,NN,1
body,amts,NNS,1
body,amusement,NN,1
body,an,DT,837
body,analyzed,VBN,1
body,anarchy,NN,3
body,ancient,JJ,2
body,ancious,JJ,2
body,ancle,NN,2
body,and,CC,6690
body,andoah,NN,1
body,aney,NN,1
body,angles,NNS,1
body,anguish,NN,1
body,animadversions,NNS,1
body,animals,NNS,4
body,animated,JJ,2
body,animates,VBZ,1
body,animosities,NNS,1
body,animosity,NN,2
body,animus,NN,1
body,anjd,JJ,1
body,annals,NN,1
body,annesty,JJ,1
body,announce,VB,2
body,announce,VBP,1
body,announced,VBD,6
body,announced,VBN,5
body,announcement,NN,4
body,announces,VBZ,1
body,announcing,VBG,5
body,annoyance,NN,1
body,annoying,JJ,1
body,annual,JJ,16
body,annually,RB,5
body,annul,VB,1
body,annulled,VBN,1
body,annulling,VBG,2
body,annum,NN,3
body,anomalies,NNS,1
body,anonymously,RB,1
body,another,DT,76
body,answer,NN,42
body,answer,VB,20
body,answer,VBP,1
body,answered,VBD,4
body,answered,VBN,13
body,answering,VBG,3
body,answers,NNS,1
body,antagonism,NN,1
body,antecedent,JJ,1
body,antecedents,NNS,5
body,anterior,JJ,1
body,anti,JJ,2
body,anti-constitution,JJ,1
body,anti-reconstructionest,JJ,1
body,anticipate,VB,4
body,anticipate,VBP,1
body,anticipated,JJ,6
body,anticipated,VBN,4
body,anticipation,NN,3
body,anticipatory,JJ,1
body,antipathies,NNS,1
body,anuf,NN,1
body,anxiety,NN,11
body,anxious,JJ,25
body,anxiously,RB,2
body,any,DT,676
body,any,RB,1
body,anybody,NN,3
body,anyhow,RB,1
body,anymore,RB,1
body,anyone,NN,1
body,anything,NN,47
body,anytime,RB,2
body,anyway,RB,1
body,anywhere,RB,1
body,anſd,NN,1
body,anſtalgonism,NN,1
body,ap,NN,1
body,ap,SYM,1
body,apart,RB,2
body,apart,RP,1
body,apathy,NN,1
body,apointments,NNS,1
body,apologetieałły,NN,1
body,apologising,VBG,1
body,apology,NN,7
body,apon,NN,1
body,apparatus,NN,1
body,apparent,JJ,6
body,apparently,RB,6
body,appd,VBD,1
body,appeal,NN,24
body,appeal,VB,4
body,appeal,VBP,10
body,appealed,VBD,6
body,appealed,VBN,3
body,appealing,VBG,6
body,appeals,NNS,2
body,appear,VB,40
body,appear,VBP,9
body,appearance,NN,3
body,appearances,NNS,2
body,appeared,VBD,13
body,appeared,VBN,7
body,appearing,VBG,2
body,appears,VBZ,55
body,appeiatedlication,NN,1
body,appeintment,NN,1
body,append,VBP,1
body,appendages,NNS,1
body,appended,VBN,3
body,appertaining,NN,3
body,appertains,NNS,1
body,applause,NN,2
body,appliances,NNS,1
body,applicability,NN,2
body,applicable,JJ,6
body,applicant,NN,12
body,applicants,NNS,6
body,application,NN,136
body,applications,NNS,13
body,applied,VBD,10
body,applied,VBN,14
body,applies,VBZ,4
body,apply,VB,34
body,apply,VBP,6
body,applyies,NNS,1
body,applying,VBG,5
body,appoint,VB,37
body,appointed,VBD,8
body,appointed,VBN,109
body,appointee,NN,2
body,appointees,NNS,11
body,appointing,VBG,18
body,appointment,NN,159
body,appointments,NNS,59
body,appointmnt,NN,1
body,appointmt,NN,1
body,appoints,VBZ,2
body,apportionment,NN,2
body,appraised,VBN,1
body,apprd,NN,1
body,appreciate,VB,3
body,appreciate,VBP,2
body,appreciated,VBD,1
body,appreciated,VBN,7
body,appreciation,NN,3
body,apprehend,VB,3
body,apprehend,VBP,1
body,apprehended,VBD,4
body,apprehended,VBN,4
body,apprehension,NN,7
body,apprehensions,NNS,8
body,apprise,VB,1
body,apprised,VBN,1
body,approach,NN,3
body,approached,VBD,2
body,approached,VBN,2
body,approaching,VBG,9
body,approbate,VB,1
body,approbation,NN,9
body,appropriate,JJ,14
body,appropriated,VBD,4
body,appropriated,VBN,8
body,appropriates,VBZ,1
body,appropriating,VBG,1
body,appropriation,NN,57
body,appropriations,NNS,9
body,approval,NN,41
body,approve,VB,8
body,approve,VBP,6
body,approved,VBD,27
body,approved,VBN,62
body,approves,VBZ,7
body,approving,VBG,3
body,approximate,JJ,2
body,appt,NN,3
body,aprial,JJ,1
body,april,NNP,1
body,apt,JJ,3
body,aptitude,NN,1
body,apts,NNS,1
body,aqueduct,NN,2
body,aquirements,NNS,1
body,ar,NN,3
body,ar,VBP,1
body,arbitrary,JJ,5
body,arbitration,NN,1
body,archive,NN,1
body,archives,NNS,3
body,ardent,JJ,4
body,ardently,RB,2
body,ardor,NN,1
body,arduous,JJ,2
body,are,VBP,962
body,arest,VB,1
body,arested,VBN,2
body,argue,VB,2
body,argued,VBD,1
body,argued,VBN,1
body,arguing,VBG,1
body,argument,NN,4
body,arguments,NNS,1
body,aright,RB,1
body,arise,VB,6
body,arise,VBP,1
body,arisen,VBN,8
body,arises,VBZ,4
body,arising,VBG,14
body,aristocracy,NN,1
body,ariving,VBG,1
body,arlington,NNP,1
body,arm,NN,11
body,armament,NN,1
body,armed,JJ,10
body,armed,VBN,4
body,armes,NNS,4
body,armies,NNS,9
body,arming,VBG,2
body,armor,NN,1
body,arms,NNS,47
body,arms.-Copy,NN,1
body,army,NN,135
body,army-service,JJ,1
body,armys,NNS,1
body,arose,VBD,6
body,arose,VBN,1
body,around,IN,7
body,around,RP,1
body,arraigned,VBN,2
body,arrange,VB,4
body,arranged,VBD,2
body,arranged,VBN,6
body,arrangement,NN,8
body,arrangements,NNS,13
body,arranging,VBG,1
body,arrayed,VBN,1
body,arrears,NNS,2
body,arrest,NN,41
body,arrest,VB,15
body,arrest,VBP,1
body,arrested,VBD,3
body,arrested,VBN,37
body,arresting,VBG,1
body,arrests,NNS,9
body,arrival,NN,29
body,arrive,VB,6
body,arrive,VBP,1
body,arrived,VBD,12
body,arrived,VBN,12
body,arrives,VBZ,5
body,arriving,VBG,2
body,arrogance,NN,1
body,arrogant,JJ,1
body,arrogation,NN,1
body,arsenal,NN,4
body,art,NN,4
body,article,NN,26
body,articles,NNS,32
body,articls,NNS,1
body,artificially,RB,1
body,artillery,NN,4
body,artist,NN,7
body,arts,NNS,1
body,as,IN,2094
body,as,RB,248
body,ascaped,VBD,1
body,ascend,NN,1
body,ascertain,VB,20
body,ascertain,VBP,1
body,ascertained,VBN,7
body,ascertaining,VBG,2
body,asertain,VB,1
body,ashamed,JJ,1
body,ashburne,RB,1
body,ashore,RB,2
body,aside,RB,12
body,ask,VB,116
body,ask,VBP,24
body,asked,VBD,47
body,asked,VBN,16
body,asking,NN,1
body,asking,VBG,67
body,asks,VBZ,11
body,asleep,JJ,1
body,asleep,RB,2
body,aspect,NN,2
body,aspects,NNS,2
body,asperities,NNS,2
body,aspirant,NN,1
body,aspire,VBP,1
body,assailed,VBN,3
body,assails,VBZ,1
body,assassin,NN,2
body,assassinated,VBN,2
body,assassination,NN,6
body,assault,NN,13
body,assaulted,VBN,2
body,assaulting,VBG,1
body,assaults,NNS,2
body,assemblage,NN,1
body,assemble,VB,6
body,assembled,VBD,3
body,assembled,VBN,5
body,assembling,VBG,5
body,assembly,NN,3
body,assent,NN,3
body,assented,VBD,3
body,assert,VB,1
body,assert,VBP,3
body,asserted,VBN,1
body,asserting,VBG,3
body,assertion,NN,9
body,assertions,NNS,1
body,asserts,VBZ,1
body,assessed,VBN,1
body,assessment,NN,2
body,assessor,NN,2
body,assets,NNS,3
body,assign,VB,10
body,assign,VBP,2
body,assigned,VBD,2
body,assigned,VBN,35
body,assigning,VBG,6
body,assignment,NN,12
body,assignmt,NN,1
body,assist,VB,17
body,assistance,NN,33
body,assistant,JJ,5
body,assistant,NN,5
body,assistants,NNS,3
body,assisted,VBN,6
body,assistence,NN,1
body,assisting,VBG,4
body,assists,VBZ,12
body,associate,JJ,1
body,associate,VB,1
body,associated,JJ,1
body,associated,VBN,1
body,associates,NNS,2
body,associates,VBZ,1
body,association,NN,2
body,associations,NNS,2
body,assortment,NN,1
body,asst,IN,3
body,asst.,NN,2
body,asst.,NNP,1
body,assuaged,VBN,1
body,assume,VB,20
body,assume,VBP,3
body,assumed,JJ,1
body,assumed,VBD,21
body,assumed,VBN,8
body,assumes,VBZ,1
body,assuming,VBG,5
body,assumption,NN,7
body,assumptions,NNS,2
body,assurance,NN,4
body,assurances,NNS,5
body,assure,VB,5
body,assure,VBP,6
body,assured,VBD,1
body,assured,VBN,8
body,assures,VBZ,2
body,assuring,VBG,2
body,astonished,VBN,1
body,astounded,JJ,1
body,astray,RB,1
body,asure,VB,1
body,asylum,NN,1
body,at,IN,1758
body,ate,VBD,1
body,athority,NN,1
body,atmosphere,NN,1
body,atoned,VBN,1
body,atonement,NN,2
body,atrocious,JJ,2
body,attach,VBP,2
body,attached,VBD,1
body,attached,VBN,12
body,attaches,VBZ,5
body,attaching,VBG,1
body,attachment,NN,2
body,attack,NN,11
body,attack,VB,1
body,attacked,VBN,8
body,attacking,VBG,2
body,attacks,NNS,4
body,attain,VB,1
body,attained,VBN,3
body,attainments,NNS,1
body,attempt,NN,21
body,attempt,VB,5
body,attempted,VBD,4
body,attempted,VBN,12
body,attempting,VBG,8
body,attempts,NNS,1
body,attempts,VBZ,1
body,attend,VB,18
body,attend,VBP,1
body,attendance,NN,6
body,attendant,JJ,2
body,attendant,NN,2
body,attendants,NNS,1
body,attended,VBD,9
body,attended,VBN,5
body,attending,VBG,9
body,attends,VBZ,4
body,attention,NN,166
body,attentions,NNS,2
body,attentive,JJ,3
body,attenſtio,NN,1
body,attitude,NN,4
body,attitudes,NNS,1
body,attoned,VBN,1
body,attorney,NN,20
body,attorneys,NNS,9
body,attract,VB,2
body,attracted,VBN,1
body,attracting,VBG,1
body,attractiveness,NN,1
body,attributable,JJ,2
body,attthority,NN,1
body,atty,NN,2
body,atty.,NN,1
body,auction,NN,2
body,audience,NN,4
body,audiences,NNS,1
body,auditing,NN,2
body,auditors,NNS,1
body,augury,NN,1
body,auspices,NNS,3
body,auston,NN,1
body,authentic,JJ,2
body,autherity,NN,1
body,autherized,VBN,1
body,author,NN,4
body,authorise,NN,1
body,authorise,VB,4
body,authorise,VBP,1
body,authorised,VBN,11
body,authorises,VBZ,3
body,authorising,VBG,3
body,authorities,NNS,86
body,authority,NN,188
body,authorize,VB,12
body,authorize,VBP,1
body,authorized,JJ,3
body,authorized,VBD,5
body,authorized,VBN,56
body,authorizes,VBZ,3
body,authorizing,VBG,17
body,authoriſty,NN,1
body,authors,NNS,1
body,autumn,NN,1
body,auxilliary,NN,1
body,avail,NN,5
body,available,JJ,13
body,availibility,NN,1
body,avenge,VB,1
body,averably,CD,1
body,average,JJ,4
body,average,NN,3
body,average,VBP,1
body,avert,VB,4
body,averted,VBN,2
body,avi,IN,1
body,avocations,NNS,1
body,avoid,VB,27
body,avoided,VBD,3
body,avoided,VBN,10
body,avoids,VBZ,1
body,avowed,JJ,2
body,avowing,VBG,1
body,await,VB,18
body,await,VBP,7
body,awaiting,VBG,13
body,awaits,VBZ,1
body,awakened,VBN,1
body,award,NN,2
body,awarded,VBD,1
body,awarded,VBN,4
body,aware,JJ,30
body,away,RB,36
body,away,RP,3
body,awful,JJ,5
body,awhile,RB,1
body,awkward,JJ,1
body,awnser,FW,1
body,awnser,NN,1
body,awnser,VB,1
body,axes,NNS,1
body,aſcCleeded,NNP,1
body,aſn,NN,1
body,aſs,NN,1
body,aſsk,VB,1
body,b,NN,1
body,ba,NN,1
body,baby,NN,1
body,back,JJ,4
body,back,NN,5
body,back,RB,54
body,back,RP,1
body,back,VB,2
body,backed,VBN,1
body,backing,NN,1
body,backward,RB,1
body,bacon,NN,5
body,bad,JJ,16
body,badly,RB,4
body,baggage,NN,1
body,bailiff,NN,1
body,balahee,NN,1
body,balance,NN,13
body,balances,NNS,7
body,bale,NN,2
body,ball,NN,3
body,ball-room,NN,1
body,balloonist,NN,1
body,ballot,NN,5
body,ballots,NNS,2
body,ban,NN,1
body,band,NN,10
body,banded,VBN,1
body,bands,NNS,7
body,baneful,JJ,1
body,bank,NN,3
body,banker,NN,2
body,banking-house,NN,1
body,bankruptcy,NN,1
body,banks,NNS,9
body,banned,VBN,1
body,banquet,NN,1
body,bar,NN,3
body,bar-room,NN,1
body,barbarin,NN,1
body,barbecue,NN,1
body,bare,JJ,3
body,barely,RB,3
body,barge,NN,1
body,bargin,NN,1
body,barn,NN,4
body,barracks,NNS,6
body,barrels,NNS,1
body,barricaded,VBD,1
body,barrier,NN,1
body,bars,NNS,1
body,base,NN,5
body,based,VBN,27
body,bases,NNS,2
body,basing,VBG,1
body,basis,NN,12
body,batch,NN,1
body,battalion,NN,2
body,battery,NN,2
body,battle,NN,66
body,battles,NNS,7
body,bay,NN,4
body,bayonet,NN,1
body,be,VB,2935
body,beach,NN,2
body,bear,NN,2
body,bear,VB,10
body,bearer,NN,11
body,bearing,NN,5
body,bearing,VBG,7
body,bearings,NNS,1
body,bears,VBZ,4
body,beat,NN,1
body,beat,VB,4
body,beating,VBG,1
body,beats,NNS,3
body,beauties,NNS,1
body,beautiful,JJ,3
body,beauty,NN,1
body,became,VBD,28
body,becaus,NN,1
body,because,IN,72
body,beco,NN,1
body,become,VB,27
body,become,VBN,13
body,become,VBP,2
body,becomes,VBZ,15
body,becoming,VBG,3
body,bed,NN,9
body,bedding,NN,2
body,beds,NNS,3
body,bedstead,NN,1
body,bee,NN,1
body,been,VBN,1043
body,before,IN,284
body,before,RB,19
body,befºrnished,VBD,1
body,beg,VB,9
body,beg,VBP,68
body,began,VBD,10
body,beggared,VBN,1
body,begging,VBG,3
body,begin,VB,4
body,begining,NN,3
body,beginning,NN,8
body,beginning,VBG,4
body,begins,VBZ,1
body,begs,VBZ,1
body,begun,VBN,4
body,behalf,NN,44
body,behaving,VBG,1
body,behind,IN,5
body,behind,RB,1
body,behold,VB,1
body,behold,VBP,1
body,beholding,VBG,1
body,beig,NN,1
body,being,NN,2
body,being,VBG,271
body,beleave,VBP,1
body,beleif,NN,2
body,beleive,VB,1
body,beleive,VBP,1
body,beleived,VBN,2
body,belief,NN,17
body,belief.-The,NN,2
body,believe,VB,41
body,believe,VBP,80
body,believed,VBD,11
body,believed,VBN,33
body,believes,VBZ,5
body,believing,VBG,12
body,beliving,VBG,1
body,belligerent,JJ,2
body,belong,VB,2
body,belong,VBP,7
body,belonged,VBD,6
body,belonged,VBN,1
body,belonging,VBG,26
body,belongs,VBZ,8
body,beloved,JJ,4
body,below,IN,11
body,ben,NN,3
body,ben,VBN,4
body,bench,NN,5
body,bend,NN,1
body,beneath,IN,5
body,benefactor,NN,1
body,beneficiaries,NNS,2
body,benefit,NN,24
body,benefit,VB,2
body,benefited,VBN,1
body,benefits,NNS,1
body,benefits,VBZ,1
body,benefitted,VBN,5
body,benevolence,NN,1
body,benevolent,JJ,1
body,benifit,NN,1
body,bequeathed,VBN,2
body,bera,NN,1
body,berated,VBD,1
body,bereaved,JJ,3
body,bers,NNS,1
body,beseech,VB,1
body,beside,IN,3
body,besides,IN,8
body,bespeak,VB,1
body,best,JJS,86
body,best,RB,12
body,best,RBS,1
body,bestow,VB,1
body,bestowed,VBN,2
body,bet,VB,1
body,betray,VB,2
body,betrayed,VBN,1
body,betrothed,VBN,1
body,better,JJR,45
body,better,RB,9
body,better,RBR,22
body,between,IN,105
body,beyond,IN,33
body,beyound,VBP,1
body,biassed,VBN,1
body,bid,VB,1
body,biennial,JJ,1
body,big,JJ,3
body,bill,NN,42
body,bills,NNS,4
body,bin,NN,1
body,bind,VB,1
body,bind,VBP,1
body,binding,NN,3
body,binding,VBG,2
body,birth,NN,1
body,bishop,NN,2
body,bitter,JJ,8
body,bitterest,JJS,1
body,bitterly,RB,4
body,bitterness,NN,3
body,black,JJ,21
body,blackmail,VB,1
body,blacks,NNS,21
body,blacksmith,NN,1
body,blame,NN,6
body,blame,VB,1
body,blameless,JJ,1
body,blandishments,NNS,1
body,blankets,NNS,2
body,blast,NN,1
body,bleeding,NN,1
body,blemish,NN,1
body,blessed,VBN,1
body,blessing,NN,2
body,blessings,NNS,2
body,blest,RB,1
body,blind,JJ,1
body,bloated,JJ,1
body,blocade,NN,1
body,blockade,NN,6
body,blockades,NNS,1
body,blocks,NNS,2
body,blood,NN,8
body,blooded,JJ,3
body,bloodhounds,NNS,1
body,bloody,JJ,5
body,bloom,NNP,1
body,blouse,NN,1
body,blow,NN,5
body,blow,VB,1
body,blows,NNS,2
body,blunt,JJ,1
body,board,NN,29
body,boarding,VBG,1
body,boards,NNS,1
body,boast,VB,1
body,boasting,VBG,1
body,boat,NN,9
body,bodied,VBN,1
body,bodies,NNS,6
body,body,NN,53
body,bold,JJ,3
body,boldly,RB,1
body,boldness,NN,1
body,bolster,VB,1
body,bolstered,VBN,1
body,bond,NN,3
body,bondage,NN,1
body,bonded,VBN,1
body,bonds,NNS,28
body,bones,NNS,2
body,book,NN,18
body,books,NNS,16
body,bord,NN,1
body,border,NN,1
body,bore,VBD,4
body,bore,VBN,2
body,born,VBN,19
body,borne,VBN,8
body,borrow,VB,3
body,borrowed,VBN,1
body,botany,NN,1
body,both,CC,44
body,both,DT,85
body,bothe,NN,1
body,bother,VB,1
body,bottle,NN,6
body,bottle,VB,1
body,bottled,VBD,1
body,bottled,VBN,1
body,bottom,NN,1
body,bought,VBD,3
body,bought,VBN,4
body,bound,VBD,2
body,bound,VBN,5
body,boundary,NN,3
body,bounties,NNS,1
body,bounty,NN,10
body,bouquets,NNS,1
body,bow,NN,2
body,bow,VB,1
body,box,NN,4
body,boxes,NNS,7
body,boy,NN,12
body,boyhood,NN,3
body,boys,NNS,2
body,bracing,VBG,1
body,bracketed,VBN,1
body,brackets,NNS,6
body,brain,NN,4
body,branch,NN,16
body,branches,NNS,8
body,brand,NN,1
body,branding,NN,1
body,branſclh,NN,1
body,brass,NN,1
body,brave,VB,6
body,brave,VBP,4
body,braver,NN,1
body,braves,NNS,1
body,breach,NN,3
body,breadth,NN,1
body,break,VB,5
body,breakfasted,VBD,1
body,breaking,VBG,9
body,breast,NN,2
body,breastworks,NNS,1
body,breath,NN,1
body,bred,VBD,1
body,breech,NN,2
body,breech-loaders,NNS,1
body,breech-loading,JJ,1
body,breed,VB,2
body,brevet,JJ,1
body,brevet,NN,34
body,brevet,VB,1
body,breveted,VBN,2
body,brevets,NNS,13
body,brevets,VBZ,1
body,brevetted,VBN,7
body,brewing,NN,1
body,bribery,NN,1
body,bridle,NN,3
body,brief,JJ,7
body,brief,NN,1
body,briefly,NN,4
body,briefly,RB,6
body,brig,NN,1
body,brig.,VB,1
body,brigade,NN,5
body,brigades,NNS,1
body,bright,JJ,2
body,bring,VB,47
body,bring,VBP,1
body,bringing,VBG,10
body,brings,VBZ,3
body,broad,JJ,1
body,broadside,NN,1
body,broak,VB,1
body,broils,NNS,1
body,broke,VBD,5
body,broke,VBN,1
body,broken,JJ,1
body,broken,VBN,6
body,brot,NN,1
body,brother,NN,51
body,brother-in,NN,2
body,brother-in-law,NN,6
body,brotherly,JJ,1
body,brothers,NNS,10
body,brothers-in-laws,NNS,1
body,brough,NN,1
body,brought,VBD,19
body,brought,VBN,44
body,brows,NNS,1
body,brutal,JJ,2
body,brutish,JJ,1
body,brvt,NN,1
body,bubble,NN,1
body,bucket,NN,1
body,buffalograss,NN,1
body,buggy,NN,2
body,bugler,NNP,1
body,build,VB,13
body,build,VBP,1
body,building,NN,21
body,building,VBG,10
body,buildings,NNS,28
body,built,VBN,4
body,bulk,NN,2
body,bundles,NNS,2
body,burden,NN,5
body,burdens,NNS,1
body,bureau,NN,6
body,bureaux,NN,1
body,burglary,NN,1
body,burial,NN,1
body,buried,VBN,1
body,burlesque,JJ,1
body,burned,VBD,2
body,burned,VBN,5
body,burning,VBG,2
body,burnt,JJ,1
body,burst,NN,1
body,burst,VB,1
body,bursted,VBN,1
body,burthen,NN,1
body,bury,VB,1
body,bushels,NNS,3
body,bushes,NNS,1
body,business,NN,91
body,businessman,NN,1
body,businessy,NN,1
body,bust,NN,2
body,busy,JJ,1
body,but,CC,776
body,butter,NN,1
body,button,NN,1
body,buttons,NNS,1
body,buy,VB,12
body,buying,VBG,2
body,buys,VBZ,1
body,bwts,NNS,1
body,by,IN,2550
body,by-word,NN,1
body,byas,VBZ,1
body,bye,NN,1
body,c,NN,46
body,c,UNK,1
body,c.,NN,11
body,c.,NNP,34
body,ca,MD,3
body,cabinet,NN,7
body,cadet,NN,11
body,cadetship,NN,3
body,cadidate,NN,1
body,calamities,NNS,1
body,calculate,VBP,1
body,calculated,VBD,1
body,calculated,VBN,7
body,calendar,NN,2
body,calibre,NN,2
body,call,NN,5
body,call,VB,72
body,call,VBP,2
body,called,VBD,20
body,called,VBN,80
body,callers,NNS,1
body,calling,NN,3
body,calling,VBG,27
body,calls,NNS,3
body,calls,VBZ,5
body,calm,NN,2
body,calumniators,NNS,1
body,calumnies,NNS,2
body,calumny,NN,2
body,calves,NNS,1
body,came,VBD,49
body,camp,NN,18
body,campaign,NN,14
body,campaigned,VBD,1
body,campaigns,NNS,1
body,camping,VBG,1
body,camps,NNS,2
body,can,MD,675
body,canals,NNS,1
body,canard,NN,1
body,cancel,VB,1
body,canceled,VBN,2
body,cancelled,VBN,2
body,candidacy,NN,1
body,candidate,NN,25
body,candidates,NNS,8
body,candidly,RB,1
body,candor,NN,2
body,cannon,NN,1
body,cannt,FW,1
body,canoe,NN,1
body,canopy,NN,1
body,cant,FW,1
body,cant,VBD,3
body,cant,VBP,3
body,canteen,NN,1
body,canvas,NN,3
body,canvass,NN,4
body,canvassed,VBN,2
body,canvassing,NN,1
body,capable,JJ,10
body,capacity,NN,16
body,capasty,NN,1
body,capital,NN,3
body,capitalists,NNS,2
body,captain,NN,2
body,captaincy,NN,1
body,captivity,NN,1
body,captors,NNS,2
body,capture,NN,7
body,capture,VB,2
body,captured,VBN,23
body,capturing,VBG,1
body,car,NN,1
body,carbine,NN,5
body,carbines,NNS,1
body,card,NN,1
body,care,NN,28
body,care,VB,5
body,cared,VBN,4
body,career,NN,7
body,careful,JJ,18
body,carefull,JJ,1
body,carefully,RB,18
body,careless,JJ,1
body,cares,VBZ,1
body,carfull,NN,1
body,cargo,NN,2
body,caring,VBG,1
body,carnally,RB,2
body,carpenter,NN,2
body,carriage,NN,3
body,carried,VBD,10
body,carried,VBN,31
body,carrier,NN,1
body,carries,VBZ,1
body,carry,VB,28
body,carrying,VBG,15
body,cars,NNS,1
body,cartridge,NN,1
body,cartridges,NNS,2
body,case,NN,422
body,casemates,NNS,3
body,cases,NNS,82
body,cash,NN,4
body,cashierd,JJ,1
body,cashiered,VBN,3
body,cast,NN,6
body,cast,VBD,8
body,cast,VBN,8
body,casting,NN,1
body,casual,JJ,2
body,catalogue,NN,2
body,cate,NN,1
body,category,NN,1
body,caterpillar,NN,1
body,catholic,JJ,1
body,cattle,NNS,9
body,caught,VBD,3
body,caught,VBN,1
body,cause,NN,44
body,cause,VB,37
body,cause,VBP,2
body,caused,VBD,7
body,caused,VBN,17
body,causelessly,RB,1
body,causes,NNS,12
body,causing,VBG,6
body,cautioned,VBD,2
body,cautioning,VBG,2
body,cautious,JJ,3
body,cav,NN,1
body,cavalry,JJ,1
body,cavalry,NN,3
body,cavelry,NN,1
body,caſn,VBP,1
body,ccurred,VBN,1
body,cease,VB,10
body,cease,VBP,1
body,ceased,VBD,7
body,ceased,VBN,5
body,ceaseless,JJ,1
body,ceases,VBZ,3
body,ceasing,VBG,1
body,ceceders,NNS,1
body,cedar,NN,1
body,ceded,VBD,1
body,ceded,VBN,1
body,ceding,VBG,3
body,ceived,VBN,3
body,celebration,NN,1
body,celebrity,NN,1
body,cell,NN,1
body,cemented,VBN,1
body,cemeteries,NNS,2
body,cemetery,NN,2
body,censure,NN,3
body,cent,NN,23
body,center,NN,2
body,centers,NNS,1
body,central,JJ,2
body,centre,NN,4
body,centreville,NN,1
body,cents,NNS,8
body,centum,NN,1
body,centuries,NNS,1
body,ceramony,NN,1
body,cercumstances,NNS,2
body,cerning,VBG,1
body,cerns,NNS,1
body,certain,JJ,125
body,certainly,RB,29
body,certainty,NN,5
body,certificate,NN,21
body,certificates,NNS,11
body,certification,NN,3
body,certified,JJ,4
body,certified,VBD,2
body,certified,VBN,4
body,certifies,VBZ,1
body,certify,VB,1
body,certifying,VBG,1
body,certin,NN,2
body,cessation,NN,1
body,chagrin,NN,1
body,chain,NN,1
body,chained,JJ,1
body,chair,NN,2
body,chairman,NN,23
body,chairmen,NNS,1
body,challenge,NN,3
body,challenge,VB,2
body,chance,NN,16
body,chance,VBP,1
body,chanced,VBD,1
body,chancery,NN,1
body,chances,NNS,2
body,chancing,VBG,1
body,chang,VB,1
body,change,NN,52
body,change,VB,20
body,changed,VBD,5
body,changed,VBN,9
body,changes,NNS,8
body,changing,VBG,8
body,channel,NN,4
body,channels,NNS,3
body,chaplain,NN,4
body,chaplains,NNS,4
body,chapters,NNS,2
body,character,NN,88
body,characterised,VBD,1
body,characterised,VBN,1
body,characterized,VBN,1
body,characterizes,VBZ,1
body,characters,NNS,1
body,charge,NN,93
body,charge,VB,13
body,charge,VBP,2
body,charged,VBD,1
body,charged,VBN,30
body,charges,NNS,98
body,charges,VBZ,3
body,chargé,NN,2
body,charitable,JJ,3
body,charlatans,NNS,1
body,charter,NN,13
body,chartered,JJ,1
body,chartered,VBN,2
body,chase,NN,1
body,chased,VBN,2
body,chastising,VBG,1
body,cheap,JJ,3
body,cheaper,JJR,1
body,cheapest,JJS,1
body,cheaply,RB,2
body,check,NN,13
body,check,VB,3
body,checked,VBN,1
body,checkered,JJ,2
body,checking,VBG,1
body,checks,NNS,2
body,cheer,VB,1
body,cheered,VBD,2
body,cheerful,JJ,1
body,cheerfully,RB,8
body,cheers,NNS,1
body,chemistry,NN,2
body,chickens,NNS,1
body,chief,JJ,13
body,chief,NN,40
body,chiefly,RB,3
body,chiefs,NNS,3
body,child,NN,4
body,childhood,NN,1
body,children,NNS,48
body,childrens,NNS,2
body,chill,NN,1
body,chimerical,JJ,1
body,chimneys,NNS,1
body,choice,NN,5
body,cholera,NN,4
body,choose,VB,5
body,chooses,VBZ,3
body,chord,NN,1
body,chose,VBD,1
body,chosen,VBN,12
body,christian,JJ,1
body,chronic,JJ,1
body,church,NN,5
body,churches,NNS,2
body,cipher,NN,6
body,circles,NNS,2
body,circuit,NN,3
body,circular,JJ,2
body,circulars,NNS,1
body,circulate,VBP,1
body,circulated,VBN,6
body,circulating,VBG,1
body,circulation,NN,5
body,circum,NN,1
body,circumspection,NN,1
body,circumstance,NN,6
body,circumstances,NNS,86
body,circumvent,VB,1
body,citadel,NN,1
body,cited,VBD,1
body,cited,VBN,1
body,cities,NNS,6
body,citing,VBG,2
body,citiyons,NNS,1
body,citizen,NN,40
body,citizens,NNS,63
body,citizenship,NN,4
body,city,NN,121
body,cityon,NN,1
body,civil,JJ,98
body,civilian,JJ,6
body,civilians,NNS,6
body,civilized,JJ,1
body,claim,NN,82
body,claim,VB,2
body,claim,VBP,8
body,claimant,NN,5
body,claimants,NNS,5
body,claimed,VBD,6
body,claimed,VBN,7
body,claiming,VBG,3
body,claimnt,NN,1
body,claims,NNS,41
body,claims,VBZ,9
body,clamoring,VBG,1
body,clamorous,JJ,1
body,clamors,NNS,1
body,class,NN,30
body,classed,VBN,1
body,classes,NNS,16
body,clause,NN,8
body,clay,NN,2
body,clean,JJ,1
body,clean,VB,1
body,cleaning,VBG,1
body,clear,JJ,32
body,clear,VB,1
body,cleared,VBD,1
body,cleared,VBN,1
body,clearly,RB,21
body,clearness,NN,1
body,clemency,NN,2
body,clerical,JJ,2
body,clerk,NN,46
body,clerking,VBG,1
body,clerks,NNS,16
body,clerkship,NN,5
body,cleverly,RB,1
body,client,NN,1
body,climate,NN,4
body,clipped,VBN,1
body,clipping,JJ,8
body,close,JJ,5
body,close,NN,22
body,close,RB,6
body,close,VB,3
body,closed,JJ,1
body,closed,VBD,5
body,closed,VBN,4
body,closely,RB,7
body,closes,VBZ,1
body,closing,NN,1
body,closing,VBG,1
body,cloth,NN,2
body,clothe,VB,3
body,clothed,VBN,1
body,clothing,NN,23
body,cloud,NN,2
body,clouds,NNS,1
body,clover,NN,1
body,clue,NN,1
body,clump,NN,1
body,co-conspirators,NNS,1
body,co-operate,VB,1
body,co-operated,VBD,2
body,co-operating,VBG,1
body,co-operation,NN,4
body,co-operaſting,JJ,1
body,co-ordinate,JJ,1
body,co.,NN,4
body,coachman,NN,1
body,coal,NN,4
body,coast,NN,4
body,coat,NN,2
body,coats,NNS,1
body,cock,VB,2
body,cocking,VBG,1
body,code,NN,1
body,codification,NN,1
body,coercive,JJ,1
body,coeval,JJ,1
body,coffee,NN,2
body,cofounded,VBD,1
body,cogitating,VBG,1
body,cognisable,JJ,1
body,cognizable,JJ,1
body,cognizant,JJ,2
body,coin,NN,6
body,coincident,JJ,2
body,col.,NNP,1
body,cold,JJ,3
body,cold,NN,1
body,colision,NN,1
body,collaterals,NNS,1
body,collect,VB,16
body,collect,VBP,1
body,collected,VBN,15
body,collecting,VBG,4
body,collection,NN,11
body,collections,NNS,1
body,collector,NN,4
body,collectors,NNS,2
body,collectorship,NN,1
body,collects,VBZ,2
body,college,NN,2
body,colleges,NNS,1
body,colling,VBG,1
body,collision,NN,2
body,collusion,NN,1
body,colmmand,NN,1
body,colonelcy,NN,1
body,colonize,VB,1
body,colonizing,VBG,1
body,colonyies,NNS,1
body,color,NN,3
body,colorado,NN,1
body,colored,JJ,2
body,colored,VBN,55
body,colors,NNS,2
body,colts,NNS,2
body,column,NN,9
body,columns,NNS,1
body,com,NN,5
body,combination,NN,3
body,combine,VB,1
body,combined,VBN,2
body,combitants,NNS,1
body,comdr,VBD,1
body,comdr.,NN,1
body,come,VB,59
body,come,VBN,26
body,come,VBP,10
body,comeing,VBG,1
body,comence,VB,2
body,comes,VBZ,16
body,comfort,NN,4
body,comfortable,JJ,4
body,comfortably,RB,1
body,comforts,NNS,1
body,coming,JJ,4
body,coming,VBG,41
body,comings,NNS,1
body,comm,NN,9
body,commag,NN,1
body,command,NN,179
body,command,VB,12
body,command,VBP,3
body,commandant,NN,2
body,commanded,VBD,10
body,commanded,VBN,10
body,commander,NN,25
body,commanders,NNS,18
body,commanding,JJ,14
body,commanding,VBG,34
body,commands,NNS,27
body,commands,VBZ,6
body,commd,NN,1
body,commence,VB,7
body,commenced,VBD,14
body,commenced,VBN,10
body,commencement,NN,5
body,commences,VBZ,1
body,commencing,VBG,2
body,commend,VB,4
body,commend,VBP,7
body,commendable,JJ,1
body,commendation,NN,1
body,commendatory,NN,1
body,commended,VBN,1
body,commending,VBG,2
body,comment,NN,5
body,commented,VBD,2
body,comments,NNS,5
body,commerce,NN,3
body,commercial,JJ,6
body,commercially,RB,1
body,commis,NN,1
body,commision,NN,1
body,commissary,JJ,2
body,commissary,NN,1
body,commission,NN,47
body,commissioned,VBD,1
body,commissioned,VBN,8
body,commissioner,NN,15
body,commissioners,NNS,3
body,commissions,NNS,7
body,commit,VB,5
body,commited,VBN,1
body,commitee,NN,1
body,commitments,NNS,1
body,committed,VBD,3
body,committed,VBN,44
body,committee,NN,29
body,committees,NNS,3
body,committing,VBG,4
body,commnicate,VB,1
body,common,JJ,19
body,commonly,RB,1
body,commu,NN,1
body,communicant,NN,1
body,communicate,VB,16
body,communicate,VBP,2
body,communicated,VBD,2
body,communicated,VBN,12
body,communicates,VBZ,1
body,communicating,VBG,2
body,communication,NN,156
body,communications,NNS,14
body,communities,NNS,1
body,community,NN,10
body,commutation,NN,3
body,commuted,JJ,2
body,commuted,VBD,1
body,commuted,VBN,5
body,compactly,RB,1
body,compair,NN,1
body,compan,JJ,1
body,companies,NNS,34
body,companion,NN,3
body,companionship,NN,1
body,company,NN,79
body,comparative,JJ,5
body,comparatively,RB,6
body,compare,VB,1
body,compared,VBN,1
body,compares,VBZ,1
body,comparing,VBG,3
body,comparison,NN,3
body,compass,NN,1
body,compatible,JJ,1
body,compel,VB,6
body,compel,VBP,1
body,compeled,VBN,1
body,compell,VB,1
body,compelld,JJ,1
body,compelled,VBN,24
body,compelling,JJ,1
body,compels,VBZ,1
body,compenent,JJ,1
body,compensated,VBN,1
body,compensating,VBG,1
body,compensation,NN,23
body,compete,VB,1
body,competency,NN,2
body,competent,JJ,31
body,competenſt,NN,1
body,competition,NN,1
body,compilation,NN,1
body,compile,VB,1
body,compiles,VBZ,1
body,compiling,VBG,2
body,complain,VB,4
body,complain,VBP,5
body,complainant,NN,1
body,complainants,NNS,1
body,complained,VBD,9
body,complained,VBN,2
body,complaining,VBG,4
body,complaint,NN,10
body,complaints,NNS,11
body,complements,VBZ,1
body,complete,JJ,18
body,complete,VB,7
body,completed,VBD,3
body,completed,VBN,12
body,completely,RB,8
body,completeness,NN,1
body,completing,VBG,2
body,completion,NN,9
body,complex,JJ,1
body,compliance,NN,54
body,complicated,VBN,3
body,complication,NN,1
body,complications,NNS,5
body,complicity,NN,1
body,complied,VBD,3
body,complied,VBN,18
body,compliment,NN,3
body,compliments,NNS,3
body,comply,VB,14
body,complying,VBG,2
body,components,NNS,1
body,comport,NN,1
body,compose,VB,1
body,composed,VBD,1
body,composed,VBN,14
body,composing,VBG,5
body,compound,NN,1
body,comprehend,VBP,1
body,comprehension,NN,2
body,comprehensive,JJ,1
body,comprise,VBP,1
body,comprised,VBD,1
body,comprising,VBG,3
body,compromise,VB,1
body,compromising,NN,1
body,compromized,VBN,1
body,comps,NNS,3
body,comptroller,NN,2
body,comrade,NN,2
body,comrades,NNS,6
body,comrads,NNS,1
body,con,NN,2
body,concealed,VBD,1
body,concealed,VBN,1
body,concealing,VBG,1
body,conceivable,JJ,1
body,conceive,VB,6
body,conceive,VBP,1
body,conceived,VBN,5
body,concent,VB,1
body,concentrate,VB,1
body,concentrated,JJ,1
body,concentration,NN,2
body,concern,NN,7
body,concern,VB,1
body,concerned,JJ,5
body,concerned,VBN,15
body,concerning,VBG,76
body,concerns,NNS,2
body,concert,NN,1
body,concerted,JJ,1
body,concession,NN,2
body,concientious,JJ,1
body,conciliatory,JJ,1
body,conclude,VB,5
body,conclude,VBP,3
body,concluded,VBD,7
body,concluded,VBN,7
body,concluding,VBG,1
body,conclusion,NN,24
body,conclusions,NNS,5
body,conclusive,JJ,3
body,concur,NN,1
body,concur,VB,6
body,concur,VBP,11
body,concurred,VBD,1
body,concurred,VBN,9
body,concurrence,NN,1
body,concurrent,JJ,1
body,concurring,NN,2
body,concurring,VBG,3
body,concurs,VBZ,5
body,condascend,VB,1
body,condemnation,NN,4
body,condemned,VBN,3
body,condescend,VB,1
body,condition,NN,73
body,conditions,NNS,23
body,conducive,JJ,2
body,conduct,NN,58
body,conduct,VB,2
body,conducted,VBD,3
body,conducted,VBN,14
body,conducting,VBG,5
body,conductrecord,NN,1
body,conducts,VBZ,5
body,conetrolled,VBN,1
body,conf,NN,1
body,confederate,JJ,3
body,confedracy,NN,2
body,confer,VB,20
body,confered,VBD,1
body,confered,VBN,1
body,conference,NN,14
body,conferences,NNS,1
body,conferred,VBD,6
body,conferred,VBN,14
body,conferring,VBG,2
body,confess,VB,4
body,confess,VBP,7
body,confessed,VBD,1
body,confessed,VBN,1
body,confession,NN,1
body,confidant,NN,1
body,confide,VB,1
body,confide,VBP,1
body,confidence,NN,32
body,confident,JJ,8
body,confidential,JJ,11
body,confidentially,RB,2
body,confidently,RB,3
body,confine,VB,4
body,confine,VBP,1
body,confined,VBD,1
body,confined,VBN,16
body,confinement,NN,14
body,confines,NNS,1
body,confinfinement,NN,1
body,confining,VBG,1
body,confinment,NN,1
body,confirm,VB,2
body,confirm,VBP,2
body,confirmatery,NN,1
body,confirmation,NN,9
body,confirmatory,JJ,1
body,confirmed,VBD,10
body,confirmed,VBN,14
body,confirms,VBZ,5
body,confiscable,JJ,1
body,confiscate,VB,1
body,confiscated,VBN,1
body,confiscation,NN,2
body,conflict,NN,12
body,conflicts,NNS,2
body,conform,VB,3
body,conformed,VBD,1
body,conformed,VBN,1
body,conformity,NN,11
body,confounding,VBG,1
body,confusion,NN,3
body,congestion,NN,1
body,congratulate,VB,1
body,congratulate,VBP,2
body,congratulates,NNS,3
body,congratulating,NN,2
body,congratulation,NN,2
body,congratulations,NNS,4
body,congregated,VBN,1
body,congregating,VBG,1
body,congress,NN,9
body,congressional,JJ,11
body,congressman,NN,1
body,congressmen,NNS,1
body,conjectured,VBN,1
body,connect,VB,2
body,connected,VBN,21
body,connecting,VBG,3
body,connection,NN,41
body,connections,NNS,1
body,connexion,NN,2
body,connexions,NNS,1
body,conquer,VB,1
body,conquered,JJ,1
body,conquered,VBD,1
body,conquest,NN,1
body,conscience,NN,4
body,conscientious,JJ,2
body,conscious,JJ,2
body,conscription,NN,1
body,consecutive,JJ,1
body,consent,NN,14
body,consent,VB,1
body,consented,VBD,2
body,consented,VBN,2
body,consenting,VBG,1
body,consents,NNS,1
body,consequence,NN,26
body,consequences,NNS,7
body,consequently,RB,9
body,conservative,JJ,4
body,conservatives,NNS,2
body,conservators,NNS,1
body,conserve,VB,1
body,considably,RB,1
body,consider,VB,23
body,consider,VBP,13
body,considerable,JJ,11
body,considerably,RB,5
body,considerate,JJ,2
body,consideration,NN,122
body,considerations,NNS,11
body,considerd,VBN,1
body,considered,VBD,11
body,considered,VBN,56
body,consignees,NNS,1
body,consist,VB,1
body,consist,VBP,1
body,consistant,JJ,1
body,consisted,VBD,3
body,consistent,JJ,7
body,consistently,RB,8
body,consisting,VBG,3
body,consolation,NN,1
body,console,NN,1
body,consoli,NN,1
body,consolidate,VB,1
body,consolidated,VBN,1
body,consolidation,NN,2
body,conspicously,RB,1
body,conspicuous,JJ,6
body,conspiracy,NN,6
body,conspirator,NN,2
body,consruct,VB,1
body,constan,NN,1
body,constant,JJ,10
body,constantly,RB,14
body,consternation,NN,1
body,constituents,NNS,2
body,constitute,VB,2
body,constitute,VBP,1
body,constituted,VBN,2
body,constitutes,VBZ,2
body,constituting,VBG,1
body,constitution,NN,76
body,constitutional,JJ,19
body,constitutionality,NN,3
body,constitutions,NNS,19
body,constrained,VBN,3
body,construct,VB,3
body,constructed,VBN,3
body,constructing,VBG,1
body,construction,NN,21
body,construe,VBP,1
body,construed,VBN,3
body,consul,NN,4
body,consular,JJ,1
body,consult,VB,10
body,consultation,NN,4
body,consulted,VBD,4
body,consulted,VBN,2
body,consulting,VBG,2
body,consumate,JJ,1
body,consume,VB,2
body,consume,VBP,1
body,consumed,VBN,4
body,consuming,NN,1
body,consuming,VBG,1
body,consummated,VBN,1
body,consummating,NN,1
body,consummating,VBG,2
body,consummation,NN,1
body,cont,NN,10
body,contact,NN,2
body,contain,VB,2
body,contain,VBP,10
body,contained,VBD,14
body,contained,VBN,8
body,containing,VBG,18
body,contains,VBZ,13
body,contemplate,VB,6
body,contemplated,JJ,1
body,contemplated,VBN,5
body,contemplates,VBZ,4
body,contempt,NN,12
body,contemptible,JJ,1
body,contemptuously,RB,1
body,contend,VB,3
body,contend,VBP,3
body,contended,VBD,2
body,contending,VBG,3
body,content,JJ,4
body,content,NN,2
body,contented,JJ,2
body,contents,NNS,5
body,contest,NN,13
body,contest,VB,1
body,contestants,NNS,1
body,contested,VBN,3
body,contests,NNS,1
body,continent,NN,1
body,contingency,NN,6
body,contingent,JJ,2
body,contingent,NN,1
body,continually,RB,3
body,continuance,NN,13
body,continuation,NN,2
body,continue,VB,12
body,continue,VBP,3
body,continued,JJ,3
body,continued,VBD,8
body,continued,VBN,22
body,continues,VBZ,3
body,continuing,VBG,3
body,continuously,RB,1
body,contract,NN,17
body,contract,VB,1
body,contracted,VBD,3
body,contracted,VBN,2
body,contracters,NNS,1
body,contractor,NN,3
body,contractors,NNS,1
body,contracts,NNS,3
body,contradict,VB,1
body,contradiction,NN,2
body,contradictions,NNS,1
body,contradictory,JJ,1
body,contrary,JJ,10
body,contrary,NN,13
body,contravention,NN,2
body,contribute,VB,5
body,contribute,VBP,1
body,contributed,VBD,1
body,contributed,VBN,1
body,contribution,NN,2
body,contributions,NNS,1
body,contrive,VB,2
body,contrived,JJ,2
body,control,NN,43
body,control,VB,7
body,controll,NN,2
body,controll,VB,1
body,controlled,JJ,1
body,controlled,VBN,3
body,controlling,VBG,4
body,controls,NNS,2
body,controul,NN,1
body,controvercies,NNS,1
body,controversies,NNS,1
body,controversy,NN,9
body,contry,NN,1
body,contumacious,JJ,1
body,convalescing,VBG,1
body,conven,SYM,1
body,convene,VB,10
body,convene,VBP,1
body,convened,VBD,9
body,convened,VBN,5
body,conveniance,NN,1
body,convenience,NN,9
body,convenient,JJ,14
body,conveniently,RB,2
body,convening,VBG,8
body,convention,NN,64
body,conventions,NNS,11
body,conversation,NN,47
body,conversations,NNS,15
body,conversed,VBD,1
body,conversed,VBN,1
body,conversing,VBG,1
body,convey,VB,4
body,convey,VBP,2
body,conveyance,NN,2
body,conveyances,NNS,1
body,conveyed,VBD,1
body,conveyed,VBN,3
body,conveying,VBG,3
body,conveys,VBZ,1
body,convict,VB,6
body,convicted,VBD,1
body,convicted,VBN,9
body,conviction,NN,18
body,convictions,NNS,3
body,convicts,NNS,1
body,convince,VB,2
body,convinced,JJ,4
body,convinced,VBN,7
body,conviviality,NN,1
body,cook,NN,1
body,cool,JJ,1
body,cooling,NN,1
body,cooperate,VB,3
body,cooperated,VBD,1
body,cooperating,VBG,1
body,cooperation,NN,2
body,copied,VBD,1
body,copies,NNS,212
body,copperhead,NN,2
body,copperheads,NNS,1
body,copy,NN,369
body,copy,VBP,1
body,copying,VBG,1
body,copyists,NNS,1
body,cordial,JJ,2
body,cordially,RB,8
body,corn,NN,12
body,corner,NN,2
body,coroborates,VBZ,1
body,corollary,NN,1
body,coroner,NN,2
body,corperate,NN,1
body,corporation,NN,1
body,corps,NN,7
body,corpus,NN,7
body,correct,JJ,25
body,correct,VB,13
body,corrected,VBN,6
body,correcting,VBG,2
body,correction,NN,1
body,correctly,RB,3
body,correctness,NN,6
body,correspond,VB,1
body,correspondence,NN,67
body,correspondent,NN,4
body,correspondents,NNS,1
body,corresponding,JJ,1
body,corresponding,VBG,1
body,corresponds,VBZ,5
body,corroborate,VB,2
body,corroborated,VBD,1
body,corroborated,VBN,2
body,corroborates,VBZ,1
body,corroboration,NN,1
body,corrupt,JJ,3
body,corrupted,VBN,1
body,corrupting,VBG,1
body,corruption,NN,5
body,corruptly,RB,3
body,cos.,NN,8
body,cost,NN,25
body,cost,VB,5
body,cost,VBD,2
body,cost,VBN,1
body,costly,JJ,1
body,costs,NNS,5
body,costs,VBZ,2
body,cotton,NN,11
body,couched,VBN,1
body,could,MD,271
body,couldnot,VBP,2
body,council,NN,15
body,councillors,NNS,1
body,councilmen,NN,1
body,councils,NNS,2
body,counsel,NN,22
body,counseled,VBN,2
body,counselled,VBD,1
body,counsellor,NN,1
body,counsels,VBZ,1
body,counsil,NN,1
body,count,NN,5
body,count,VB,1
body,counted,VBN,5
body,countenance,VB,1
body,countenanced,VBN,1
body,counter,RB,1
body,counteract,VB,1
body,countermand,NN,1
body,countermand,VB,1
body,countermanded,VBD,1
body,countermanded,VBN,5
body,countermanding,VBG,1
body,countermarch,NN,4
body,countermeded,VBD,1
body,countersigned,VBN,1
body,counties,NNS,28
body,countless,JJ,1
body,countries,NNS,1
body,country,NN,134
body,countrymen,NNS,1
body,countrys,NNS,1
body,county,NN,24
body,couple,NN,2
body,coupled,VBN,1
body,courage,NN,3
body,course,NN,143
body,court,NN,46
body,court-martial,NN,3
body,court-martialed,VBN,1
body,courted,VBN,1
body,courteous,JJ,3
body,courteously,RB,3
body,courtesy,NN,4
body,courtmMartial,NN,1
body,courtmartial,JJ,1
body,courtmartial,NN,1
body,courts,NNS,25
body,courts-martial,JJ,2
body,cousin,NN,1
body,cover,NN,2
body,cover,VB,7
body,covered,VBD,1
body,covered,VBN,11
body,covering,VBG,6
body,covert,JJ,1
body,covertly,RB,1
body,coveted,JJ,1
body,covetted,VBN,1
body,coward,NN,1
body,cowardly,JJ,1
body,cows,NNS,1
body,coöperation,NN,3
body,crazy,JJ,1
body,create,VB,4
body,created,VBD,3
body,created,VBN,19
body,creating,VBG,10
body,creation,NN,1
body,credence,NN,2
body,credible,JJ,1
body,credibly,RB,1
body,credit,NN,46
body,credit,VB,1
body,creditable,JJ,1
body,credited,VBD,1
body,credited,VBN,1
body,creditor,NN,2
body,creditors,NNS,2
body,creed,NN,1
body,creek,NN,7
body,crew,NN,1
body,cribs,NNS,1
body,crime,NN,25
body,crimes,NNS,6
body,criminal,JJ,15
body,criminality,NN,6
body,criminals,NNS,10
body,crippled,VBN,1
body,crisis,NN,3
body,critical,JJ,1
body,critically,RB,1
body,criticisms,NNS,2
body,criticized,VBD,1
body,criticized,VBN,3
body,criticizing,VBG,1
body,critics,NNS,1
body,crop,NN,11
body,crops,NNS,10
body,cross,NN,3
body,cross,VB,2
body,crossed,VBD,2
body,crosses,VBZ,1
body,crowd,NN,2
body,crowded,VBN,1
body,crowding,VBG,1
body,crowds,NNS,1
body,crowned,VBD,1
body,crowning,JJ,1
body,cruel,JJ,9
body,cruelly,RB,1
body,cruelties,NNS,1
body,cruelty,NN,3
body,cruely,RB,1
body,crumble,VB,1
body,crushed,VBD,1
body,crushed,VBN,1
body,crushing,VBG,1
body,cry,NN,5
body,crying,VBG,1
body,crys,NNS,1
body,ct,NN,1
body,culminated,VBN,1
body,culpability,NN,1
body,culpable,JJ,1
body,culprits,NNS,1
body,cultivate,VB,2
body,cultivate,VBP,1
body,cultivates,VBZ,1
body,cultivating,VBG,1
body,cultivation,NN,2
body,culture,NN,3
body,cumbering,VBG,1
body,cumbrous,JJ,1
body,curdles,VBZ,1
body,cure,VB,1
body,curious,JJ,1
body,currency,NN,7
body,current,JJ,7
body,current,NN,1
body,curse,NN,1
body,custody,NN,25
body,custom,NN,4
body,customs,NNS,5
body,cut,NN,2
body,cut,VB,7
body,cut,VBD,4
body,cut,VBN,8
body,cutting,VBG,2
body,cypher,NN,2
body,d,NN,5
body,d'Affaires,NNPS,4
body,d'Affaires,NNS,1
body,d'Homergue,NNP,2
body,d'Hormague,NNP,1
body,d'affair,NN,1
body,d'affaires,NNS,1
body,d-d,JJ,1
body,d.,NN,1
body,daily,JJ,9
body,daily,RB,4
body,dam,VB,1
body,damage,NN,4
body,damaged,JJ,1
body,damaged,VBN,2
body,damages,NNS,7
body,damaging,NN,2
body,damaging,VBG,2
body,damn,NN,5
body,damn,UH,2
body,damned,RB,1
body,damning,JJ,1
body,danger,NN,21
body,dangerous,JJ,11
body,dangerously,RB,2
body,dangers,NNS,7
body,dare,VB,1
body,dare,VBP,1
body,dared,VBD,2
body,dared,VBN,1
body,daring,JJ,2
body,dark,JJ,3
body,darkened,VBN,1
body,darker,JJR,1
body,darkest,JJS,2
body,darkness,NN,1
body,darling,NN,2
body,dashes,NNS,1
body,data,NNS,3
body,date,NN,131
body,date,VB,1
body,dated,JJ,19
body,dated,VBD,23
body,dated,VBN,83
body,dates,NNS,8
body,dating,VBG,1
body,dation,NN,1
body,daughter,NN,14
body,daughters,NNS,4
body,day,NN,281
body,days,NNS,126
body,days.-I,NN,1
body,days.-That,JJ,1
body,dazzling,JJ,2
body,de,FW,6
body,de,IN,11
body,de,NNP,4
body,deCoppet,NNP,1
body,dead,JJ,17
body,deaf,JJ,1
body,deal,NN,14
body,deal,VB,2
body,dealing,VBG,2
body,dealings,NNS,1
body,dealt,VBN,2
body,dear,RB,12
body,death,NN,36
body,debar,VB,1
body,debarred,VBN,2
body,debased,JJ,1
body,debated,VBN,1
body,debt,NN,26
body,debtors,NNS,1
body,debts,NNS,4
body,dec,NNP,1
body,decay,NN,1
body,decease,NN,1
body,deceased,JJ,9
body,deceased,VBN,10
body,deceive,VB,1
body,deceived,VBN,5
body,decency,NN,1
body,decent,JJ,2
body,deception,NN,1
body,decide,VB,21
body,decide,VBP,2
body,decided,VBD,10
body,decided,VBN,13
body,decidedly,RB,3
body,deciding,VBG,3
body,decipherable,JJ,1
body,decision,NN,46
body,decisions,NNS,1
body,decission,NN,3
body,declaration,NN,3
body,declarations,NNS,2
body,declare,VB,5
body,declared,VBD,13
body,declared,VBN,9
body,declares,VBZ,7
body,declaring,VBG,6
body,decline,NN,2
body,decline,VB,8
body,decline,VBP,2
body,declined,VBD,10
body,declined,VBN,7
body,declines,VBZ,4
body,declining,VBG,7
body,decomposition,NN,1
body,decorate,VB,2
body,decrease,NN,1
body,decreased,VBN,1
body,decree,NN,2
body,deducible,JJ,1
body,deducted,VBN,1
body,deducting,VBG,1
body,deduction,NN,1
body,deed,NN,10
body,deeds,NNS,3
body,deeeased,JJ,1
body,deekare,VB,1
body,deem,VB,21
body,deem,VBP,18
body,deemed,VBD,9
body,deemed,VBN,36
body,deems,VBZ,6
body,deep,JJ,8
body,deep,RB,1
body,deeper,JJR,1
body,deepest,JJS,1
body,deeply,RB,10
body,deereased,VBN,1
body,defame,VB,1
body,defaulter,NN,1
body,defealt,VB,1
body,defeat,NN,7
body,defeat,VB,9
body,defeated,VBN,4
body,defeating,VBG,5
body,defeats,VBZ,1
body,defecient,NN,1
body,defective,JJ,3
body,defects,NNS,3
body,defehee,NN,1
body,defence,NN,29
body,defences,NNS,3
body,defend,VB,12
body,defendants,NNS,3
body,defended,VBN,2
body,defendent,NN,1
body,defendents,NNS,1
body,defending,VBG,9
body,defends,VBZ,1
body,defense,NN,14
body,defenses,NNS,3
body,defensive,NN,1
body,defer,VB,3
body,deference,NN,3
body,deferred,VBN,6
body,deferring,VBG,1
body,defiance,NN,5
body,defiant,JJ,1
body,deficiency,NN,7
body,deficient,JJ,1
body,defined,VBN,1
body,defining,VBG,1
body,definite,JJ,5
body,definitely,RB,3
body,defraud,VB,1
body,defrauded,VBD,1
body,defrauding,VBG,1
body,defray,VB,5
body,defrayed,VBN,1
body,defunct,JJ,1
body,defy,VB,2
body,degenerates,VBZ,1
body,degraded,JJ,1
body,degredation,NN,1
body,degree,NN,11
body,deigns,NNS,1
body,deilayd,VB,1
body,deiscription,NN,1
body,delapidated,JJ,1
body,delay,NN,57
body,delay,VB,21
body,delayed,VBD,2
body,delayed,VBN,10
body,delaying,VBG,2
body,delays,NNS,1
body,delegate,NN,3
body,delegate,VB,1
body,delegated,JJ,1
body,delegated,VBN,3
body,delegates,NNS,14
body,delegation,NN,2
body,deliberate,JJ,3
body,deliberately,RB,4
body,deliberation,NN,4
body,deliberations,NNS,1
body,delicacy,NN,2
body,delicate,JJ,5
body,deligates,NNS,1
body,delight,NN,2
body,delighted,JJ,1
body,delighted,VBD,1
body,delirium,NN,1
body,deliver,VB,12
body,deliverd,NN,1
body,delivered,VBD,3
body,delivered,VBN,20
body,delivering,VBG,4
body,delivers,VBZ,1
body,delivery,NN,7
body,deluded,JJ,1
body,demagogues,NNS,2
body,demagouge,NN,1
body,demand,NN,12
body,demand,VB,5
body,demand,VBP,4
body,demanded,VBD,5
body,demanded,VBN,7
body,demanding,VBG,4
body,demands,NNS,9
body,demands,VBZ,4
body,demeanor,NN,1
body,demented,JJ,1
body,demerit,NN,9
body,demerits,NNS,1
body,demi-john,JJ,1
body,democracy,NN,2
body,democrat,NN,1
body,democratic,JJ,1
body,democrats,NNS,4
body,demonstrate,VB,3
body,demonstrate,VBP,1
body,demonstrated,VBN,2
body,demonstration,NN,7
body,demonstrations,NNS,1
body,demoralization,NN,2
body,demoralized,VBN,2
body,demurred,VBD,1
body,denationalizing,VBG,1
body,denial,NN,3
body,denied,VBD,1
body,denied,VBN,6
body,denies,VBZ,1
body,denounced,VBD,1
body,denounced,VBN,1
body,denounces,VBZ,1
body,denouncing,VBG,2
body,dens,NNS,1
body,densely,RB,1
body,dentist,NN,1
body,denunciation,NN,1
body,deny,VB,3
body,deny,VBP,2
body,depart,VB,3
body,departed,VBD,1
body,departed,VBN,1
body,department,NN,24
body,departments,NNS,2
body,departure,NN,4
body,depend,VB,6
body,dependant,JJ,1
body,dependant,NN,2
body,dependants,NNS,1
body,depended,VBN,1
body,dependent,JJ,6
body,depends,VBZ,6
body,depesit,NN,1
body,deplete,VBP,1
body,deplorable,JJ,1
body,deported,VBD,1
body,depose,VB,1
body,deposed,VBN,1
body,deposit,NN,7
body,deposit,VB,1
body,deposite,NN,2
body,deposited,VBD,3
body,deposited,VBN,8
body,depositing,VBG,1
body,deposition,NN,4
body,depositories,NNS,1
body,depository,NN,2
body,deposits,NNS,1
body,depot,NN,5
body,depradation,NN,2
body,depradations,NNS,2
body,deprecated,VBN,1
body,depredating,VBG,1
body,depredations,NNS,4
body,depres,NNS,1
body,depress,VB,1
body,depressed,JJ,2
body,depression,NN,2
body,deprive,VB,2
body,deprived,VBD,1
body,deprived,VBN,7
body,depriving,VBG,2
body,dept.,NN,1
body,dept.,NNP,3
body,deputies,NNS,4
body,deputized,VBN,1
body,deputy,NN,5
body,depôt,NN,1
body,deranged,JJ,2
body,derelict,JJ,2
body,dereliction,NN,2
body,derived,VBN,11
body,derives,VBZ,1
body,deriving,VBG,1
body,derogatory,JJ,2
body,descend,VB,1
body,descendant,NN,1
body,descendants,NNS,1
body,descending,VBG,1
body,descent,NN,1
body,described,VBD,1
body,described,VBN,5
body,describes,VBZ,1
body,description,NN,2
body,desert,NN,6
body,deserted,VBD,6
body,deserted,VBN,5
body,deserter,NN,6
body,deserters,NNS,16
body,deserting,VBG,5
body,desertion,NN,17
body,desertions,NNS,5
body,deserve,VB,2
body,deserve,VBP,1
body,deserved,VBN,1
body,deservedly,RB,1
body,deserves,VBZ,3
body,deserving,JJ,14
body,desicated,VBN,1
body,desiccated,JJ,1
body,desiccated,VBN,1
body,desided,VBD,1
body,design,NN,9
body,designate,VB,4
body,designated,VBN,15
body,designates,VBZ,2
body,designating,VBG,2
body,designation,NN,5
body,designaſted,VBD,1
body,designed,VBD,1
body,designed,VBN,10
body,designing,VBG,3
body,designs,NNS,2
body,designs,VBZ,2
body,desirable,JJ,18
body,desire,NN,35
body,desire,VB,16
body,desire,VBP,54
body,desired,JJ,4
body,desired,VBD,5
body,desired,VBN,30
body,desires,NNS,29
body,desiring,VBG,2
body,desirous,JJ,11
body,desissive,NNP,1
body,desist,VB,1
body,desk,NN,2
body,desolations,NNS,1
body,desolved,VBN,2
body,despair,NN,2
body,despatch,NN,27
body,despatch,VBP,1
body,despatched,VBD,1
body,despatched,VBN,3
body,despatches,NNS,2
body,despatching,VBG,1
body,despensing,VBG,1
body,desperadoes,NNS,1
body,desperate,JJ,6
body,desperately,RB,1
body,despondency,NN,2
body,despondent,JJ,1
body,despot,NN,1
body,despotic,JJ,1
body,despotism,NN,1
body,dessicated,JJ,1
body,dessiring,VBG,1
body,destination,NN,2
body,destined,VBN,1
body,destinies,NNS,1
body,destitute,JJ,16
body,destitute,NN,1
body,destitution,NN,11
body,destroy,VB,7
body,destroyed,VBD,4
body,destroyed,VBN,19
body,destroying,VBG,1
body,destruction,NN,4
body,destructive,JJ,1
body,desturbances,NNS,1
body,detached,VBN,5
body,detaching,JJ,1
body,detachment,NN,16
body,detachments,NNS,4
body,detail,NN,25
body,detailed,JJ,6
body,detailed,VBN,14
body,detailing,VBG,3
body,details,NNS,14
body,detain,VB,1
body,detained,VBD,2
body,detained,VBN,3
body,detect,VB,4
body,detected,VBN,1
body,detecting,VBG,2
body,detection,NN,2
body,detective,NN,9
body,detectives,NNS,1
body,detention,NN,1
body,deter,VB,1
body,determination,NN,12
body,determine,VB,9
body,determine,VBP,1
body,determined,VBD,7
body,determined,VBN,31
body,determines,VBZ,1
body,determining,VBG,1
body,deterred,VBN,1
body,detestable,JJ,1
body,detremental,JJ,1
body,detriment,NN,6
body,detrimental,JJ,6
body,devastate,VB,1
body,develepe,VB,2
body,develop,VB,1
body,develope,VB,1
body,developed,VBD,1
body,developed,VBN,1
body,development,NN,3
body,developments,NNS,3
body,develops,VBZ,1
body,devil,NNP,1
body,devise,VB,2
body,devisee,NN,1
body,devising,VBG,1
body,devoid,JJ,1
body,devolve,VB,1
body,devolved,VBN,2
body,devolving,VBG,1
body,devote,VB,3
body,devoted,JJ,2
body,devoted,VBN,6
body,devoting,VBG,1
body,devotion,NN,7
body,dg,NN,4
body,dg,VBD,1
body,diametrically,RB,1
body,dicated,VBN,1
body,dicision,NN,1
body,dictate,VB,3
body,dictate,VBP,2
body,dictated,VBN,4
body,dictates,VBZ,1
body,did,VBD,244
body,didnot,VBP,1
body,didnot,VBZ,1
body,didnt,VBP,2
body,die,VB,4
body,died,VBD,28
body,died,VBN,3
body,dies,VBZ,1
body,diferent,JJ,1
body,differ,VB,4
body,differ,VBP,2
body,differant,JJ,1
body,difference,NN,11
body,differences,NNS,6
body,different,JJ,41
body,differently,RB,1
body,differing,VBG,1
body,differs,VBZ,1
body,difficult,JJ,17
body,difficulties,NNS,25
body,difficulty,NN,29
body,dificul,JJ,1
body,dig,NN,1
body,dignity,NN,1
body,diminis,VB,1
body,diminish,VB,5
body,diminished,VBN,1
body,dimly,RB,1
body,dine,VB,1
body,dined,VBD,2
body,dinner,NN,1
body,diplomat,NN,1
body,diplomatic,JJ,4
body,direct,JJ,28
body,direct,VB,15
body,direct,VBP,2
body,directed,VBD,19
body,directed,VBN,46
body,directing,VBG,31
body,direction,NN,53
body,directions,NNS,18
body,directly,RB,16
body,directlying,VBG,1
body,director,NN,1
body,directors,NNS,2
body,directory,NN,3
body,directs,VBZ,34
body,direet,NN,1
body,direetieh,JJ,1
body,dirt,NN,2
body,dis,NN,1
body,dis,SYM,1
body,dis-charged,JJ,1
body,dis-close,NN,1
body,dis-close,VB,1
body,dis-closure,NN,1
body,dis-united,JJ,1
body,disabilities,NNS,17
body,disability,NN,11
body,disabled,JJ,6
body,disabuse,VB,1
body,disadvantage,NN,1
body,disaffected,JJ,1
body,disaffection,NN,1
body,disagreable,JJ,1
body,disagreeable,JJ,2
body,disagreements,NNS,2
body,disallowed,VBN,1
body,disapated,VBN,1
body,disappoint,VB,2
body,disappointed,JJ,4
body,disappointed,VBN,5
body,disappointment,NN,1
body,disapprobation,NN,2
body,disapproval,NN,8
body,disapprove,VB,4
body,disapproved,VBD,1
body,disapproved,VBN,10
body,disapproves,VBZ,1
body,disapproving,VBG,3
body,disarm,VB,2
body,disarmed,VBN,1
body,disarming,VBG,1
body,disaster,NN,2
body,disasters,NNS,1
body,disastrous,JJ,3
body,disavow,VB,1
body,disavowing,VBG,1
body,disbanded,VBN,1
body,disbanding,VBG,2
body,disbandment,NN,1
body,disbursed,VBN,1
body,disbursement,NN,3
body,disbursements,NNS,1
body,disbursements,VBZ,1
body,disbursers,NNS,2
body,disbursing,NN,1
body,disbursing,VBG,6
body,disbursments,NNS,1
body,discharg,NN,3
body,discharge,NN,55
body,discharge,VB,12
body,discharged,VBD,5
body,discharged,VBN,41
body,discharges,NNS,1
body,discharges,VBZ,1
body,discharging,NN,2
body,discharging,VBG,8
body,discharginges,VBZ,1
body,discipline,NN,17
body,disclaimed,VBD,1
body,disclosed,VBN,1
body,discontent,NN,2
body,discontented,JJ,2
body,discontinuance,NN,1
body,discontinue,VB,2
body,discontinued,VBN,3
body,discord,NN,1
body,discount,NN,3
body,discouraged,VBN,1
body,discourteous,JJ,1
body,discover,VB,4
body,discover,VBP,1
body,discovered,VBD,2
body,discovered,VBN,4
body,discoveries,NNS,1
body,discovering,VBG,2
body,discredit,VB,1
body,discreet,JJ,1
body,discretely,RB,1
body,discretion,NN,7
body,discretionary,JJ,1
body,discrimination,NN,1
body,discuss,VB,6
body,discussed,VBD,2
body,discussed,VBN,7
body,discusses,VBZ,7
body,discussing,VBG,3
body,discussion,NN,3
body,discussions,NNS,1
body,disease,NN,4
body,diseharged,FW,1
body,disertion,NN,1
body,disfranchised,JJ,4
body,disfranchised,VBN,5
body,disfranchisement,NN,1
body,disfranchisements,NNS,1
body,disgrace,NN,8
body,disgraceful,JJ,4
body,disgracefull,NN,1
body,disgracefully,RB,1
body,disguised,VBN,2
body,disgusting,VBG,1
body,disheartening,VBG,1
body,dishonest,JJ,2
body,dishonestly,RB,1
body,dishonesty,NN,3
body,dishonorable,JJ,2
body,dishonorably,RB,7
body,dishonoring,VBG,2
body,disintered,VBN,1
body,disinterestedness,NN,1
body,disliked,VBN,2
body,disloyal,JJ,18
body,disloyality,NN,1
body,disloyalty,NN,6
body,dismantled,VBD,1
body,dismantled,VBN,1
body,dismay,NN,1
body,dismemberment,NN,1
body,dismiss,VB,2
body,dismissal,NN,10
body,dismissed,VBD,2
body,dismissed,VBN,18
body,dismissing,VBG,9
body,dismount,NN,1
body,dismounted,VBD,1
body,disobedience,NN,3
body,disobedient,JJ,1
body,disobey,VB,10
body,disobeying,VBG,2
body,disorder,NN,5
body,disorder,NNP,1
body,disordered,VBN,1
body,disorderly,JJ,2
body,disorders,NNS,3
body,disorganize,VBP,1
body,disparage,VB,1
body,disparaging,VBG,1
body,dispasionate,JJ,1
body,dispatch,VB,25
body,dispatch,VBP,27
body,dispatches,NNS,5
body,dispelled,VBN,1
body,dispense,VB,5
body,dispensed,VBN,2
body,dispenses,VBZ,1
body,dispensing,VBG,1
body,dispersed,JJ,2
body,dispersed,VBD,1
body,dispersed,VBN,1
body,displace,VB,1
body,displaced,JJ,4
body,displaced,VBN,2
body,displacing,VBG,3
body,displayed,VBD,4
body,displeasure,NN,2
body,disposal,NN,7
body,dispose,VB,4
body,disposed,JJ,8
body,disposed,VBN,23
body,disposition,NN,25
body,dispossessed,JJ,1
body,disproportional,JJ,1
body,disproving,VBG,1
body,dispute,VBP,1
body,disputed,VBN,4
body,disqual,JJ,1
body,disqualification,NN,4
body,disqualifications,NNS,1
body,disqualified,VBN,13
body,disqualify,VB,1
body,disqualifying,VBG,1
body,disregard,NN,4
body,disregard,VB,7
body,disregarded,VBN,5
body,disrelish,JJ,1
body,disreputable,JJ,1
body,disrespectful,JJ,1
body,disrupt,VB,1
body,dissatisfaction,NN,1
body,disseminating,VBG,1
body,dissensions,NNS,1
body,dissent,NN,1
body,dissentions,NNS,1
body,dissipated,VBN,1
body,dissolve,VB,1
body,dissolved,VBN,2
body,dissuade,VB,1
body,dist,NN,1
body,distance,NN,11
body,distances,NNS,1
body,distant,JJ,9
body,distiaetieńs,NNS,1
body,distillation,NN,2
body,distinct,JJ,5
body,distinction,NN,6
body,distinctions,NNS,1
body,distinctive,JJ,1
body,distinctly,RB,3
body,distinguished,JJ,8
body,distinguished,VBD,2
body,distinguished,VBN,3
body,distinguishing,VBG,1
body,distingushed,JJ,1
body,distracted,VBN,2
body,distress,NN,5
body,distressed,JJ,2
body,distresses,NNS,1
body,distressing,JJ,1
body,distribute,VB,2
body,distribute,VBP,1
body,distributed,VBN,5
body,distributes,VBZ,1
body,distributing,NN,1
body,distributing,VBG,1
body,distribution,NN,12
body,district,NN,32
body,districting,NN,2
body,districts,NNS,14
body,distruction,NN,1
body,distrust,VB,2
body,distrusts,VBZ,1
body,disturb,VB,1
body,disturbance,NN,11
body,disturbances,NNS,6
body,disturbed,JJ,1
body,disturbed,VBN,3
body,disturbing,VBG,2
body,ditto,CD,1
body,div.,NNP,1
body,diverted,VBN,2
body,divide,VB,1
body,divided,VBN,7
body,division,NN,11
body,divisions,NNS,1
body,dmit,VBD,1
body,do,VB,212
body,do,VBP,225
body,docket,NN,3
body,doctor,NN,1
body,doctored,VBN,1
body,doctrine,NN,3
body,doctrines,NNS,1
body,document,NN,43
body,documentary,NN,2
body,documents,NNS,32
body,dodge,VB,1
body,doe,VB,2
body,doe,VBP,2
body,doeing,VBG,1
body,does,VBZ,84
body,dog,NN,1
body,dogs,NNS,1
body,doing,VBG,47
body,doings,NNS,3
body,dollar,NN,4
body,dollars,NNS,61
body,dolls,NNS,4
body,dols,NNS,1
body,domain,NN,1
body,domestic,JJ,1
body,domicil,NN,1
body,domination,NN,1
body,dominion,NN,2
body,don,VB,1
body,donated,VBD,1
body,donating,VBG,2
body,done,VBD,2
body,done,VBN,155
body,donot,VBP,3
body,dont,VBP,11
body,doom,NN,1
body,door,NN,4
body,doors,NNS,1
body,dose,NN,1
body,dotards,NNS,1
body,dote,NN,1
body,doted,VBD,1
body,dots,NNS,1
body,double,JJ,3
body,double,RB,1
body,doubled,VBD,1
body,doubleduick,NN,1
body,doubling,VBG,1
body,doubt,NN,85
body,doubt,VB,6
body,doubt,VBP,9
body,doubted,VBD,3
body,doubted,VBN,1
body,doubtess,NN,1
body,doubtful,JJ,13
body,doubtless,JJ,8
body,doubtless,NN,1
body,doubtless,VB,6
body,doubtless,VBP,2
body,doubtless,VBZ,1
body,doubtlessly,RB,1
body,doubts,NNS,5
body,doubts,VBZ,1
body,down,IN,11
body,down,RB,16
body,down,RP,39
body,downcast,JJ,1
body,downfall,NN,1
body,dozen,NN,5
body,draft,NN,21
body,drafted,VBD,6
body,drafts,NNS,3
body,dragged,VBN,2
body,drain,VB,1
body,draw,NN,2
body,draw,VB,8
body,drawback,NN,1
body,drawing,VBG,3
body,drawings,NNS,3
body,drawn,VBN,28
body,draws,VBZ,1
body,dreaded,VBD,1
body,dream,NN,1
body,drench,VB,1
body,dressed,VBN,1
body,dressing,VBG,1
body,drew,VBD,5
body,drill,NN,4
body,drill-room,NN,1
body,drilled,VBD,2
body,drills,NNS,2
body,drinking,NN,3
body,drinking,VBG,3
body,drinks,NNS,1
body,drive,NN,1
body,drive,VB,7
body,driven,VBN,8
body,driver,NN,1
body,driving,VBG,2
body,drop,NN,2
body,drop,VB,1
body,dropped,VBD,2
body,dropped,VBN,4
body,dropping,VBG,2
body,drove,VBD,3
body,drovers,NNS,1
body,drs,NNS,1
body,drummed,VBN,1
body,drunk,JJ,5
body,drunken,JJ,5
body,drunkenness,NN,2
body,dry,JJ,3
body,dryer,NN,1
body,dt,NN,1
body,due,IN,7
body,due,JJ,56
body,due,RB,2
body,dues,NNS,1
body,duig,VBD,1
body,dull,JJ,1
body,duly,RB,20
body,dungeon,NN,1
body,duodecimo,NN,1
body,duplicate,VB,4
body,duplicated,VBD,1
body,durability,NN,1
body,durance,NN,1
body,during,IN,210
body,duties,NNS,133
body,duty,NN,207
body,duu,NN,1
body,duſrling,VBG,1
body,dwelling,NN,2
body,dying,VBG,1
body,dº,UNK,2
body,e,SYM,7
body,e,UNK,1
body,e.,NN,1
body,e.,NNP,2
body,eCatholic,JJ,1
body,eCourt,NN,1
body,ea,NN,1
body,each,DT,70
body,eae,FW,1
body,eae,NN,2
body,eahhet,VBP,1
body,ean,NN,1
body,eaneelled,JJ,1
body,eans,NNS,1
body,ear,NN,2
body,earlier,JJR,5
body,earliest,JJS,13
body,earlist,JJ,1
body,early,JJ,47
body,early,RB,16
body,earlyer,JJ,1
body,earlyer,NN,1
body,earlyest,JJ,1
body,earn,VB,2
body,earnest,JJ,15
body,earnest,NN,1
body,earnestly,RB,26
body,earnings,NNS,2
body,ears,NNS,1
body,earth,NN,1
body,earthly,JJ,1
body,ease,NN,2
body,eases,VBZ,1
body,easey,NN,1
body,easier,JJR,2
body,easily,RB,14
body,east,JJ,5
body,east,RB,2
body,eastern,JJ,1
body,easy,JJ,10
body,eat,VB,3
body,eating,VBG,1
body,eaven,VB,1
body,ebjeets,NNS,1
body,ebullition,NN,1
body,echoed,VBN,1
body,echoing,VBG,1
body,eclines,NNS,1
body,economic,JJ,1
body,economy,NN,11
body,ed,NNP,1
body,ed,VBD,1
body,ed.,NN,1
body,ed.,NNP,8
body,edited,VBD,2
body,edition,NN,8
body,editions,NNS,2
body,editor,NN,8
body,editorial,NN,2
body,editorials,NNS,1
body,editors,NNS,3
body,eds.,NNP,2
body,educated,VBN,7
body,education,NN,19
body,educational,JJ,3
body,eeeurr,VBP,1
body,eefaplaintste,NN,1
body,eehamahd,NN,1
body,eehamahé,JJ,1
body,eehelusion,FW,1
body,eempany,NN,1
body,eempesed,VBN,1
body,eemplaint,NN,1
body,eenstitutiehs,NNS,1
body,eentradietieh,NN,1
body,eenversatiens,NNS,1
body,eenversation,NN,1
body,eeuntry,JJ,1
body,eeurtiey,NN,1
body,ef,FW,1
body,ef,IN,1
body,ef,NN,32
body,ef,NNP,1
body,ef,VB,1
body,ef,VBP,2
body,eff,FW,1
body,effeaee,NN,1
body,effecient,JJ,1
body,effect,NN,90
body,effect,VB,3
body,effect,VBP,1
body,effected,VBD,1
body,effected,VBN,6
body,effecting,VBG,2
body,effective,JJ,11
body,effectiveness,NN,1
body,effects,NNS,6
body,effi,NN,1
body,efficiency,NN,9
body,efficient,JJ,28
body,efficiently,RB,1
body,efficint,NN,1
body,effiee,NN,2
body,effieef,NN,1
body,effieers,NNS,1
body,effieiałły,NN,1
body,effights,VBZ,1
body,effort,NN,24
body,efforts,NNS,24
body,efor,NN,1
body,eglarded,VBN,1
body,ehah,JJ,1
body,ehe,NN,1
body,ehildreh,NN,1
body,ehrelkheat,NN,1
body,eight,CD,28
body,eighteen,CD,12
body,eighteenth,NN,3
body,eighth,JJ,5
body,eighty,CD,8
body,either,CC,43
body,either,DT,24
body,either,RB,8
body,eject,VB,1
body,ejected,VBD,2
body,ejected,VBN,3
body,ejecting,VBG,2
body,ejection,NN,1
body,ejectment,NN,2
body,ejects,VBZ,1
body,elaborate,VB,1
body,elapse,VB,2
body,elate,VB,1
body,elated,JJ,1
body,elauses,NNS,1
body,elaware,NN,1
body,eldest,JJS,2
body,elect,VB,35
body,elect,VBP,8
body,elected,VBD,7
body,elected,VBN,112
body,electing,VBG,1
body,election,NN,311
body,electioneering,JJ,1
body,elections,NNS,65
body,elective,JJ,8
body,electoral,JJ,1
body,electors,NNS,1
body,elects,VBZ,1
body,eleeted,VBN,1
body,elegant,JJ,1
body,elegible,JJ,1
body,element,NN,7
body,elementary,JJ,1
body,elements,NNS,2
body,elephant,NN,1
body,elese,NN,1
body,elevated,VBD,1
body,elevation,NN,3
body,eleven,NNS,13
body,elicit,VB,1
body,elicited,VBD,2
body,elicited,VBN,2
body,eliciting,VBG,1
body,eligable,JJ,1
body,eligibility,NN,6
body,eligible,JJ,8
body,ellection,NN,1
body,ellipses,NNS,5
body,eloquence,NN,1
body,els,NNS,1
body,else,JJ,2
body,else,RB,18
body,elsewhere,RB,7
body,elswhere,RB,1
body,elucidate,VB,1
body,elucidated,VBN,1
body,emGovernment,NN,1
body,emanate,VB,1
body,emanated,VBN,1
body,emanating,VBG,1
body,embarass,VB,1
body,embarassment,NN,3
body,embarassments,NNS,1
body,embarked,VBD,1
body,embarrasment,NN,3
body,embarrass,VB,7
body,embarrassed,JJ,3
body,embarrassed,VBN,2
body,embarrasses,VBZ,1
body,embarrassing,JJ,4
body,embarrassing,VBG,1
body,embarrassment,NN,11
body,embarrassments,NNS,3
body,embarsed,JJ,1
body,embezzlement,NN,1
body,embezzling,VBG,1
body,embittered,JJ,1
body,embodied,VBD,1
body,embody,VB,1
body,embodying,VBG,1
body,emboldened,VBN,1
body,emboldens,VBZ,1
body,embrace,VB,1
body,embraced,VBD,6
body,embraced,VBN,6
body,embraces,VBZ,4
body,embracing,VBG,2
body,emerge,VB,1
body,emerge,VBP,1
body,emergency,NN,4
body,emigrant,NN,1
body,emigrants,NNS,2
body,emigrated,VBD,2
body,emigration,NN,1
body,eminent,JJ,5
body,eminently,RB,5
body,emolument,NN,1
body,emoluments,NNS,1
body,emoval,NN,1
body,emoving,VBG,1
body,empanelled,VBN,1
body,emphasis,NN,1
body,emphatic,JJ,3
body,employ,VB,11
body,employ,VBP,4
body,employed,VBN,33
body,employee,NN,1
body,employees,NNS,9
body,employer,NN,1
body,employers,NNS,1
body,employes,NNS,1
body,employes,VBZ,1
body,employing,VBG,5
body,employment,NN,28
body,employments,NNS,1
body,employs,VBZ,1
body,employé,NN,1
body,employés,NNS,5
body,empowered,VBN,4
body,empowers,VBZ,1
body,emſo,NN,1
body,en,FW,1
body,en,IN,10
body,en-route,JJ,1
body,enable,VB,37
body,enabled,VBD,2
body,enabled,VBN,8
body,enables,VBZ,3
body,enabling,VBG,3
body,enact,VB,1
body,enacted,VBN,7
body,enacting,VBG,2
body,enactment,NN,2
body,enacts,VBZ,2
body,encamped,VBN,1
body,enclose,VB,51
body,enclose,VBP,49
body,enclosed,JJ,46
body,enclosed,VBD,36
body,enclosed,VBN,52
body,enclosing,VBG,38
body,enclosure,NN,68
body,enclosures,NNS,56
body,encounter,NN,1
body,encounter,VB,2
body,encountered,VBD,2
body,encountered,VBN,2
body,encourage,VB,2
body,encouraged,VBD,1
body,encouraged,VBN,3
body,encouragement,NN,1
body,encourages,VBZ,1
body,encouraging,JJ,2
body,encouraging,VBG,1
body,encroached,VBN,1
body,encroachment,NN,1
body,encumbered,VBN,1
body,end,NN,38
body,end,VB,5
body,endangered,VBN,2
body,endeared,VBD,1
body,endeavor,NN,6
body,endeavor,VB,8
body,endeavored,VBD,5
body,endeavored,VBN,10
body,endeavoring,VBG,2
body,endeavors,NNS,2
body,endeavoured,VBD,1
body,ended,VBD,4
body,ended,VBN,3
body,enderseheht,JJ,1
body,ending,VBG,12
body,endless,JJ,2
body,endore,VBP,1
body,endors,VBP,1
body,endorse,VB,8
body,endorsed,VBD,152
body,endorsed,VBN,12
body,endorsedorsement,NN,1
body,endorsement,NN,297
body,endorsements,NNS,14
body,endorsements.-AES,NN,1
body,endorses,VBZ,1
body,endow,VB,1
body,endowed,JJ,1
body,endowed,VBN,1
body,endowment,NN,5
body,ends,NNS,4
body,ends,VBZ,5
body,endurance,JJ,1
body,endure,VB,2
body,endured,VBD,3
body,endured,VBN,2
body,enduring,VBG,1
body,ene,NN,2
body,enemies,NNS,16
body,enemy,NN,27
body,energetic,JJ,3
body,energetically,RB,1
body,energies,NNS,4
body,energy,NN,10
body,eney,NN,1
body,enfeebled,JJ,1
body,enfluence,NN,1
body,enforce,VB,9
body,enforce,VBP,1
body,enforced,VBN,9
body,enforcement,NN,10
body,enforcing,VBG,2
body,enfranchised,JJ,1
body,enfranchised,VBD,1
body,enfranchisment,NN,1
body,engage,VB,2
body,engaged,VBD,3
body,engaged,VBN,25
body,engagement,NN,1
body,engagements,NNS,3
body,engaging,VBG,1
body,engendered,VBN,1
body,engineer,NN,3
body,engineering,NN,1
body,engineers,NNS,18
body,engrafting,VBG,1
body,engraven,JJ,1
body,engraver,NN,1
body,engravings,NNS,1
body,engrosed,VBN,1
body,engross,VB,1
body,engrossing,VBG,1
body,enhance,VB,2
body,enjoin,VB,1
body,enjoy,VB,3
body,enjoyed,VBN,1
body,enjoying,VBG,1
body,enjoyment,NN,1
body,enjoys,VBZ,1
body,enlant,NN,1
body,enlargement,NN,2
body,enlested,VBD,1
body,enlightend,NN,1
body,enlightened,VBN,1
body,enlist,VB,4
body,enlisted,VBD,13
body,enlisted,VBN,25
body,enlisting,VBG,2
body,enlistment,NN,6
body,enlistments,NNS,1
body,enly,JJ,1
body,enmity,NN,1
body,enormous,JJ,1
body,enough,JJ,8
body,enough,RB,35
body,enquire,VB,3
body,enquiries,NNS,6
body,enquiring,VBG,3
body,enquiry,NN,9
body,enrolled,VBN,4
body,enrollment,NN,4
body,enshrouded,VBD,1
body,ensue,VB,2
body,ensued,VBD,1
body,ensued,VBN,2
body,ensueing,VBG,1
body,ensuing,VBG,1
body,ensure,VB,2
body,ent,JJ,1
body,entailed,VBN,2
body,enter,VB,18
body,enter,VBP,2
body,entered,VBD,14
body,entered,VBN,3
body,entering,VBG,5
body,enterprise,NN,2
body,enters,VBZ,1
body,entertain,VB,7
body,entertain,VBP,2
body,entertained,VBD,1
body,entertained,VBN,10
body,entertains,VBZ,2
body,enthusiasm,NN,2
body,enthusiastic,JJ,4
body,enthusiastically,RB,1
body,enticed,VBN,1
body,entierly,NN,1
body,entire,JJ,26
body,entirely,RB,39
body,entitle,VB,2
body,entitle,VBP,2
body,entitled,VBN,42
body,entitleed,NN,1
body,entitles,VBZ,2
body,entitling,VBG,1
body,entrance,NN,3
body,entreat,VBP,2
body,entrenched,JJ,1
body,entrusted,VBD,1
body,entrusted,VBN,5
body,entry,NN,4
body,enumerate,VB,1
body,enumerated,VBD,1
body,enumerated,VBN,1
body,enunciated,VBD,1
body,envelope,NN,2
body,envied,VBN,1
body,envious,JJ,1
body,envolved,JJ,1
body,envoy,NN,1
body,eould,NN,1
body,epidemic,JJ,1
body,epidemics,NNS,1
body,epilepsy,NN,1
body,epithet,NN,1
body,epoch,NN,1
body,equal,JJ,9
body,equality,NN,3
body,equally,RB,17
body,equipage,NN,1
body,equipment,NN,6
body,equipments,NNS,3
body,equipping,VBG,1
body,equitable,JJ,2
body,equivalent,JJ,3
body,equivalent,NN,1
body,er,CD,2
body,er,NN,2
body,erased,VBD,1
body,erdered,VBN,1
body,erdihahees,NNS,1
body,ere,FW,1
body,ere,RB,1
body,ere,VBP,1
body,erect,VB,2
body,erected,VBD,2
body,erected,VBN,1
body,erecting,VBG,2
body,erection,NN,5
body,ereetieh,JJ,1
body,erganisatien,NN,1
body,ernment,NN,1
body,errend,JJ,1
body,erroneous,JJ,4
body,erroneously,RB,1
body,error,NN,5
body,errors,NNS,1
body,ers,NNPS,2
body,erstood,NN,1
body,ery,NN,1
body,es,NNS,1
body,es,UNK,1
body,escape,NN,7
body,escape,VB,4
body,escaped,VBD,2
body,escaped,VBN,4
body,escaping,VBG,1
body,escort,NN,33
body,escorted,VBD,1
body,especial,JJ,4
body,especially,RB,31
body,espectfully,RB,1
body,espescially,RB,1
body,espouse,VB,1
body,esscape,NN,1
body,essential,JJ,13
body,essentially,RB,3
body,est,NN,1
body,establish,VB,14
body,establish,VBP,2
body,established,JJ,4
body,established,VBD,3
body,established,VBN,26
body,establishes,VBZ,4
body,establishing,VBG,6
body,establishment,NN,8
body,estate,NN,6
body,esteem,NN,5
body,esteem,VB,4
body,esteem,VBP,1
body,esteemed,JJ,2
body,estimate,NN,23
body,estimate,VB,1
body,estimated,VBN,6
body,estimates,NNS,15
body,estimates,VBZ,2
body,estimation,NN,3
body,et,FW,6
body,etc,FW,2
body,etc.,FW,1
body,eternal,JJ,2
body,eth,NN,1
body,ether,NN,1
body,ether,VBZ,1
body,ethics,NNS,1
body,eu,UNK,1
body,eulogy,NN,1
body,eulture,NN,1
body,eur,NN,1
body,evade,VB,3
body,evan,NN,1
body,evanescent,JJ,1
body,eve,NN,7
body,even,RB,83
body,evening,NN,36
body,evenings,NNS,1
body,event,NN,23
body,events,NNS,15
body,eventually,RB,2
body,ever,RB,82
body,evershifting,NN,1
body,every,DT,128
body,everybody,NN,2
body,everyone,NN,1
body,everything,NN,11
body,everywhere,RB,5
body,evey,NN,1
body,eviction,NN,1
body,evidence,NN,84
body,evident,JJ,10
body,evidently,RB,3
body,evidenty,NN,1
body,evil,JJ,5
body,evil,NN,4
body,evils,NNS,5
body,evinced,VBD,2
body,evinced,VBN,2
body,evry,JJ,1
body,ewa,NN,1
body,ex,FW,5
body,ex-Colonels,NNS,1
body,ex-Govr,NNP,1
body,ex-Lieut,NN,1
body,ex-Majors,NNS,1
body,ex-clude,VB,1
body,ex-parte,JJ,1
body,exact,JJ,3
body,exacting,VBG,1
body,exactly,RB,8
body,exagerated,JJ,1
body,exageration,NN,1
body,exaggerated,JJ,3
body,exaggerated,VBD,1
body,exaggeration,NN,1
body,exalted,JJ,1
body,examination,NN,55
body,examine,VB,16
body,examined,VBD,4
body,examined,VBN,21
body,examiners,NNS,1
body,examining,VBG,3
body,example,NN,7
body,exasperate,VB,1
body,exatioon,NN,1
body,excedingly,RB,1
body,exceed,VB,1
body,exceed,VBP,1
body,exceeded,VBD,2
body,exceeded,VBN,1
body,exceeding,VBG,3
body,exceedingly,RB,10
body,exceeds,VBZ,1
body,excel,VB,1
body,excel,VBP,1
body,excelent,JJ,1
body,excellancy,NN,1
body,excellency,NN,5
body,excellent,JJ,18
body,excep,VBP,1
body,except,IN,97
body,excepted,JJ,1
body,excepted,VBN,2
body,excepting,VBG,5
body,exception,NN,18
body,exceptional,JJ,2
body,exceptions,NNS,5
body,excess,JJ,1
body,excess,NN,5
body,excesses,NNS,2
body,excessive,JJ,4
body,exchange,NN,4
body,exchange,VB,2
body,exchanged,VBD,3
body,exchanged,VBN,1
body,exchanges,NNS,1
body,excite,VB,3
body,excited,JJ,1
body,excited,VBN,4
body,excitement,NN,13
body,exciting,JJ,5
body,excitment,NN,1
body,exclaimed,VBD,1
body,exclose,VBP,1
body,exclude,VB,1
body,exclude,VBP,2
body,excluded,VBN,6
body,exclusion,NN,1
body,exclusive,JJ,2
body,exculpate,VB,1
body,excusable,JJ,2
body,excuse,NN,6
body,excuse,VB,7
body,excused,VBN,2
body,execrable,JJ,2
body,execration,NN,1
body,execute,VB,11
body,executed,VBD,1
body,executed,VBN,17
body,executing,VBG,5
body,execution,NN,46
body,executions,NNS,1
body,executive,NN,3
body,executors,NNS,1
body,exemplary,JJ,3
body,exempt,VB,1
body,exempted,VBD,1
body,exempting,VBG,2
body,exercise,NN,17
body,exercise,VB,12
body,exercised,VBD,1
body,exercised,VBN,3
body,exercises,NNS,3
body,exercises,VBZ,1
body,exercising,VBG,5
body,exert,VB,6
body,exert,VBP,1
body,exerted,VBD,1
body,exerted,VBN,1
body,exerting,VBG,2
body,exertion,NN,1
body,exertions,NNS,4
body,exhausted,VBN,4
body,exhausting,JJ,1
body,exhaustive,JJ,1
body,exhibit,VB,3
body,exhibited,VBD,3
body,exhibited,VBN,3
body,exhibiting,VBG,1
body,exhibition,NN,2
body,exhibits,NNS,1
body,exhibits,VBZ,2
body,exhonerated,VBN,1
body,exhume,VB,1
body,exhumed,VBD,1
body,exibite,VB,1
body,exigencies,NNS,3
body,exigency,NN,1
body,exist,VB,18
body,exist,VBP,6
body,existance,NN,1
body,existed,VBD,6
body,existed,VBN,4
body,existence,NN,15
body,existenee,NN,1
body,existing,VBG,27
body,exists,VBZ,8
body,exonerate,VB,2
body,exonerates,VBZ,1
body,exoneration,NN,4
body,expanded,VBN,5
body,expansion,NN,2
body,exparte,NN,2
body,expect,VB,12
body,expect,VBP,21
body,expectation,NN,4
body,expectations,NNS,1
body,expected,VBD,15
body,expected,VBN,25
body,expecting,VBG,1
body,expects,VBZ,2
body,expediency,NN,7
body,expedient,JJ,7
body,expedient,NN,2
body,expedited,VBN,1
body,expedition,NN,9
body,expeditions,NNS,1
body,expelled,VBD,1
body,expelled,VBN,3
body,expences,NNS,1
body,expend,VB,3
body,expended,VBD,2
body,expended,VBN,7
body,expenditure,NN,4
body,expenditures,NNS,11
body,expense,NN,42
body,expenses,NNS,42
body,expensive,JJ,3
body,expericienced,JJ,1
body,experience,NN,27
body,experience,VB,1
body,experienced,JJ,1
body,experienced,VBN,4
body,experiences,NNS,2
body,experiment,NN,1
body,experiments,NNS,2
body,expiated,VBN,1
body,expiration,NN,9
body,expire,VB,3
body,expired,VBD,2
body,expired,VBN,5
body,expires,VBZ,2
body,expiring,VBG,1
body,explain,VB,12
body,explained,VBD,4
body,explained,VBN,2
body,explaining,VBG,2
body,explains,VBZ,4
body,explanation,NN,17
body,explanations,NNS,8
body,explanatory,JJ,5
body,explicitly,RB,1
body,explore,VB,1
body,exponent,NN,1
body,expose,VB,1
body,exposed,VBN,6
body,exposing,VBG,1
body,expostulated,VBD,1
body,exposure,NN,2
body,expounder,NN,2
body,express,JJ,3
body,express,VB,10
body,express,VBP,14
body,expressed,VBD,8
body,expressed,VBN,28
body,expresses,VBZ,4
body,expressing,VBG,7
body,expressinges,VBZ,1
body,expression,NN,16
body,expressions,NNS,1
body,expressive,JJ,1
body,expressly,RB,7
body,expulsion,NN,2
body,extend,VB,10
body,extend,VBP,1
body,extended,JJ,3
body,extended,VBD,2
body,extended,VBN,6
body,extending,VBG,6
body,extension,NN,3
body,extensive,JJ,8
body,extensively,RB,2
body,extenso,NN,1
body,extent,NN,23
body,external,JJ,1
body,extinction,NN,1
body,extorted,VBN,1
body,extorting,VBG,1
body,extortion,NN,1
body,extra,JJ,5
body,extract,NN,13
body,extract,VB,1
body,extracts,NNS,3
body,extradordinary,JJ,1
body,extraet,NN,1
body,extraordinary,JJ,9
body,extravagant,JJ,1
body,extravigance,NN,1
body,extreeme,JJ,1
body,extreme,JJ,13
body,extremely,RB,10
body,extremities,NNS,1
body,extremity,NN,2
body,extricating,VBG,1
body,exſalmination,NN,1
body,exſce,NN,1
body,eye,NN,6
body,eyes,NNS,5
body,eſ,NN,1
body,eſ3,UNK,1
body,f,FW,1
body,f,SYM,2
body,f,UNK,1
body,f.,FW,1
body,fabric,NN,2
body,face,NN,9
body,facilitate,VB,2
body,facilitating,VBG,2
body,facilities,NNS,12
body,facility,NN,1
body,facing,VBG,1
body,facsimile,JJ,1
body,facsimile,NN,2
body,fact,NN,86
body,faction,NN,3
body,facto,FW,1
body,factory,NN,1
body,facts,NNS,129
body,facts.-If,NN,1
body,faculty,NN,2
body,faets,NNS,1
body,fail,VB,8
body,fail,VBP,5
body,failed,VBD,15
body,failed,VBN,12
body,failing,VBG,2
body,fails,VBZ,5
body,failure,NN,13
body,failures,NNS,2
body,fair,JJ,23
body,fairly,RB,6
body,fairness,NN,1
body,faith,NN,22
body,faithful,JJ,20
body,faithful,NN,7
body,faithfull,NN,1
body,faithfully,RB,16
body,faithfulness,NN,4
body,faithfuly,RB,1
body,faithless,JJ,1
body,fall,NN,20
body,fall,VB,10
body,fall,VBP,1
body,fallen,VBN,6
body,falls,VBZ,4
body,false,JJ,21
body,falsehood,NN,2
body,falsehoods,NNS,1
body,falsely,RB,1
body,falshoods,NNS,1
body,fame,NN,8
body,familar,JJ,1
body,familiar,JJ,12
body,familiarity,NN,1
body,familiarly,RB,2
body,families,NNS,21
body,family,NN,67
body,famine,NN,3
body,famous,JJ,1
body,fand,NN,1
body,far,RB,123
body,fare,NN,3
body,fare,VBP,1
body,farm,NN,28
body,farming,VBG,3
body,farming-utensels,NNS,1
body,farms,NNS,1
body,farregas,NNS,1
body,farther,RB,1
body,farther,RBR,7
body,fashionable,JJ,1
body,fast,JJ,3
body,fast,RB,3
body,fastened,VBN,1
body,faster,JJR,2
body,faster,RBR,1
body,fastnesses,NNS,1
body,fat,JJ,1
body,fatal,JJ,8
body,fatally,RB,1
body,fate,NN,6
body,father,NN,28
body,father-in-law,NN,3
body,fathers,NNS,2
body,fathfuly,RB,2
body,faught,NN,1
body,faught,VBP,1
body,fault,NN,6
body,favior,NN,2
body,favior,VB,1
body,favor,NN,97
body,favor,VB,11
body,favor,VBP,1
body,favorable,JJ,47
body,favorably,RB,22
body,favored,VBN,2
body,favoring,VBG,2
body,favorite,JJ,1
body,favorites,NNS,1
body,favors,NNS,1
body,favors,VBZ,7
body,favour,NN,4
body,favourable,JJ,1
body,favoured,VBD,1
body,fear,NN,11
body,fear,VB,4
body,fear,VBP,19
body,feared,VBD,1
body,feared,VBN,1
body,fearful,JJ,6
body,fearing,VBG,4
body,fearless,JJ,1
body,fearlessly,RB,2
body,fears,NNS,5
body,fears,VBZ,1
body,feasible,JJ,1
body,feast,NN,1
body,feat,NN,2
body,feats,NNS,1
body,feature,NN,2
body,features,NNS,3
body,feaver,NN,1
body,fed,VBN,6
body,federal,JJ,3
body,fee,NN,6
body,feeble,JJ,3
body,feed,NN,1
body,feed,VB,8
body,feeder,NN,1
body,feeding,NN,1
body,feeding,VBG,3
body,feel,NN,1
body,feel,VB,38
body,feel,VBP,55
body,feeles,NNS,1
body,feeling,NN,29
body,feeling,VBG,3
body,feelings,NNS,18
body,feels,VBZ,5
body,fees,NNS,4
body,feet,NNS,6
body,feigned,VBN,1
body,fell,VBD,16
body,fellow,JJ,2
body,fellow,NN,2
body,fellow-citizen,JJ,1
body,fellow-citizens,NNS,1
body,fellow-feeling,VBG,1
body,fellows,NNS,1
body,felt,VBD,12
body,felt,VBN,5
body,female,JJ,2
body,fence,NN,10
body,fences,NNS,1
body,fenian,JJ,1
body,fer,NN,1
body,fer,VBD,1
body,ferlough,JJ,1
body,fermer,NN,1
body,ferocity,NN,1
body,ferret,VB,2
body,ferrit,VB,1
body,fertile,JJ,1
body,fervor,NN,1
body,festival,NN,1
body,fetch,VB,2
body,fever,NN,14
body,few,JJ,105
body,ffiee,CD,1
body,fice,NN,4
body,ficer,NN,1
body,ficial,JJ,1
body,fiction,NN,1
body,fictitious,JJ,3
body,fidelity,NN,4
body,fied,VBN,2
body,field,NN,25
body,fields,NNS,3
body,fiendish,JJ,1
body,fife,NN,1
body,fifteen,CD,18
body,fifteenth,NN,4
body,fifth,JJ,14
body,fifth,NN,1
body,fifty,CD,21
body,fight,NN,3
body,fight,VB,10
body,figured,VBD,1
body,figures,NNS,4
body,file,NN,28
body,file,VB,4
body,filed,VBD,5
body,filed,VBN,12
body,files,NNS,4
body,fill,VB,44
body,fill,VBP,1
body,filled,VBD,4
body,filled,VBN,24
body,filling,VBG,5
body,filthy,JJ,1
body,final,JJ,28
body,finally,RB,10
body,finance,NN,1
body,finances,NNS,5
body,financial,JJ,5
body,financier,NN,1
body,find,VB,87
body,find,VBP,34
body,finding,NN,5
body,finding,VBG,9
body,findings,NNS,9
body,finds,VBZ,5
body,fine,JJ,8
body,fine,NN,2
body,fined,VBN,1
body,finely,RB,1
body,finest,JJS,2
body,finish,VB,2
body,finished,VBD,3
body,finished,VBN,12
body,finishing,VBG,1
body,fire,NN,9
body,fire,VB,1
body,fire-arms,NNS,1
body,firearms,NNS,2
body,fired,VBD,9
body,fired,VBN,9
body,fireman,NN,1
body,fires,NNS,3
body,firing,NN,7
body,firm,JJ,4
body,firm,NN,8
body,firmly,RB,3
body,firs,VBZ,1
body,first,JJ,135
body,first,RB,28
body,fiscal,JJ,18
body,fiscirs,NNS,1
body,fit,JJ,3
body,fit,NN,3
body,fit,VB,4
body,fit,VBN,1
body,fitness,NN,10
body,fitted,VBN,2
body,fity,NN,1
body,five,CD,81
body,five-thousand,JJ,1
body,fix,VB,8
body,fixed,JJ,2
body,fixed,VBN,11
body,fixes,NNS,1
body,fixing,VBG,3
body,fixtures,NNS,2
body,flag,NN,9
body,flagrant,JJ,1
body,flags,NNS,7
body,flanked,VBN,1
body,flannel,NN,2
body,flashed,VBD,1
body,flat,JJ,1
body,flatter,VBP,1
body,flattering,JJ,2
body,fleas,NNS,1
body,fled,VBD,7
body,fled,VBN,1
body,fleeing,VBG,1
body,flew,VBD,1
body,flight,NN,1
body,flinch,VB,1
body,float,VB,2
body,flog,VB,1
body,flogged,VBD,1
body,flogged,VBN,2
body,flogging,NN,2
body,flood,NN,1
body,flooded,VBN,2
body,floods,NNS,1
body,flour,NN,3
body,flower,NN,1
body,flying,VBG,1
body,fn,UNK,1
body,foal,NN,1
body,foes,NNS,1
body,fold,JJ,1
body,fold,NN,1
body,folded,VBN,1
body,foliage,NN,1
body,folks,NNS,1
body,follow,VB,13
body,follow,VBP,2
body,followed,VBD,9
body,followed,VBN,7
body,followers,NNS,2
body,following,JJ,13
body,following,NN,3
body,following,VBG,126
body,follows,VBZ,41
body,follows.-Packard,NN,1
body,folly,NN,1
body,foment,VB,1
body,fondest,JJS,1
body,fondness,NN,2
body,food,NN,15
body,foolishness,NN,1
body,foot,NN,10
body,footing,NN,2
body,footnotes,NNS,1
body,for,IN,2981
body,forage,NN,10
body,forbade,VBD,1
body,forbearance,NN,1
body,forbid,VB,1
body,forbid,VBD,1
body,forbidden,VBN,3
body,forbidding,VBG,6
body,forbids,VBZ,1
body,force,NN,66
body,force,VB,10
body,forced,VBD,1
body,forced,VBN,17
body,forces,NNS,17
body,forcible,JJ,3
body,forcibly,RB,5
body,forcing,VBG,3
body,foregoing,JJ,16
body,foregone,JJ,2
body,forehead,NN,2
body,foreign,JJ,5
body,foreigners,NNS,1
body,forenoon,NN,1
body,foresaw,VBD,1
body,foresee,VB,1
body,foreseen,VBN,4
body,foreshadowed,VBD,1
body,foreshadowed,VBN,1
body,foresight,NN,1
body,forever,RB,9
body,forfeit,VB,5
body,forfeitable,JJ,1
body,forfeited,VBD,1
body,forfeited,VBN,3
body,forfeiting,VBG,1
body,forfeiture,NN,3
body,forge,VB,1
body,forgery,NN,1
body,forget,VB,4
body,forget,VBP,2
body,forging,VBG,1
body,forgive,VB,2
body,forgotten,VBN,3
body,form,NN,30
body,form,VB,13
body,form,VBP,1
body,formal,JJ,11
body,formalities,NNS,1
body,formality,NN,1
body,formally,RB,8
body,formation,NN,3
body,formed,VBD,4
body,formed,VBN,12
body,former,JJ,38
body,formerly,RB,20
body,formidable,JJ,1
body,formily,RB,1
body,forming,VBG,4
body,forms,NNS,2
body,forms,VBZ,2
body,forsight,NN,1
body,forswear,VB,1
body,fort,NN,7
body,forth,RB,35
body,forth,RP,2
body,forthcoming,JJ,1
body,forthwith,NN,1
body,forthwith,RB,1
body,fortieth,NN,1
body,fortification,NN,2
body,fortifications,NNS,5
body,fortified,VBN,1
body,fortitude,NN,1
body,fortnight,NN,1
body,forts,NNS,6
body,fortunate,JJ,5
body,fortunately,RB,2
body,fortune,NN,4
body,forty,CD,12
body,forward,RB,64
body,forwarded,VBD,29
body,forwarded,VBN,105
body,forwarding,NN,6
body,forwards,RB,2
body,foster,VB,1
body,fostered,VBN,1
body,foue,NN,1
body,fought,VBD,9
body,fought,VBN,4
body,foul,JJ,1
body,found,VBD,37
body,found,VBN,82
body,foundation,NN,6
body,foundations,NNS,1
body,founded,VBN,2
body,founder,NN,1
body,four,CD,96
body,four-fifths,NNS,1
body,fours,NNS,1
body,fourteen,CD,7
body,fourteenth,JJ,2
body,fourth,JJ,11
body,fourths,NNS,2
body,fragments,NNS,4
body,frame,NN,4
body,frame,VB,3
body,framed,VBD,1
body,framed,VBN,12
body,framing,NN,1
body,framing,VBG,3
body,franchise,NN,1
body,frank,JJ,5
body,frankly,RB,3
body,frankness,NN,1
body,frantic,JJ,1
body,fraternal,JJ,1
body,fraud,NN,12
body,frauds,NNS,10
body,fraudulent,JJ,9
body,fraudulently,RB,2
body,free,JJ,33
body,free,VB,1
body,freed,VBN,2
body,freedman,NN,1
body,freedmans,NNS,2
body,freedmen,NN,17
body,freedmen,NNS,7
body,freedmen,VBP,1
body,freedom,NN,3
body,freely,RB,9
body,freh,NN,1
body,freight,NN,3
body,freind,NN,1
body,freindly,RB,1
body,frem,VBP,1
body,frequent,JJ,9
body,frequently,RB,12
body,fresh,JJ,4
body,friday,NNP,1
body,friend,NN,42
body,friendly,JJ,19
body,friends,NNS,81
body,friendship,NN,6
body,frighten,VB,1
body,frightened,VBN,1
body,frightful,JJ,1
body,frm,NN,1
body,from,IN,1869
body,front,NN,16
body,frontier,NN,18
body,frontiers,NNS,3
body,fror,VBP,1
body,frowned,VBN,1
body,fruit,NN,1
body,fruitless,JJ,1
body,fruits,NNS,2
body,frustrate,VB,2
body,ft,NN,1
body,fuel,NN,4
body,fugitive,JJ,1
body,ful,JJ,3
body,fulfil,VB,3
body,fulfill,VB,4
body,fulfilled,VBD,3
body,fulfilled,VBN,1
body,fulfilling,VBG,3
body,fulfilment,NN,3
body,full,JJ,72
body,fuller,JJR,5
body,fullest,JJS,3
body,fully,RB,80
body,fulminate,JJ,2
body,fulminate,NN,1
body,functions,NNS,13
body,fund,NN,8
body,fundamental,JJ,3
body,funded,VBN,3
body,funds,NNS,41
body,fungus-breeding,JJ,1
body,furnish,VB,47
body,furnish,VBP,2
body,furnished,JJ,7
body,furnished,VBD,11
body,furnished,VBN,69
body,furnishes,VBZ,4
body,furnishing,VBG,9
body,furniture,NN,6
body,furs,NNS,1
body,further,JJ,78
body,further,RB,31
body,further,RBR,12
body,further,VB,1
body,furtherance,NN,1
body,furthermore,RB,1
body,furthest,JJS,1
body,fuse,NN,1
body,futile,JJ,1
body,future,JJ,9
body,future,NN,11
body,g,NN,10
body,g,UNK,1
body,g.,FW,4
body,gain,NN,1
body,gain,VB,4
body,gained,VBD,4
body,gained,VBN,5
body,gallant,JJ,13
body,gallantly,RB,3
body,gallantry,NN,5
body,gallent,JJ,2
body,gals,NNS,1
body,game,NN,2
body,gap,NN,1
body,gardens,NNS,1
body,garrison,NN,11
body,garrisoned,VBN,13
body,garrisons,NNS,6
body,gas,NN,1
body,gate,NN,1
body,gather,VB,3
body,gather,VBP,1
body,gathered,VBD,2
body,gathered,VBN,1
body,gathers,VBZ,1
body,gave,VBD,51
body,geing,NN,1
body,gen,NN,1
body,gen.,NN,22
body,gen.,NNP,33
body,gen.,NNS,1
body,gen.,VB,1
body,gene,NN,1
body,genealagy,NN,1
body,general,JJ,69
body,general,NN,1
body,generality,NN,1
body,generally,RB,24
body,generals,NNS,2
body,generated,VBN,1
body,generations,NNS,1
body,generator,NN,1
body,generosity,NN,1
body,generous,JJ,4
body,genius,NN,1
body,genl,NN,1
body,gentleman,NN,36
body,gentlemen,NNS,22
body,genttleman,NN,1
body,genuine,JJ,3
body,geographically,RB,1
body,get,VB,122
body,get,VBP,14
body,getting,VBG,23
body,giddy,JJ,1
body,gift,NN,3
body,gifts,NNS,1
body,gigantic,JJ,2
body,gilt,JJ,1
body,girl,NN,2
body,girls,NNS,1
body,gist,NN,1
body,give,VB,212
body,give,VBP,18
body,given,VBN,177
body,gives,VBZ,31
body,giving,VBG,55
body,glad,JJ,33
body,gladden,VB,2
body,gladly,RB,2
body,glance,NN,2
body,glancing,VBG,1
body,glaring,JJ,2
body,glassware,NN,1
body,glean,VB,1
body,glimmer,NN,1
body,gloat,VB,1
body,gloom,NN,1
body,gloomy,JJ,2
body,gloried,VBD,1
body,glorious,JJ,1
body,gloriously,RB,3
body,glory,NN,4
body,gloss,VB,1
body,glowing,JJ,1
body,go,VB,137
body,go,VBP,19
body,go-between,NN,2
body,goaded,VBN,1
body,god,NN,1
body,goe,VB,1
body,goes,VBZ,15
body,going,VBG,46
body,gold,NN,5
body,gold.,NN,1
body,gon,VBG,1
body,gone,VBN,28
body,good,JJ,188
body,good,NN,11
body,goodly,JJ,1
body,goodness,NN,1
body,goods,NNS,11
body,goodwill,NN,1
body,got,VBD,20
body,got,VBN,8
body,gotten,VBN,2
body,gov,NN,4
body,goverment,NN,10
body,govern,VB,6
body,govern,VBP,1
body,governed,VBD,2
body,governed,VBN,6
body,governing,VBG,3
body,government,NN,97
body,governments,NNS,15
body,governmt,NN,1
body,governned,VBN,1
body,governor,NN,15
body,governors,NNS,1
body,governorship,NN,1
body,goverror,NN,1
body,govment,NN,1
body,govrment,NN,1
body,govt,NN,2
body,grace,NN,1
body,gradations,NNS,1
body,grade,NN,9
body,graded,VBN,1
body,grades,NNS,6
body,gradually,RB,3
body,graduate,JJ,1
body,graduate,NN,4
body,graduated,VBD,3
body,graduates,NNS,2
body,graduating,VBG,1
body,grain,NN,2
body,grams,NNS,2
body,grand,JJ,3
body,grand-father,NN,1
body,grandson,NN,5
body,grant,NN,9
body,grant,VB,14
body,granted,VBD,6
body,granted,VBN,37
body,granting,VBG,8
body,grants,NNS,6
body,grasp,VB,1
body,grass,NN,2
body,grateful,JJ,9
body,gratefully,RB,2
body,gratful,NN,1
body,gratification,NN,5
body,gratified,JJ,4
body,gratified,VBN,6
body,gratify,VB,4
body,gratifying,JJ,1
body,gratifying,NN,1
body,gratifying,VBG,2
body,gratiously,RB,1
body,gratis,NN,1
body,gratis,VBZ,1
body,gratitude,NN,3
body,gratituede,NN,1
body,grattitude,NN,2
body,gratuitous,JJ,2
body,gratuitously,RB,1
body,gratuity,NN,2
body,gratuty,VB,1
body,grave,JJ,12
body,grave,NN,1
body,graver,JJR,2
body,graves,VBZ,1
body,gravest,JJS,1
body,gravity,NN,2
body,great,JJ,228
body,greataess,NN,1
body,greater,JJR,22
body,greatest,JJS,10
body,greatful,JJ,1
body,greatfully,RB,1
body,greatly,RB,33
body,greatness,NN,1
body,greaſt,NN,2
body,green,JJ,3
body,greeted,VBN,2
body,greeting,VBG,1
body,grevences,NNS,1
body,grief,NN,2
body,grievances,NNS,1
body,grieved,VBN,1
body,grievence,NN,1
body,grievously,RB,1
body,groceries,NNS,1
body,groes,NNS,1
body,groomed,VBN,1
body,gross,JJ,15
body,grossely,RB,1
body,grossest,JJS,1
body,grossness,NN,1
body,ground,NN,51
body,grounded,VBN,1
body,grounds,NNS,23
body,groups,NNS,1
body,grow,VB,5
body,growing,VBG,4
body,grown,JJ,1
body,grown,VBN,5
body,grows,VBZ,1
body,growth,NN,1
body,gt,NN,1
body,gton,NN,1
body,guarantee,NN,2
body,guarantees,NNS,1
body,guaranty,NN,1
body,guard,NN,22
body,guard,VB,6
body,guard-house,NN,1
body,guarded,VBN,5
body,guardedly,RB,1
body,guardhouse,NN,1
body,guardian,NN,2
body,guardianship,NN,1
body,guarding,VBG,1
body,guerilla,NN,1
body,guerillas,NNS,1
body,guess,VBP,1
body,guests,NNS,1
body,guidance,NN,4
body,guide,NN,1
body,guide,VB,2
body,guided,VBD,1
body,guided,VBN,4
body,guiding,VBG,1
body,guilt,NN,8
body,guilty,JJ,45
body,gun,NN,17
body,gunboat,NN,1
body,gunpowder,NN,1
body,guns,NNS,9
body,guts,NNS,1
body,guvement,NN,1
body,gº,UNK,1
body,h,NN,2
body,h,UNK,1
body,ha,NN,2
body,ha,VBP,1
body,habeas,NNS,7
body,habit,NN,6
body,habits,NNS,13
body,habitual,JJ,2
body,habitually,RB,3
body,had,VBD,870
body,had,VBN,69
body,half,DT,1
body,half,JJ,2
body,half,NN,13
body,half,PDT,8
body,half,RB,1
body,hall,NN,2
body,halls,NNS,1
body,halmets,NNS,1
body,halt,NN,1
body,halt,VB,2
body,halted,NN,1
body,halted,VBD,1
body,hamlet,NN,1
body,hams,NNS,1
body,hand,NN,54
body,hand,VB,1
body,hand,VBP,4
body,hand-bills,NNS,1
body,handed,NN,1
body,handed,VBD,5
body,handed,VBN,7
body,handful,NN,1
body,handle,VB,1
body,handle,VBP,1
body,handled,VBN,2
body,handling,VBG,1
body,hands,NNS,68
body,handsome,JJ,1
body,handwriting,NN,2
body,hang,VB,2
body,hanged,VBN,1
body,hangin,VBP,1
body,hanging,VBG,2
body,happen,VB,4
body,happened,VBD,1
body,happened,VBN,1
body,happens,VBZ,2
body,happily,RB,1
body,happiness,NN,4
body,happy,JJ,10
body,harangue,NN,1
body,harass,VB,1
body,harbor,NN,11
body,harbors,NNS,1
body,hard,JJ,31
body,hard,RB,3
body,hardest,JJS,1
body,hardest,RBS,1
body,hardly,RB,12
body,hardship,NN,1
body,hardships,NNS,4
body,harm,NN,5
body,harmless,JJ,1
body,harmonious,JJ,5
body,harmoniously,RB,2
body,harmonize,VB,3
body,harmonized,VBD,1
body,harmony,NN,11
body,harness,NN,7
body,harnessing,VBG,2
body,harrassed,VBN,1
body,harsh,JJ,3
body,has,VBZ,877
body,has-or,JJ,1
body,hasban,NN,1
body,hashe,NN,1
body,haste,NN,3
body,hasten,VB,1
body,hasten,VBP,3
body,hastily,RB,1
body,hasty,JJ,3
body,hat,NN,2
body,hatchet,NN,1
body,hating,VBG,1
body,hative,JJ,1
body,hatred,NN,1
body,hattºralized,VBN,1
body,hauled,VBD,1
body,haunts,NNS,2
body,hav,NN,1
body,hav,VB,1
body,hav,VBP,5
body,have,VB,574
body,have,VBP,1665
body,haveing,VBG,1
body,having,VBG,186
body,hay,NN,4
body,hazardous,JJ,2
body,hazards,NNS,1
body,hd,NN,3
body,he,PRP,1266
body,head,NN,34
body,head,VB,1
body,headquarters,NN,3
body,headquarters,NNS,1
body,heads,NNS,6
body,heaer,NN,1
body,healed,VBN,1
body,health,NN,28
body,health.-Was,NNS,1
body,healths,NNS,1
body,healthy,JJ,2
body,heap,NN,2
body,heaped,VBN,3
body,hear,VB,19
body,hear,VBP,5
body,heard,VBD,12
body,heard,VBN,29
body,heare,JJ,1
body,heare,NN,1
body,hearer,NN,1
body,hearily,RB,1
body,hearing,NN,13
body,hearing,VBG,6
body,heart,NN,15
body,heartbroken,JJ,1
body,heartily,RB,9
body,heartless,JJ,1
body,hearts,NNS,2
body,hearty,JJ,7
body,heat,NN,3
body,heath,NN,1
body,heaven,NN,2
body,heavily,RB,2
body,heavy,JJ,10
body,heedless,JJ,1
body,heeessary,JJ,2
body,heehose,NN,1
body,heifer,NN,1
body,heights,NNS,1
body,heir,NN,1
body,heirs,NNS,2
body,held,VBD,22
body,held,VBN,81
body,hell,NNP,1
body,help,NN,6
body,help,VB,19
body,helped,VBD,1
body,helpless,JJ,7
body,hence,RB,16
body,her,PRP,19
body,her,PRP$,62
body,herae,NN,1
body,herd,NN,2
body,here,RB,301
body,hereafter,RB,19
body,hereby,RB,19
body,herein,RB,18
body,hereinbefore,RB,1
body,heret,JJ,1
body,hereto,RB,1
body,heretofore,RB,33
body,hereupon,NN,1
body,herewit,RB,1
body,herewith,NN,5
body,herewith,RB,241
body,herewith,VB,6
body,herewith,VBP,1
body,heritage,NN,1
body,heroism,NN,1
body,herself,PRP,2
body,hes,NNS,1
body,hesitancy,NN,1
body,hesitate,VB,13
body,hesitated,VBD,2
body,hesitation,NN,3
body,het,NN,1
body,het,RB,1
body,hete,JJ,1
body,heties,NNS,1
body,hetiforward,NN,1
body,hew,NN,2
body,hewever,NN,1
body,hewever,VB,1
body,hey,NN,1
body,hiatus,NN,1
body,hich,NN,1
body,hiere,NN,1
body,hiere,VB,2
body,high,JJ,32
body,high-handed,JJ,1
body,high-minded,JJ,1
body,higher,JJR,15
body,highest,JJS,18
body,highly,RB,10
body,hight,NN,1
body,highway,NN,1
body,hill,NN,1
body,hilmself,NN,1
body,hilt,NN,1
body,him,PRP,771
body,himself,PRP,89
body,hind,NN,1
body,hinder,VB,2
body,hinder,VBP,1
body,hinges,NNS,1
body,hint,NN,1
body,hinted,VBN,1
body,hinting,VBG,1
body,hints,NNS,1
body,hip,NN,1
body,hire,VB,1
body,hired,VBN,2
body,hiring,NN,2
body,his,PRP$,1497
body,histories,NNS,1
body,history,NN,28
body,hitch,NN,1
body,hitched,VBD,1
body,hitched,VBN,1
body,hitherto,RB,7
body,hndreſd,NN,1
body,hoe,VB,1
body,hoffisers,NNS,1
body,hogs,NNS,2
body,hold,NN,4
body,hold,VB,34
body,hold,VBP,17
body,holden,VBN,1
body,holder,NN,1
body,holders,NNS,6
body,holding,NN,2
body,holding,VBG,21
body,holds,VBZ,12
body,holes,NNS,1
body,holidays,NNS,1
body,holsters,NNS,1
body,holy,JJ,2
body,home,NN,60
body,home,RB,1
body,homes,NNS,10
body,homestead,NN,2
body,homesteaded,VBN,1
body,homesteading,NN,1
body,homicide,NN,5
body,homicides,NNS,3
body,honer,NN,1
body,honest,JJ,11
body,honestly,RB,5
body,honesty,NN,3
body,honor,NN,483
body,honor,VB,4
body,honor,VBP,1
body,honorable,JJ,13
body,honorably,RB,9
body,honored,VBD,1
body,honored,VBN,1
body,honors,NNS,4
body,honoured,VBN,2
body,hope,NN,27
body,hope,VB,13
body,hope,VBP,90
body,hoped,VBD,3
body,hoped,VBN,8
body,hopeful,JJ,3
body,hopeful,NN,1
body,hopefully,RB,1
body,hopeing,VBG,3
body,hopeless,JJ,1
body,hopes,NNS,9
body,hopes,VBZ,1
body,hoping,VBG,12
body,horned,JJ,1
body,horrible,JJ,2
body,horror,NN,1
body,horrors,NNS,2
body,horse,NN,30
body,horseback,NN,1
body,horses,NNS,54
body,horsethief,NN,1
body,hos,NNS,1
body,hospital,NN,10
body,hospitalities,NNS,3
body,hospitality,NN,1
body,hospitals,NNS,3
body,host,NN,3
body,hostile,JJ,18
body,hostilities,NNS,9
body,hostility,NN,8
body,hot,JJ,1
body,hotel,NN,2
body,hottest,JJS,1
body,hounds,NNS,1
body,hour,NN,14
body,hourly,JJ,2
body,hours,NNS,9
body,hous,VBZ,1
body,house,NN,62
body,house,VB,1
body,household,NN,1
body,houses,NNS,8
body,how,WRB,49
body,however,RB,113
body,htha,NN,1
body,hull,NN,1
body,human,JJ,7
body,humanity,NN,4
body,humanitſyl,NN,1
body,humble,JJ,7
body,humblest,JJS,1
body,humbly,RB,2
body,humbug,VBP,1
body,humiliating,JJ,1
body,hunch,NN,1
body,hundred,CD,105
body,hundreds,NNS,5
body,hundredth,JJ,1
body,hundreths,NNS,1
body,hung,VBD,2
body,hung,VBN,4
body,hunger,NN,1
body,hungry,JJ,1
body,hunt,NN,3
body,hunting,NN,2
body,huonorably,RB,1
body,hurried,VBD,1
body,hurry,NN,3
body,hurry,VB,2
body,husband,NN,18
body,hut,VB,1
body,hypothesis,NN,1
body,hā,NN,1
body,i,FW,25
body,i,UNK,5
body,i.,NN,1
body,i.,NNP,7
body,i.,VBP,1
body,ibid,NN,548
body,ibid.,NNP,32
body,ibid.,RB,1080
body,ibid.,VB,1
body,ibid.,VBN,2
body,idea,NN,20
body,ideas,NNS,5
body,identical,JJ,6
body,identification,NN,2
body,identified,VBD,1
body,identified,VBN,5
body,identify,VBP,1
body,identity,NN,1
body,idiocy,NN,1
body,idle,JJ,4
body,idleness,NN,4
body,idly,RB,1
body,ies,NNS,1
body,if,IN,638
body,iff,NNP,1
body,ifnfluence,NN,1
body,ignominious,JJ,1
body,ignorance,NN,4
body,ignorant,JJ,8
body,ignored,VBN,1
body,ignoring,VBG,2
body,iii,LS,1
body,iii,UNK,1
body,iligibility,NN,1
body,ill,JJ,8
body,ill,RB,2
body,ill-fame,JJ,2
body,ill-treated,JJ,1
body,ill-will,NN,1
body,illegal,JJ,7
body,illegality,NN,1
body,illegally,RB,1
body,illegible,JJ,1
body,illicit,JJ,2
body,illness,NN,5
body,illuminations,NNS,1
body,illusory,JJ,1
body,illustrate,VB,4
body,illustrated,VBN,1
body,illustrating,VBG,2
body,illustration,NN,3
body,illustrations,NNS,1
body,im,NN,1
body,imagination,NN,1
body,imagine,VB,6
body,imagine,VBP,2
body,imagined,VBN,1
body,imbecile,RB,1
body,imbroglio,NN,1
body,imbued,VBN,1
body,imcompatible,JJ,1
body,iminant,JJ,1
body,immagration,NN,1
body,immedate,JJ,1
body,immediate,JJ,38
body,immediately,RB,56
body,immenent,JJ,1
body,immense,JJ,4
body,immensely,RB,1
body,impair,VB,1
body,impair,VBP,1
body,impaired,JJ,3
body,impaired,VBN,1
body,impairing,VBG,1
body,imparatively,RB,1
body,impart,VB,2
body,impartial,JJ,5
body,impartiality,NN,1
body,impassible,JJ,1
body,impatient,JJ,1
body,impatiently,RB,1
body,impeached,VBN,3
body,impeaches,VBZ,1
body,impeaching,VBG,2
body,impeachment,NN,34
body,impede,VB,1
body,impediment,NN,3
body,impediments,NNS,1
body,impeding,VBG,2
body,impelled,VBN,1
body,imperative,JJ,3
body,imperfect,JJ,2
body,impertinent,JJ,1
body,implements,VBZ,2
body,implicate,VB,1
body,implicated,VBN,5
body,implicates,VBZ,1
body,implication,NN,5
body,implied,VBN,2
body,implies,VBZ,1
body,implore,VBP,1
body,imply,VB,1
body,impolitic,JJ,2
body,import,NN,2
body,importance,NN,44
body,important,JJ,58
body,importation,NN,1
body,imported,VBN,2
body,importin,NN,1
body,importunate,JJ,1
body,importuned,VBN,1
body,impose,VB,2
body,imposed,VBN,22
body,imposes,VBZ,4
body,imposing,VBG,2
body,impossible,JJ,31
body,imposter,NN,1
body,impounded,VBN,1
body,impoverished,JJ,2
body,impoverished,VBN,2
body,imppressed,VBN,1
body,impracticable,JJ,5
body,imprecise,JJ,1
body,impress,VB,6
body,impress,VBP,1
body,impressed,JJ,6
body,impression,NN,14
body,impressions,NNS,4
body,impresson,NN,1
body,imprisment,NN,1
body,imprisoned,VBN,7
body,imprisonment,NN,14
body,imprisonments,NNS,1
body,improave,VB,1
body,improbable,JJ,2
body,improper,JJ,14
body,improperly,RB,3
body,improprieties,NNS,1
body,improved,VBN,2
body,improvement,NN,7
body,improvements,NNS,8
body,improving,VBG,3
body,impugn,VB,1
body,impulse,NN,1
body,impulses,NNS,1
body,imputation,NN,1
body,impute,VB,1
body,impute,VBP,1
body,in,IN,5530
body,in,RB,1
body,in,RP,19
body,in,UNK,1
body,in-All,JJ,1
body,inability,NN,3
body,inactive,JJ,1
body,inadequate,JJ,4
body,inadmissible,JJ,1
body,inappropriate,JJ,1
body,inasmuch,NN,5
body,inasmuch,RB,2
body,inattention,NN,1
body,inaugerated,JJ,1
body,inaugeration,NN,2
body,inaugurated,VBD,2
body,inaugurated,VBN,7
body,inaugurating,VBG,3
body,inauguration,NN,7
body,inbehalf,NN,1
body,incalculable,JJ,2
body,incapable,JJ,1
body,incapacitated,VBN,1
body,incapacity,NN,1
body,incarcerated,VBN,1
body,incarceration,NN,1
body,incensed,VBN,1
body,incessantly,RB,1
body,inch,NN,5
body,inches,NNS,3
body,incident,NN,8
body,incidental,JJ,5
body,incidentally,RB,1
body,incidents,NNS,2
body,incindiary,JJ,1
body,inciting,VBG,1
body,incldig,FW,1
body,inclement,JJ,1
body,inclination,NN,2
body,inclinations,NNS,2
body,inclined,JJ,4
body,inclined,VBN,3
body,inclose,VB,4
body,inclose,VBP,3
body,inclosed,JJ,3
body,inclosed,VBN,4
body,inclosing,VBG,3
body,include,VB,4
body,include,VBP,3
body,included,VBD,1
body,included,VBN,9
body,includes,VBZ,3
body,including,VBG,18
body,inclusive,NN,1
body,incoherent,JJ,1
body,income,NN,5
body,incoming,JJ,1
body,incompatible,JJ,5
body,incompetency,NN,2
body,incompetent,JJ,3
body,incomplete,JJ,2
body,incon,NN,1
body,inconsiderable,JJ,1
body,inconsideral,JJ,1
body,inconsistency,NN,2
body,inconsistent,JJ,5
body,inconvenience,NN,5
body,inconvenienced,VBD,1
body,inconveniences,NNS,1
body,incorporated,VBD,1
body,incorporating,VBG,1
body,incorrect,JJ,1
body,increase,NN,17
body,increase,VB,10
body,increased,VBD,3
body,increased,VBN,18
body,increases,VBZ,1
body,increasing,VBG,7
body,incumbent,JJ,3
body,incumbents,NNS,7
body,incur,VB,4
body,incur,VBP,1
body,incurable,JJ,1
body,incurred,VBD,1
body,incurred,VBN,6
body,incurring,VBG,1
body,incursions,NNS,1
body,indebted,JJ,6
body,indebtedness,NN,17
body,indecency,NN,2
body,indecent,JJ,2
body,indeed,RB,17
body,indefensible,JJ,1
body,indefinately,RB,1
body,indefinite,JJ,4
body,indefinitely,RB,1
body,indelibly,RB,1
body,indelicate,JJ,1
body,indemnify,VB,1
body,indemnity,NN,1
body,indentations,NNS,1
body,independant,JJ,1
body,independence,NN,1
body,independent,JJ,7
body,indepently,RB,1
body,indescretions,NNS,1
body,index,NN,2
body,indexed,VBN,2
body,indian,JJ,5
body,indians,NNS,2
body,indicate,VB,7
body,indicate,VBP,8
body,indicated,VBD,8
body,indicated,VBN,7
body,indicates,VBZ,6
body,indicating,VBG,4
body,indication,NN,3
body,indications,NNS,4
body,indicative,JJ,1
body,indict,VB,1
body,indicted,VBN,7
body,indictment,NN,3
body,indifference,NN,4
body,indifferent,JJ,6
body,indignant,JJ,1
body,indignation,NN,1
body,indignity,NN,1
body,indirect,JJ,4
body,indirectly,RB,3
body,indispensable,JJ,1
body,indispensably,RB,1
body,indisposed,VBN,1
body,indisposition,NN,1
body,indisputable,JJ,2
body,individual,JJ,16
body,individual,NN,2
body,individually,RB,1
body,individuals,NNS,7
body,indorse,VB,1
body,indorsed,VBN,1
body,indorsement,NN,6
body,induce,VB,6
body,induce,VBP,3
body,induced,VBD,4
body,induced,VBN,10
body,inducement,NN,3
body,induces,VBZ,2
body,inducing,VBG,3
body,inducting,VBG,1
body,indulgence,NN,4
body,indulgences,NNS,1
body,indulging,VBG,1
body,industrial,JJ,1
body,industrious,JJ,2
body,industry,NN,3
body,ineffaceable,JJ,1
body,ineffaceably,RB,1
body,ineffectual,JJ,1
body,inefficiency,NN,1
body,inefficient,JJ,1
body,inelegible,JJ,1
body,ineligible,JJ,2
body,inelligible,JJ,1
body,inequality,NN,1
body,inerease,NN,1
body,inevitable,JJ,3
body,inexpedient,JJ,8
body,inexperienced,JJ,1
body,infamy,NN,1
body,infant,JJ,1
body,infantry,NN,6
body,infantry,NNP,1
body,infants,NNS,1
body,infer,VB,3
body,infer,VBP,2
body,infered,VBD,1
body,inference,NN,2
body,inferior,JJ,4
body,inferiors,NNS,1
body,inferred,VBD,1
body,inferred,VBN,3
body,infimous,JJ,1
body,infinitely,RB,1
body,infirm,NN,1
body,inflamatory,JJ,1
body,inflaming,VBG,1
body,inflammable,JJ,1
body,inflammatory,JJ,3
body,inflict,VB,2
body,inflicted,VBD,1
body,inflicted,VBN,3
body,inflicting,VBG,3
body,influance,NN,1
body,influence,NN,87
body,influence,VB,6
body,influence,VBP,1
body,influenced,VBD,2
body,influenced,VBN,4
body,influences,NNS,4
body,influences,VBZ,1
body,influential,JJ,11
body,inforlmed,VBN,1
body,inform,VB,79
body,inform,VBP,3
body,informal,JJ,5
body,informalities,NNS,1
body,informally,RB,2
body,information,NN,201
body,informe,VB,2
body,informed,JJ,1
body,informed,VBD,14
body,informed,VBN,77
body,informing,VBG,8
body,informs,VBZ,13
body,infractions,NNS,1
body,infrequent,JJ,1
body,inft,NN,1
body,infty,NN,1
body,infuriated,VBD,1
body,ing,NN,3
body,ing,VBG,2
body,ingeniously,RB,1
body,inglorious,JJ,1
body,ings,NNS,1
body,ington,NN,1
body,inhabitance,NN,1
body,inhabitants,NNS,4
body,inharmonious,JJ,1
body,inherent,JJ,1
body,inherit,VB,1
body,inhumanity,NN,1
body,iniquity,NN,1
body,initial,JJ,1
body,initialed,VBN,18
body,initials,NNS,1
body,initio,NN,1
body,injudicious,JJ,2
body,injunction,NN,2
body,injure,VB,3
body,injured,JJ,1
body,injured,VBN,4
body,injuries,NNS,1
body,injurious,JJ,6
body,injuriously,RB,1
body,injury,NN,9
body,injustice,NN,14
body,inlaw,NN,1
body,inlisted,VBD,2
body,innocence,NN,3
body,innocent,JJ,10
body,inoperative,JJ,4
body,inormous,JJ,1
body,inquire,VB,3
body,inquired,VBD,2
body,inquired,VBN,1
body,inquiring,VBG,2
body,inquiry,NN,21
body,ins,NNS,2
body,insane,JJ,3
body,insanity,NN,2
body,inscribe,VB,1
body,inscribed,VBN,1
body,inscription,NN,2
body,insecure,NN,1
body,inserted,VBN,2
body,inserting,VBG,1
body,insertions,NNS,1
body,inside,IN,3
body,insifficient,JJ,1
body,insignificant,JJ,4
body,insincerity,NN,1
body,insinuate,VB,1
body,insinuations,NNS,1
body,insist,VB,5
body,insist,VBP,1
body,insisted,VBD,4
body,insisted,VBN,1
body,insistence,NN,1
body,insisting,VBG,1
body,insolent,JJ,2
body,insolvent,JJ,1
body,inspect,VB,1
body,inspected,VBN,1
body,inspection,NN,8
body,inspections,NNS,3
body,inspector,NN,11
body,inspectors,NNS,2
body,inspectorships,NNS,2
body,inspects,VBZ,2
body,inspiration,NN,1
body,inspire,VB,2
body,inspired,VBN,3
body,inspiring,JJ,1
body,inspite,NN,1
body,inst,IN,1
body,inst,JJ,2
body,inst,NN,112
body,inst.,NN,24
body,instal,VB,1
body,installation,NN,1
body,installed,VBD,1
body,installed,VBN,7
body,installment,NN,2
body,installments,NNS,4
body,instance,NN,28
body,instances,NNS,8
body,instancing,VBG,1
body,instant,NN,84
body,instantly,RB,7
body,instants,NNS,2
body,instead,RB,35
body,insted,VBD,1
body,instigated,VBN,1
body,instigating,VBG,1
body,instigation,NN,1
body,instincts,NNS,1
body,institute,NN,1
body,institute,VB,4
body,instituted,VBN,6
body,institution,NN,7
body,institutions,NNS,3
body,instreetieńs,NNS,1
body,instruct,VB,9
body,instruct,VBP,2
body,instructed,VBD,2
body,instructed,VBN,30
body,instructing,VBG,3
body,instruction,NN,9
body,instructions,NNS,98
body,instructor,NN,2
body,instrument,NN,2
body,instruments,NNS,1
body,insts,NNS,1
body,insubordinate,JJ,1
body,insubordination,NN,1
body,insufficiency,NN,1
body,insufficient,JJ,4
body,insufficiently,RB,1
body,insult,NN,2
body,insulted,VBN,3
body,insulting,JJ,2
body,insults,NNS,1
body,insults,VBZ,1
body,insur,NN,1
body,insure,VB,5
body,insure,VBP,1
body,insured,VBN,1
body,insurmountable,JJ,1
body,insurrection,NN,5
body,insurrections,NNS,1
body,int,NN,22
body,int,VB,1
body,intact,JJ,1
body,integerety,NN,1
body,integrity,NN,15
body,inteligence,NN,1
body,intellectual,JJ,1
body,intellectually,RB,1
body,intelligence,NN,11
body,intelligent,JJ,15
body,intend,VB,1
body,intend,VBP,9
body,intended,JJ,6
body,intended,VBD,13
body,intended,VBN,31
body,intending,VBG,2
body,intends,VBZ,5
body,intense,JJ,4
body,intensely,RB,1
body,intent,NN,10
body,intention,NN,28
body,intentionally,RB,2
body,intentions,NNS,7
body,intents,NNS,2
body,intercede,VB,2
body,intercept,VB,1
body,interchange,NN,1
body,interchanged,VBD,1
body,interchanged,VBN,1
body,intercourse,NN,9
body,interest,NN,80
body,interest,VB,2
body,interested,JJ,27
body,interesting,JJ,6
body,interests,NNS,71
body,interferance,NN,1
body,interfere,VB,19
body,interfere,VBP,3
body,interfered,VBN,3
body,interferehee,NN,1
body,interference,NN,10
body,interferes,VBZ,2
body,interfering,VBG,1
body,interim,JJ,6
body,interim,NN,42
body,interior,JJ,2
body,interior,NN,1
body,intermediate,JJ,4
body,interment,NN,1
body,interminable,JJ,1
body,internal,JJ,1
body,interpose,NN,1
body,interpose,VB,6
body,interposed,VBN,3
body,interposes,VBZ,1
body,interposition,NN,1
body,interpret,VB,1
body,interpretation,NN,9
body,interpretations,NNS,1
body,interpreted,VBD,1
body,interpreted,VBN,2
body,interprets,VBZ,1
body,interprète,NN,1
body,interrogated,VBN,1
body,interrupt,VB,1
body,interrupted,VBD,1
body,interruption,NN,2
body,interruptions,NNS,1
body,interval,NN,2
body,intervene,VB,1
body,intervening,VBG,1
body,interview,NN,22
body,interviews,NNS,2
body,intimacy,NN,1
body,intimate,JJ,6
body,intimated,VBD,1
body,intimated,VBN,2
body,intimately,RB,3
body,intimating,VBG,2
body,intimation,NN,5
body,intimidate,VB,4
body,intimidated,VBN,2
body,intimidation,NN,2
body,intised,VBN,1
body,intitled,VBN,1
body,into,IN,172
body,intolerable,JJ,1
body,intoxicated,VBN,5
body,intoxicating,JJ,1
body,intoxicating,VBG,1
body,intoxication,NN,2
body,intrinsic,JJ,2
body,introduc,VB,1
body,introduce,VB,13
body,introduce,VBP,1
body,introduced,VBD,1
body,introduced,VBN,4
body,introduces,VBZ,2
body,introducing,VBG,5
body,introduction,NN,15
body,introductions,NNS,2
body,intrude,VB,1
body,intruding,VBG,2
body,intrusion,NN,3
body,intrusted,VBN,1
body,inundated,VBN,1
body,invade,VB,3
body,invalid,JJ,1
body,invalidating,VBG,1
body,invaluable,JJ,1
body,invasion,NN,2
body,invention,NN,2
body,inventions,NNS,4
body,invested,VBN,4
body,investgating,NN,1
body,investgation,NN,1
body,investigate,VB,23
body,investigate,VBP,1
body,investigated,VBD,1
body,investigated,VBN,11
body,investigates,VBZ,8
body,investigating,VBG,1
body,investigation,NN,64
body,investigations,NNS,10
body,investigator,NN,1
body,investment,NN,1
body,investors,NNS,1
body,invidious,JJ,1
body,invitation,NN,10
body,invitations,NNS,1
body,invite,VB,17
body,invite,VBP,1
body,invited,VBD,1
body,invited,VBN,18
body,inviting,VBG,14
body,invoked,VBD,1
body,involve,VB,3
body,involve,VBP,2
body,involved,JJ,1
body,involved,VBD,1
body,involved,VBN,18
body,involvement,NN,2
body,involves,VBZ,2
body,involving,VBG,6
body,ion,NN,2
body,iota,NN,1
body,irevalent,JJ,1
body,iron,NN,13
body,iron-clad,JJ,1
body,irreconcilable,JJ,1
body,irregular,JJ,2
body,irregularities,NNS,3
body,irrespective,RB,1
body,irresponsible,JJ,1
body,irrigable,JJ,1
body,is,VBZ,2274
body,isent,JJ,1
body,island,NN,10
body,isolated,VBN,2
body,issuance,NN,4
body,issue,NN,26
body,issue,VB,34
body,issue,VBP,3
body,issued,VBD,24
body,issued,VBN,111
body,issueing,VBG,3
body,issues,NNS,13
body,issues,VBZ,1
body,issuing,VBG,10
body,it,PRP,1715
body,italic,JJ,1
body,item,NN,7
body,items,NNS,6
body,its,PRP$,298
body,itself,PRP,41
body,itſ,NN,1
body,iv,NN,1
body,jail,NN,3
body,jaring,NN,1
body,jears,NNS,2
body,ject,NN,1
body,jeoparded,VBN,1
body,jeopardised,VBN,1
body,jeopardize,VB,1
body,jeopardized,VBN,1
body,jeopardizing,VBG,1
body,jeopardy,NN,2
body,join,VB,15
body,join,VBP,2
body,joined,VBD,8
body,joined,VBN,3
body,joining,VBG,6
body,joint,JJ,14
body,jointly,RB,1
body,jokeingly,RB,1
body,journalists,NNS,1
body,journals,NNS,1
body,journey,NN,4
body,joy,NN,1
body,judge,NN,28
body,judge,VB,9
body,judge,VBP,2
body,judged,VBN,1
body,judgement,NN,29
body,judges,NNS,7
body,judging,VBG,1
body,judgment,NN,32
body,judgmt,NN,3
body,judicial,JJ,14
body,judiciary,NN,3
body,judicious,JJ,13
body,judiciously,RB,2
body,junction,NN,5
body,juncture,NN,1
body,juniors,NNS,1
body,juries,NNS,5
body,jurisdiction,NN,16
body,jurists,NNS,2
body,jurors,NNS,2
body,jury,NN,7
body,just,JJ,2
body,just,RB,128
body,justice,NN,67
body,justices,NNS,2
body,justification,NN,1
body,justifieable,JJ,1
body,justified,JJ,7
body,justified,VBN,5
body,justifies,VBZ,2
body,justifing,NN,1
body,justify,VB,20
body,justifying,VBG,1
body,justly,RB,13
body,justness,NN,1
body,keen,JJ,1
body,keenly,RB,1
body,keep,VB,29
body,keep,VBP,3
body,keeper,NN,1
body,keeping,VBG,17
body,keeps,VBZ,4
body,kept,VBD,4
body,kept,VBN,26
body,key,NN,1
body,keys,NNS,2
body,kicks,VBZ,1
body,kill,VB,9
body,killed,VBD,7
body,killed,VBN,23
body,killing,NN,9
body,killing,VBG,8
body,kind,JJ,5
body,kind,NN,48
body,kind,RB,14
body,kindest,JJS,8
body,kindley,NN,1
body,kindly,RB,10
body,kindness,NN,20
body,kinds,NNS,4
body,knees,NNS,1
body,knew,VBD,44
body,knewa,NN,1
body,knewing,NN,1
body,knit,VBN,1
body,knock,VB,2
body,knocked,VBD,1
body,knocked,VBN,1
body,know,VB,112
body,know,VBP,91
body,knowing,VBG,26
body,knowingly,RB,1
body,knowledge,NN,47
body,known,JJ,8
body,known,VBN,98
body,knows,VBZ,13
body,kx,UNK,1
body,l,NN,40
body,l.,FW,1
body,l.,NN,2
body,l.,NNP,8
body,l6m,NN,1
body,labeled,VBN,1
body,labor,NN,22
body,labored,VBD,1
body,labored,VBN,1
body,laborer,NN,4
body,laborers,NNS,7
body,laboring,VBG,5
body,laborious,JJ,2
body,laboriously,RB,1
body,laboror,NN,1
body,labors,NNS,9
body,labour,NN,1
body,labours,NNS,1
body,lace,NN,1
body,lack,NN,6
body,lacking,VBG,1
body,lacks,VBZ,1
body,ladies,NNS,8
body,lads,NNS,1
body,lady,NN,11
body,ladyhood,NN,1
body,laid,VBD,3
body,laid,VBN,19
body,lain,VBN,1
body,lake,NN,1
body,lamentable,JJ,4
body,lamentably,RB,1
body,lamented,VBN,1
body,lamp,NN,1
body,land,NN,55
body,land,VB,2
body,landing,NN,1
body,landlords,NNS,1
body,landmarks,NNS,1
body,lands,NNS,16
body,language,NN,14
body,languages,NNS,1
body,large,JJ,109
body,largely,RB,13
body,larger,JJR,6
body,largest,JJS,3
body,lariat,NN,1
body,lashed,VBN,1
body,last,JJ,229
body,last,RB,3
body,last,VB,4
body,"last,-in",JJ,1
body,lasted,VBD,1
body,lasting,JJ,2
body,lasts,VBZ,2
body,late,JJ,136
body,late,RB,18
body,lately,RB,22
body,later,JJ,3
body,later,RB,7
body,later,RBR,1
body,latest,JJS,1
body,latitude,NN,3
body,latter,JJ,40
body,laughed,VBD,1
body,laughingly,RB,1
body,laundress,NN,1
body,laundresses,NNS,1
body,lavished,VBN,1
body,law,NN,237
body,lawful,JJ,5
body,lawless,JJ,6
body,lawlessness,NN,1
body,lawmakers,NNS,1
body,lawmaking,JJ,1
body,laws,NNS,89
body,laws.-If,NN,1
body,lawsuit,NN,1
body,lawyer,NN,4
body,lawyer-politician,NN,1
body,lawyers,NNS,3
body,lay,JJ,1
body,lay,VB,15
body,lay,VBD,3
body,lay,VBN,1
body,layed,VBD,1
body,laying,VBG,4
body,lays,VBZ,3
body,lead,NN,2
body,lead,VB,10
body,lead,VBP,1
body,leader,NN,2
body,leaders,NNS,3
body,leading,VBG,16
body,leads,VBZ,2
body,leagues,NNS,3
body,leaky,JJ,2
body,leand,VB,1
body,learn,VB,26
body,learn,VBP,7
body,learned,VBD,10
body,learned,VBN,8
body,learning,NN,1
body,learning,VBG,4
body,learnt,VBN,1
body,lease,NN,5
body,lease,VB,1
body,leased,VBN,4
body,leases,NNS,1
body,least,JJS,72
body,leave,NN,38
body,leave,VB,79
body,leave,VBP,26
body,leaves,VBZ,10
body,leaving,VBG,38
body,lectures,VBZ,1
body,led,VBD,12
body,led,VBN,10
body,left,JJ,1
body,left,NN,3
body,left,RB,1
body,left,VBD,58
body,left,VBN,48
body,lefull,NN,1
body,leg,NN,3
body,legal,JJ,39
body,legality,NN,8
body,legally,RB,8
body,legation,NN,3
body,legislate,VB,2
body,legislated,VBN,3
body,legislating,NN,3
body,legislation,NN,22
body,legislative,JJ,6
body,legislator,NN,1
body,legislators,NNS,1
body,legislature,NN,24
body,legislatures,NNS,6
body,legitimate,JJ,6
body,legitimately,RB,2
body,legs,NNS,2
body,leisure,NN,3
body,lend,VB,5
body,lend,VBP,1
body,lending,VBG,2
body,leng,NN,1
body,length,NN,18
body,lengthy,JJ,9
body,leniency,NN,2
body,lenient,JJ,2
body,lent,VBD,1
body,less,JJR,31
body,less,RBR,9
body,lessee,NN,3
body,lessened,VBD,1
body,lessening,VBG,1
body,lesson,NN,1
body,lest,IN,5
body,lesure,NN,1
body,let,VB,38
body,let,VBD,2
body,leting,VBG,1
body,lette,NN,1
body,letter,NN,1133
body,letterbooks,NNS,1
body,letters,NNS,108
body,letterto,NN,1
body,letting,VBG,2
body,levees,NNS,6
body,level,NN,2
body,lever,NN,1
body,levied,VBD,1
body,levied,VBN,5
body,levies,NNS,1
body,leving,VBG,1
body,levy,NN,1
body,levy,VB,6
body,levying,VBG,2
body,levys,NNS,2
body,liabilaties,NNS,1
body,liabilities,NNS,5
body,liability,NN,5
body,liable,JJ,7
body,liar,NN,1
body,libel,NN,1
body,liberal,JJ,9
body,liberality,NN,1
body,liberally,RB,1
body,liberate,VB,1
body,liberty,NN,47
body,libitum,NN,1
body,library,NN,4
body,license,NN,3
body,licensed,JJ,1
body,lids,NNS,1
body,lie,NN,1
body,lie,VB,1
body,lieing,NN,1
body,lien,NN,8
body,lies,VBZ,2
body,lieu,NN,5
body,lieutenant,NN,2
body,lieutenants,NNS,1
body,life,NN,72
body,lifelong,JJ,1
body,lift,VBP,1
body,lifting,VBG,2
body,light,JJ,6
body,light,NN,12
body,lighten,VB,2
body,like,IN,37
body,like,JJ,4
body,like,VB,39
body,like,VBP,3
body,likely,JJ,23
body,likely,RB,5
body,likenees,NNS,1
body,likewise,RB,5
body,limatation,NN,1
body,limbs,NNS,2
body,limit,NN,3
body,limit,VB,2
body,limit,VBP,1
body,limitation,NN,1
body,limitations,NNS,1
body,limited,JJ,7
body,limited,VBN,12
body,limiting,VBG,3
body,limitless,JJ,1
body,limits,NNS,9
body,line,NN,41
body,lineal,JJ,1
body,lineal,NN,1
body,lines,NNS,23
body,linger,VB,1
body,lingered,VBD,1
body,lingered,VBN,1
body,lion,NN,1
body,liquidated,VBN,1
body,liquidation,NN,2
body,liquor,NN,17
body,liquors,NNS,2
body,liquour,NN,1
body,list,NN,32
body,listen,VB,2
body,lists,NNS,13
body,lists.-LS,NN,2
body,literally,RB,2
body,literary,JJ,2
body,litter,NN,1
body,little,JJ,63
body,little,RB,15
body,live,JJ,1
body,live,VB,10
body,live,VBP,9
body,lived,VBD,8
body,lived,VBN,4
body,liveing,VBG,3
body,livelihood,NN,3
body,lively,JJ,2
body,lives,NNS,7
body,lives,VBZ,3
body,living,NN,9
body,living,VBG,11
body,ll,NN,5
body,lll-27,NN,1
body,llln,NN,1
body,lln,NN,3
body,lm,NN,2
body,ln,NN,2
body,load,NN,2
body,load,VB,1
body,loaded,JJ,2
body,loaded,VBN,1
body,loading,VBG,2
body,loan,NN,10
body,loan,VB,2
body,loaned,VBD,1
body,loaned,VBN,1
body,loans,NNS,2
body,local,JJ,12
body,localities,NNS,7
body,locality,NN,1
body,locate,VB,3
body,located,JJ,3
body,located,VBN,3
body,locating,VBG,3
body,location,NN,5
body,locations,NNS,1
body,lock,VB,1
body,locomotive,NN,1
body,lodgings,NNS,1
body,logic,NN,1
body,logs,NNS,1
body,lonely,JJ,2
body,long,JJ,43
body,long,RB,43
body,longed,VBD,1
body,longer,JJR,8
body,longer,RB,16
body,longer,RBR,5
body,longest,JJS,1
body,longing,NN,1
body,look,VB,21
body,look,VBP,5
body,looked,VBD,5
body,looked,VBN,6
body,looker-on,NN,1
body,looking,VBG,14
body,lookout,NN,1
body,looks,VBZ,5
body,loomed,VBD,1
body,loose,VBP,2
body,looses,VBZ,1
body,loosness,NN,1
body,los,UNK,1
body,lose,VB,9
body,loses,VBZ,3
body,losing,VBG,1
body,loss,NN,40
body,losses,NNS,16
body,lost,VBD,12
body,lost,VBN,23
body,lot,NN,3
body,lots,NNS,2
body,loudly,RB,3
body,lounge,NN,1
body,love,NN,10
body,love,VBP,5
body,loved,VBD,1
body,lovers,NNS,1
body,low,JJ,5
body,lower,JJR,4
body,lowered,VBD,1
body,lowest,JJS,4
body,loyal,JJ,49
body,loyalist,VBP,1
body,loyalists,NNS,3
body,loyally,RB,4
body,loyalty,NN,17
body,lst,NN,1
body,lt.,NN,3
body,lucid,JJ,1
body,lucrative,JJ,2
body,lull,NN,1
body,lure,VB,1
body,luxuriant,JJ,1
body,lying,VBG,6
body,lynching,NN,1
body,m,NN,82
body,m.,NN,3
body,m.,NNP,47
body,machine,NN,2
body,machinery,NN,4
body,mad,JJ,1
body,made,VBD,96
body,made,VBN,408
body,madey,NN,1
body,maen,NNS,1
body,magnanimity,NN,1
body,magnificent,JJ,1
body,magnify,VB,1
body,magnitude,NN,1
body,maid,NN,1
body,mail,NN,78
body,mailed,VBD,3
body,mailed,VBN,2
body,mails,NNS,2
body,main,JJ,13
body,mainland,NN,1
body,mainly,RB,3
body,maintain,VB,11
body,maintained,VBN,5
body,maintainence,NN,1
body,maintaining,VBG,3
body,maintains,VBZ,2
body,maintaiſn,NN,1
body,maintenance,NN,3
body,maj.,NN,1
body,major,JJ,2
body,majorities,NNS,3
body,majority,NN,57
body,make,VB,199
body,make,VBP,31
body,makes,VBZ,31
body,making,VBG,75
body,malcontents,NNS,1
body,male,JJ,4
body,males,NNS,1
body,malevolence,NN,1
body,malfeasance,NN,3
body,malfeisance,NN,1
body,malice,NN,5
body,malicious,JJ,11
body,maliciously,RB,1
body,malignant,JJ,1
body,maligned,VBN,1
body,man,NN,180
body,manage,VB,2
body,managed,VBD,2
body,managed,VBN,2
body,management,NN,3
body,manager,NN,5
body,managers,NNS,12
body,manages,VBZ,3
body,managing,VBG,2
body,mandarins,NNS,1
body,mands,NNS,1
body,maner,NN,1
body,maneuver,NN,1
body,maneuvering,NN,1
body,manfully,RB,1
body,manifest,JJ,8
body,manifest,VB,2
body,manifested,VBD,1
body,manifested,VBN,2
body,manifestly,RB,3
body,manifesto,NN,1
body,manipulated,VBD,1
body,manipulation,NN,1
body,manipulations,NNS,1
body,mankind,NN,1
body,manly,JJ,1
body,manly,RB,1
body,manned,VBN,1
body,manner,NN,52
body,manners,NNS,2
body,mans,NN,1
body,mans,NNS,2
body,mansion,NN,1
body,manslaughter,NN,1
body,mantel-piece,NN,1
body,manual,JJ,1
body,manufacture,NN,2
body,manufactured,VBN,2
body,manuscript,NN,2
body,manuscripts,NNS,1
body,many,JJ,158
body,map,NN,3
body,maps,NNS,2
body,maracilous,JJ,1
body,marauders,NNS,1
body,march,NN,14
body,march,VB,5
body,marched,VBD,1
body,marches,NNS,1
body,marching,VBG,6
body,mare,NN,5
body,mares,NNS,6
body,marginal,JJ,1
body,marine,JJ,3
body,mark,NN,1
body,marked,JJ,14
body,marked,VBD,8
body,marked,VBN,11
body,market,NN,3
body,marketable,JJ,1
body,markets,NNS,1
body,marking,VBG,2
body,marks,NNS,2
body,marraige,NN,1
body,married,VBN,5
body,mars,NNS,1
body,marshal,NN,1
body,martial,JJ,2
body,martial,NN,1
body,martyrdom,NN,2
body,mason,NN,2
body,masonic,JJ,1
body,mass,NN,8
body,massacre,NN,4
body,massacres,NNS,1
body,masse,FW,1
body,masse,NN,1
body,masses,NNS,1
body,master,JJ,1
body,master,NN,6
body,master,VB,1
body,masters,NNS,3
body,mate,NN,2
body,material,NN,32
body,materially,RB,16
body,materials,NNS,5
body,materiel,NN,2
body,matter,NN,239
body,matters,NNS,45
body,mature,JJ,4
body,maturing,VBG,1
body,maximum,JJ,1
body,maximum,NN,1
body,may,MD,546
body,mayor,NN,3
body,mayoralty,NN,2
body,me,PRP,1111
body,meal,NN,4
body,mean,JJ,9
body,mean,NN,1
body,mean,VB,2
body,mean,VBP,4
body,meaning,NN,6
body,means,NN,3
body,means,NNS,79
body,means,VBZ,6
body,meantime,NN,7
body,meanwhile,RB,2
body,measure,NN,21
body,measures,NNS,39
body,meat,NN,2
body,meats,NNS,1
body,medal,NN,1
body,meddlers,NNS,1
body,meddling,VBG,1
body,mediator,NN,1
body,medical,JJ,9
body,medicine,NN,3
body,meditated,VBD,1
body,meet,VB,62
body,meet,VBP,3
body,meeted,VBN,1
body,meeting,NN,58
body,meeting,VBG,4
body,meetings,NNS,5
body,meets,VBZ,6
body,melee,NN,1
body,mem,NN,1
body,member,NN,38
body,members,NNS,99
body,memento,NN,1
body,memorable,JJ,3
body,memoralist,NN,2
body,memoranda,NNS,1
body,memorandum,NN,6
body,memorandums,NNS,1
body,memorial,NN,6
body,memorials,NNS,2
body,memory,NN,7
body,men,NNS,288
body,menace,NN,1
body,mendation,NN,1
body,mended,VBN,1
body,mending,VBG,1
body,menial,JJ,1
body,ment,NN,2
body,mental,JJ,3
body,mentally,RB,2
body,mention,NN,1
body,mention,VB,5
body,mention,VBP,5
body,mentioned,VBD,9
body,mentioned,VBN,89
body,mentioning,VBG,1
body,mentions,VBZ,3
body,mercantile,JJ,1
body,mercantile,NN,1
body,merchandise,NN,2
body,merchant,NN,3
body,mercy,NN,6
body,mere,JJ,16
body,merely,RB,12
body,meridian,NN,1
body,merit,NN,10
body,merit,VB,1
body,merited,JJ,1
body,merited,VBN,1
body,meriting,VBG,1
body,meritorious,JJ,18
body,merits,NNS,25
body,merning,NN,1
body,message,NN,10
body,messages,NNS,4
body,messenger,NN,5
body,messengers,NNS,1
body,messing,VBG,1
body,messmate,NN,1
body,met,VBD,21
body,met,VBN,7
body,meted,VBN,1
body,method,NN,7
body,methods,NNS,1
body,mexican,JJ,2
body,mexicans,NNS,1
body,miasmatic,JJ,1
body,middle,JJ,1
body,middle,NN,5
body,middling,JJ,1
body,midnight,NN,2
body,midst,NN,7
body,migh,NN,1
body,might,MD,92
body,mightiest,JJS,1
body,mil,NN,3
body,milder,JJ,1
body,mildest,JJS,1
body,mildly,RB,1
body,mile,NN,13
body,miles,NNS,42
body,milion,CD,1
body,milion,NN,1
body,military,JJ,229
body,military,NN,2
body,militay,NNP,1
body,militia,NN,15
body,milk,NN,2
body,million,CD,7
body,millions,NNS,9
body,milty,NN,1
body,mily,RB,2
body,mind,NN,28
body,minded,VBN,2
body,mindful,JJ,1
body,minds,NNS,3
body,minds-eye,NN,1
body,mine,JJ,1
body,mine,NN,18
body,mine,PRP,3
body,minerology,NN,1
body,miners,NNS,3
body,mines,NNS,9
body,mingle,VBP,1
body,minimum,JJ,2
body,minimum,NN,1
body,mining,NN,1
body,minister,NN,17
body,ministering,VBG,2
body,ministers,NNS,1
body,minor,JJ,1
body,minority,NN,4
body,minors,NNS,2
body,minute,NN,2
body,minutes,NNS,4
body,mis-led,VBN,1
body,misaddressed,VBN,2
body,misapplying,VBG,1
body,misapprehend,VBN,1
body,misapprehends,VBZ,1
body,misapprehension,NN,4
body,misapprehensions,NNS,2
body,miscellaneous,JJ,1
body,misconception,NN,1
body,misconceptions,NNS,1
body,misconduct,NN,3
body,misconstruction,NN,1
body,misconstrue,VB,1
body,misconstrued,VBN,2
body,misdated,VBN,15
body,misdeeds,NNS,2
body,misdemeanors,NNS,2
body,miserable,JJ,2
body,miserably,RB,1
body,miseries,NNS,1
body,misfortune,NN,8
body,misfortunes,NNS,2
body,misgivings,NNS,2
body,mislaid,VBN,1
body,mislead,VB,1
body,misled,VBN,1
body,misnomer,NN,1
body,misrepresent,VB,1
body,misrepresentations,NNS,9
body,miss,VB,2
body,missed,VBD,1
body,missiles,NNS,1
body,missing,VBG,5
body,mission,NN,5
body,mistake,NN,12
body,mistaken,JJ,4
body,mistakes,NNS,3
body,mistook,VBD,1
body,mistresses,NNS,1
body,mistrustful,JJ,1
body,misunderstanding,NN,4
body,misunderstood,VBN,1
body,mitigate,VB,1
body,mitigating,JJ,2
body,mitigation,NN,2
body,mitted,VBN,1
body,mixed,JJ,3
body,mixed,VBN,1
body,mjr,NN,1
body,mode,NN,19
body,model,NN,4
body,modelling,NN,1
body,models,NNS,1
body,moderate,JJ,7
body,moderation,NN,4
body,modern,JJ,2
body,modest,JJ,1
body,modification,NN,5
body,modifications,NNS,2
body,modified,VBN,7
body,modify,VB,4
body,modifying,VBG,1
body,molest,VB,1
body,molestation,NN,2
body,molested,VBN,2
body,moment,NN,45
body,momentary,JJ,1
body,momentous,JJ,1
body,moments,NNS,3
body,momt,NN,1
body,monday,NNP,5
body,monetary,JJ,1
body,money,NN,110
body,moneys,NNS,5
body,monies,NNS,1
body,monstrous,JJ,1
body,month,NN,46
body,monthly,JJ,5
body,monthly,RB,1
body,months,NNS,66
body,months.-I,NN,1
body,mony,NN,1
body,mooted,VBN,1
body,moral,JJ,14
body,morale,NN,1
body,morally,RB,1
body,morals,NNS,1
body,more,JJR,144
body,more,RBR,112
body,moreover,RB,4
body,morng,NN,1
body,morning,NN,60
body,mornings,NNS,1
body,morrow,NN,1
body,mortal,JJ,2
body,mortally,RB,4
body,mortgage,NN,1
body,mortgaged,VBN,1
body,mortgaging,VBG,1
body,mortification,NN,1
body,mortified,JJ,1
body,mortifyin,NN,1
body,mortifying,JJ,2
body,most,JJS,32
body,most,RBS,175
body,mostly,RB,4
body,mother,NN,26
body,mother-in-law,NN,1
body,motherly,JJ,1
body,mothers,NNS,1
body,motion,NN,13
body,motions,NNS,1
body,motive,NN,7
body,motives,NNS,14
body,mount,VB,1
body,mountains,NNS,6
body,mounted,VBD,3
body,mounted,VBN,1
body,mounting,VBG,2
body,mountings,NNS,1
body,mourn,VB,1
body,mourned,VBN,2
body,mouth,NN,5
body,move,NN,1
body,move,VB,11
body,move,VBP,1
body,moved,VBD,5
body,moved,VBN,5
body,movement,NN,15
body,movements,NNS,9
body,moving,VBG,5
body,mowing,VBG,1
body,much,JJ,124
body,much,RB,66
body,muddy,JJ,1
body,mueh,NN,1
body,mule,NN,1
body,mules,NNS,18
body,multiplying,VBG,1
body,multitude,NN,1
body,municipal,JJ,23
body,municipalities,NNS,1
body,municipals,NNS,1
body,murder,NN,35
body,murdered,VBN,7
body,murderer,NN,3
body,murderers,NNS,8
body,murdering,VBG,4
body,murders,NNS,8
body,museum,NN,3
body,music,NN,1
body,musicians,NNS,1
body,musket,NN,1
body,musketry,NN,2
body,muskets,NNS,5
body,must,MD,137
body,musted,VBN,1
body,muster,NN,7
body,muster-out,NN,2
body,mustered,VBD,2
body,mustered,VBN,25
body,mustering,VBG,4
body,musterout,NN,1
body,mutilated,VBN,1
body,mutilating,VBG,1
body,mutinous,JJ,1
body,mutiny,NN,14
body,mutual,JJ,4
body,my,PRP$,1325
body,myself,PRP,131
body,myself.-Of,JJ,1
body,n,NN,185
body,n,UNK,19
body,n't,RB,14
body,n.,NN,5
body,n.,NNP,2
body,n.d.,NN,1
body,n.º,UNK,1
body,nae,UNK,1
body,nails,NNS,1
body,naked,JJ,2
body,name,NN,80
body,name,VB,4
body,named,VBD,3
body,named,VBN,62
body,namely,RB,7
body,names,NNS,30
body,narration,NN,2
body,narrative,NN,3
body,nation,NN,13
body,national,JJ,15
body,nations,NNS,3
body,native,JJ,6
body,native,NN,1
body,natives,NNS,2
body,natural,JJ,8
body,naturalist,NN,1
body,naturally,RB,7
body,nature,NN,22
body,naval,JJ,3
body,navigation,NN,1
body,navy,NN,8
body,nd,NN,1
body,nd,RB,1
body,nead,VBD,2
body,near,IN,58
body,near,JJ,2
body,near,RB,2
body,nearer,IN,6
body,nearest,JJS,1
body,nearly,RB,48
body,neather,NN,1
body,neatly,RB,1
body,neaver,VB,1
body,necasary,JJ,1
body,neccessary,JJ,1
body,neccessity,NN,1
body,necessaries,NNS,5
body,necessarily,RB,11
body,necessary,JJ,185
body,necessay,JJ,1
body,necessitate,VB,1
body,necessitated,VBN,1
body,necessitates,VBZ,1
body,necessities,NNS,11
body,necessity,NN,55
body,neck,NN,2
body,need,MD,7
body,need,NN,9
body,need,VB,7
body,need,VBP,20
body,needed,VBN,26
body,needing,VBG,1
body,needle,NN,1
body,needle-gun,JJ,1
body,needless,JJ,2
body,needless,NN,1
body,needs,VBZ,2
body,needy,JJ,1
body,neeessary,JJ,1
body,nefarious,JJ,1
body,neglect,NN,9
body,neglected,VBD,5
body,neglected,VBN,4
body,neglecting,VBG,2
body,negociate,VB,2
body,negociated,VBN,1
body,negociating,VBG,2
body,negotiate,VB,3
body,negotiated,VBN,1
body,negotiations,NNS,3
body,negro,FW,1
body,negro,NN,18
body,negro-teacher,NN,1
body,negroes,NNS,17
body,neighbor,NN,1
body,neighborhood,NN,3
body,neighboring,VBG,1
body,neighbors,NNS,2
body,neighbourhood,NN,2
body,neither,CC,9
body,neither,DT,6
body,nephew,NN,2
body,nervously,RB,1
body,nessessary,JJ,1
body,net,JJ,5
body,netiee,NN,1
body,netiee,VBP,1
body,netify,VB,1
body,nett,NN,2
body,neutral,JJ,1
body,never,RB,113
body,nevertheless,RB,4
body,neverthelesss,NN,1
body,new,JJ,108
body,newly,RB,8
body,news,NN,7
body,news.-I,NN,1
body,newspaper,NN,35
body,newspapers,NNS,19
body,next,IN,14
body,next,JJ,88
body,next,RB,7
body,nice,JJ,3
body,niggars,NNS,1
body,nigger,NN,1
body,nigh,JJ,1
body,night,NN,51
body,nightly,JJ,1
body,nights,NNS,1
body,nine,CD,25
body,nine-tenths,NNS,1
body,nineteen,CD,1
body,nineteenth,JJ,2
body,nineteenth,NN,3
body,ninety,CD,7
body,ninteenth,JJ,1
body,ninth,JJ,3
body,nity,NN,2
body,nl,UNK,1
body,no,DT,589
body,no,RB,20
body,no-6154.,NN,1
body,no.,NN,9
body,no.,NNP,1
body,no.,RB,1
body,noble,JJ,5
body,nobleness,NN,1
body,nobly,RB,1
body,nobody,NN,1
body,noise,NN,1
body,noisy,JJ,1
body,nominal,JJ,2
body,nominate,VB,5
body,nominated,VBD,2
body,nominated,VBN,17
body,nominates,VBZ,2
body,nominating,JJ,2
body,nomination,NN,55
body,nominations,NNS,1
body,nominee,NN,2
body,nominees,NNS,6
body,non,JJ,5
body,non-acceptance,NN,1
body,non-commissioned,JJ,1
body,non-concurrence,JJ,1
body,non-concurrence,NN,1
body,non-payment,NN,1
body,non-registered,JJ,1
body,nonappropriation,NN,1
body,none,NN,29
body,nonextension,NN,1
body,nonholding,NN,1
body,noon,NN,14
body,noone,NN,1
body,nor,CC,59
body,normal,JJ,1
body,north,NN,6
body,north,RB,5
body,north-western,JJ,1
body,northern,JJ,1
body,northwest,RB,1
body,nos,VBZ,1
body,nose-bags,NNS,1
body,not,RB,1730
body,notable,JJ,1
body,note,NN,83
body,noted,VBD,4
body,noted,VBN,3
body,notes,NNS,7
body,nothing,NN,89
body,notice,NN,42
body,notice,VB,10
body,notice,VBP,3
body,noticed,VBD,1
body,noticed,VBN,3
body,notices,NNS,2
body,notification,NN,9
body,notified,VBD,6
body,notified,VBN,16
body,notify,VB,12
body,notify,VBP,2
body,notifying,VBG,1
body,notoriety,NN,1
body,notorious,JJ,3
body,notoriously,RB,1
body,notwithstanding,IN,13
body,novelty,NN,1
body,novo,FW,1
body,now,RB,500
body,now-a-days,NNS,1
body,nowhere,RB,1
body,nows,NNS,1
body,noſr,NN,1
body,nucleus,NN,2
body,nuisance,NN,2
body,null,JJ,2
body,nullify,VB,1
body,nullify,VBP,1
body,number,NN,135
body,numbered,VBD,4
body,numbered,VBN,4
body,numbering,NN,3
body,numbers,NNS,9
body,numerals,NNS,1
body,numerous,JJ,10
body,numerously,RB,2
body,nurse,NN,2
body,nſ,UNK,1
body,n→,UNK,1
body,o,NN,5
body,o,UNK,5
body,o'clk,VBP,1
body,o'clock,RB,17
body,oak,NN,1
body,oaks,NNS,1
body,oath,NN,85
body,oath.-When,NN,1
body,oaths,NNS,2
body,oats,NNS,2
body,obdt,NN,1
body,obe,NN,1
body,obed,JJ,3
body,obed,NN,1
body,obedience,NN,18
body,obedient,JJ,16
body,obedt,NN,4
body,obey,VB,16
body,obey,VBP,1
body,obeyed,VBD,2
body,obeyed,VBN,7
body,obeying,VBG,1
body,obeys,VBZ,1
body,object,NN,44
body,object,VB,7
body,objected,VBD,1
body,objected,VBN,1
body,objection,NN,31
body,objectionable,JJ,10
body,objections,NNS,14
body,objective,NN,2
body,objects,NNS,11
body,obligation,NN,10
body,obligations,NNS,15
body,oblige,VB,9
body,obliged,JJ,1
body,obliged,VBN,11
body,obnoxious,JJ,6
body,observation,NN,3
body,observations,NNS,2
body,observe,VB,7
body,observe,VBP,2
body,observed,VBD,1
body,observed,VBN,8
body,observer,NN,1
body,observers,NNS,1
body,observes,VBZ,1
body,obstacle,NN,6
body,obstacles,NNS,2
body,obsticle,NN,1
body,obstracism,NN,1
body,obstruct,VB,5
body,obstruct,VBP,1
body,obstructed,VBD,1
body,obstructed,VBN,3
body,obstruction,NN,4
body,obstructions,NNS,3
body,obt,NN,27
body,obtain,VB,48
body,obtaind,VBD,1
body,obtained,VBD,4
body,obtained,VBN,30
body,obtaining,VBG,9
body,obtains,NNS,1
body,obtrude,VB,1
body,obviate,VB,2
body,obviated,VBN,1
body,obvious,JJ,5
body,occasion,NN,33
body,occasionally,RB,1
body,occasionaly,RB,1
body,occasioned,VBN,7
body,occasioning,VBG,1
body,occasions,NNS,10
body,occupancy,NN,4
body,occupants,NNS,1
body,occupation,NN,14
body,occupations,NNS,1
body,occupied,VBD,7
body,occupied,VBN,31
body,occupies,VBZ,1
body,occupy,VB,6
body,occupy,VBP,2
body,occupying,VBG,3
body,occur,VB,6
body,occur,VBP,2
body,occuring,VBG,1
body,occurred,VBD,19
body,occurred,VBN,13
body,occurrence,NN,7
body,occurrences,NNS,4
body,occurring,VBG,1
body,occurs,VBZ,7
body,ocean,NN,1
body,oclock,NN,2
body,oct,NN,1
body,odd,JJ,1
body,odious,JJ,1
body,of,IN,14391
body,of-the,JJ,1
body,off,IN,8
body,off,JJ,1
body,off,RB,6
body,off,RP,42
body,offence,NN,31
body,offences,NNS,9
body,offended,VBN,1
body,offender,NN,1
body,offenders,NNS,3
body,offending,VBG,1
body,offense,NN,3
body,offenses,NNS,1
body,offensive,JJ,3
body,offensively,RB,1
body,offer,NN,6
body,offer,VB,9
body,offer,VBP,1
body,offered,VBD,12
body,offered,VBN,14
body,offering,VBG,3
body,offers,NNS,2
body,offers,VBZ,1
body,office,NN,392
body,office-holders,NNS,2
body,officeholders,NNS,1
body,officer,NN,277
body,officered,VBN,1
body,officers,NNS,382
body,officers.-Is,NNS,1
body,offices,NNS,63
body,official,JJ,84
body,official,NN,14
body,officially,RB,8
body,officials,NNS,14
body,offlicer,NN,1
body,offset,VBN,4
body,often,RB,17
body,oftener,NN,1
body,oh,UH,1
body,ola,FW,1
body,old,JJ,71
body,oldest,JJS,6
body,omission,NN,2
body,omissions,NNS,1
body,omit,VB,1
body,omitted,VBD,3
body,omitted,VBN,3
body,omitting,VBG,2
body,on,IN,1749
body,on,RP,15
body,once,RB,95
body,one,CD,519
body,one,NN,27
body,one,PRP,3
body,one-half,NN,1
body,oneness,NN,1
body,onerous,JJ,1
body,ones,NNS,8
body,onesided,JJ,1
body,ong,JJ,1
body,only,JJ,73
body,only,RB,214
body,onward,RB,2
body,oow,UNK,1
body,open,JJ,22
body,open,VB,6
body,open,VBP,1
body,opened,VBD,4
body,opened,VBN,9
body,opening,NN,4
body,opening,VBG,1
body,openly,RB,10
body,opens,VBZ,1
body,operate,VB,2
body,operate,VBP,1
body,operated,VBD,2
body,operates,VBZ,2
body,operating,NN,1
body,operating,VBG,1
body,operation,NN,12
body,operations,NNS,17
body,operative,JJ,1
body,operative,NN,1
body,operator,NN,3
body,opinion,NN,149
body,opinions,NNS,25
body,opinn,NN,1
body,opon,NN,1
body,opon,VB,1
body,oposition,NN,1
body,opponent,NN,9
body,opponents,NNS,5
body,opportetunity,NN,1
body,opportunities,NNS,3
body,opportunity,NN,38
body,oppose,VB,5
body,opposed,VBD,2
body,opposed,VBN,12
body,opposers,NNS,2
body,opposes,VBZ,2
body,opposing,VBG,1
body,opposite,JJ,3
body,opposite,NN,1
body,opposition,NN,21
body,oppressed,VBN,1
body,oppression,NN,3
body,opprission,NN,1
body,or,CC,960
body,orally,RB,2
body,ord,NN,1
body,ordained,VBD,1
body,order,NN,541
body,order,VB,47
body,order,VBP,3
body,orderd,VBD,1
body,orderd,VBN,2
body,ordered,VBD,32
body,ordered,VBN,109
body,ordering,VBG,17
body,orderlies,NNS,2
body,orderly,JJ,10
body,orders,NNS,216
body,orders,VBZ,1
body,ordes,NNS,3
body,ordinance,NN,19
body,ordinances,NNS,11
body,ordinary,JJ,10
body,ordnance,NN,20
body,ordr,NN,1
body,organ,NN,1
body,organic,JJ,2
body,organisation,NN,2
body,organisations,NNS,1
body,organise,VB,1
body,organised,VBD,1
body,organised,VBN,4
body,organization,NN,37
body,organizations,NNS,17
body,organize,VB,11
body,organize,VBP,1
body,organized,VBD,1
body,organized,VBN,14
body,organizing,VBG,8
body,origin,NN,3
body,original,JJ,47
body,original,NN,3
body,originally,RB,11
body,originals,NNS,3
body,originated,VBD,2
body,originated,VBN,1
body,originated,VBP,2
body,originating,VBG,2
body,ornament,NN,1
body,ornamented,JJ,1
body,orphan,JJ,1
body,orphan,NN,3
body,orphaned,VBN,1
body,orphans,NNS,3
body,orthority,NN,1
body,osage,NN,2
body,ostensibly,RB,1
body,ostracised,VBN,1
body,other,JJ,340
body,others,NNS,79
body,otherwise,RB,40
body,ou,NN,1
body,ou,UNK,2
body,ought,MD,51
body,our,PRP$,347
body,ours,JJ,1
body,ours,PRP,1
body,ourselves,PRP,5
body,oust,VB,1
body,ousted,VBN,1
body,out,IN,116
body,out,RB,15
body,out,RP,167
body,outRigt,NNP,1
body,outbreak,NN,4
body,outbreaks,NNS,2
body,outfit,NN,1
body,outgrowth,NN,1
body,outlay,NN,2
body,outlet,NN,1
body,outnumber,NN,1
body,outpost,NN,1
body,outragae,JJ,1
body,outrage,NN,7
body,outrageous,JJ,4
body,outrages,NNS,6
body,outsid,NN,1
body,outside,IN,3
body,outside,JJ,1
body,outskirts,NNS,1
body,outspreading,VBG,1
body,outstanding,JJ,3
body,outward,JJ,1
body,outweigh,VB,1
body,ovation,NN,1
body,over,IN,106
body,over,RB,2
body,over,RP,31
body,over-cautious,JJ,1
body,overburdened,JJ,1
body,overcame,VBD,1
body,overcast,JJ,1
body,overcome,VB,5
body,overcome,VBN,2
body,overflow,NN,1
body,overflows,NNS,1
body,overide,VBP,1
body,overland,NN,2
body,overlooked,VBN,4
body,overmastering,VBG,1
body,overruled,VBD,1
body,overruled,VBN,2
body,oversight,NN,1
body,overtake,VB,1
body,overtaken,VBN,1
body,overthrow,VB,5
body,overthrown,VBN,1
body,overtly,RB,1
body,overtook,VBD,2
body,overun,VBN,1
body,overwhelming,JJ,2
body,overwritten,JJ,1
body,ovº,UNK,1
body,owe,VB,1
body,owe,VBP,5
body,owes,VBZ,1
body,owing,NN,2
body,owing,VBG,15
body,own,JJ,124
body,own,VBP,2
body,owned,VBD,3
body,owned,VBN,16
body,owner,NN,6
body,owners,NNS,8
body,owning,VBG,1
body,owns,VBZ,7
body,p,NN,4
body,p,UNK,1
body,p.,NN,17
body,p.m.,NN,3
body,paces,NNS,2
body,paces,VBZ,1
body,pacific,JJ,1
body,pacification,NN,2
body,pacifies,VBZ,1
body,pacify,VB,1
body,pack,NN,1
body,pack,VB,1
body,packet,NN,3
body,paddle,VB,1
body,page,NN,10
body,pagentry,NN,1
body,pages,NNS,3
body,paid,VBD,14
body,paid,VBN,65
body,pain,NN,1
body,painful,JJ,6
body,painfully,RB,1
body,pains,NNS,1
body,paint,VB,2
body,paint,VBP,1
body,painting,NN,1
body,paints,NNS,1
body,pair,NN,3
body,palbpable,JJ,1
body,pale,JJ,1
body,pale,NN,1
body,palliate,VB,1
body,palliated,JJ,1
body,palliation,NN,1
body,palpable,JJ,1
body,pamphlet,NN,2
body,panderer,NN,1
body,panic,NN,1
body,paper,NN,45
body,papers,NNS,234
body,papers.-LS,NN,1
body,par,JJ,1
body,par,NN,3
body,parading,NN,1
body,parading,VBG,1
body,paragraph,NN,16
body,paralell,NN,2
body,paralize,VB,1
body,parallel,JJ,4
body,parallel,NN,2
body,paralyse,VB,1
body,paralyze,VB,2
body,paralyzed,VBD,1
body,paramount,JJ,5
body,parcel,NN,1
body,parcels,NNS,1
body,parden,VB,1
body,pardon,NN,31
body,pardoned,VBN,1
body,pardoning,VBG,1
body,pardons,NNS,2
body,parent,NN,1
body,parents,NNS,7
body,parish,NN,7
body,parishes,NNS,1
body,parole,NN,12
body,parole,VBP,1
body,paroled,JJ,1
body,paroled,VBD,1
body,paroled,VBN,1
body,paroles,NNS,3
body,parrish,NN,1
body,part,NN,176
body,partWhen,NN,1
body,parte,FW,4
body,parted,VBD,3
body,partial,JJ,5
body,partially,RB,7
body,participate,VB,2
body,participated,VBD,4
body,participating,VBG,1
body,participation,NN,2
body,participators,NNS,2
body,particular,JJ,20
body,particularized,VBN,1
body,particularly,RB,20
body,particulars,NNS,5
body,parties,NNS,85
body,partieularly,RB,1
body,partisan,JJ,2
body,partisans,NNS,3
body,partittion,NN,1
body,partittſion,NN,1
body,partizan,JJ,6
body,partizans,NNS,2
body,partizanship,NN,1
body,partly,RB,3
body,partment,NN,1
body,partner,NN,5
body,parts,NNS,22
body,party,NN,132
body,paryerfully,RB,1
body,pas,VBN,1
body,pass,NN,1
body,pass,VB,17
body,pass,VBP,2
body,passage,NN,20
body,passages,NNS,1
body,passed,VBD,40
body,passed,VBN,39
body,passenger,NN,1
body,passers,NNS,1
body,passes,VBZ,2
body,passim,NN,2
body,passing,VBG,7
body,passions,NNS,1
body,passport,NN,1
body,past,IN,2
body,past,JJ,24
body,past,NN,6
body,past,RB,1
body,pastor,NN,1
body,pasture,NN,1
body,path,NN,1
body,patience,NN,1
body,patiently,RB,1
body,patients,NNS,4
body,paties,NNS,1
body,patriot,NN,1
body,patriotic,JJ,14
body,patriotism,NN,8
body,patrolled,VBN,1
body,patronage,NN,11
body,pattents,NNS,1
body,pattern,NN,1
body,pauperise,VB,1
body,paupers,NNS,2
body,paving,VBG,1
body,pay,NN,52
body,pay,VB,88
body,pay,VBP,1
body,payable,JJ,2
body,paying,VBG,15
body,paymaster,NN,9
body,payment,NN,33
body,payments,NNS,12
body,paymt,NN,1
body,pays,VBZ,1
body,pc,UNK,1
body,pe,NN,1
body,peacably,RB,1
body,peace,NN,55
body,peaceable,JJ,1
body,peaceably,RB,2
body,peaceful,JJ,8
body,peaee,NN,3
body,peculiar,JJ,11
body,peculiarly,RB,1
body,pecuniarily,NN,1
body,pecuniarily,RB,1
body,pecuniary,JJ,8
body,peepeef,NN,1
body,peeping,JJ,1
body,peer,VB,1
body,pen,NN,2
body,penalties,NNS,2
body,penalty,NN,5
body,pending,VBG,27
body,penetrate,VB,1
body,penetrated,VBD,1
body,peninsula,NN,4
body,penitentiary,NN,2
body,penny,NN,1
body,penses,NNS,1
body,pension,NN,5
body,pensioner,NN,1
body,penultimate,JJ,1
body,peonage,NN,1
body,people,NNS,196
body,per,FW,1
body,per,IN,38
body,perceive,VB,10
body,perceived,VBN,4
body,perceives,VBZ,1
body,percent,NN,1
body,percentage,NN,1
body,peremptory,JJ,1
body,perfect,JJ,6
body,perfecting,VBG,1
body,perfectly,RB,20
body,perferming,VBG,1
body,perfor,JJ,1
body,perform,VB,20
body,perform,VBP,1
body,performance,NN,17
body,performe,NN,1
body,performed,VBD,3
body,performed,VBN,8
body,performing,VBG,2
body,performs,VBZ,2
body,perhaps,RB,35
body,peril,NN,5
body,perilous,JJ,3
body,period,NN,29
body,periodical,JJ,1
body,perishable,JJ,1
body,perished,VBD,2
body,perjury,NN,3
body,perman,NN,1
body,permanant,JJ,1
body,permanence,NN,3
body,permanency,NN,1
body,permanent,JJ,16
body,permanently,RB,2
body,permiss,JJ,1
body,permission,NN,27
body,permit,NN,2
body,permit,VB,24
body,permit,VBP,1
body,permited,VBN,2
body,permits,NNS,2
body,permitted,VBD,3
body,permitted,VBN,32
body,permitting,VBG,2
body,perpetrated,VBN,3
body,perpetraters,NNS,1
body,perpetrators,NNS,2
body,perpetual,JJ,1
body,perpetuate,VB,2
body,perplexities,NNS,2
body,perplexity,NN,1
body,perquisites,NNS,2
body,perrish,JJ,1
body,persea,NN,1
body,persecuted,VBN,3
body,persecuting,VBG,1
body,persecution,NN,2
body,persecutions,NNS,1
body,perseha,NN,1
body,persehal,JJ,1
body,persesion,NN,1
body,perseverance,NN,2
body,persevere,VB,1
body,persist,VBP,1
body,persisted,VBD,1
body,persisted,VBN,1
body,persistence,NN,1
body,persistent,JJ,2
body,persistently,RB,1
body,person,NN,70
body,personal,JJ,80
body,personally,RB,35
body,persons,NNS,99
body,persuaded,VBN,1
body,persuading,VBG,2
body,persuasions,NNS,1
body,pertain,VB,1
body,pertaining,VBG,12
body,pertains,NNS,1
body,pertinent,JJ,5
body,perusal,NN,5
body,perverted,VBN,1
body,pestilence,NN,1
body,petień,NN,1
body,petition,NN,29
body,petitioned,VBN,1
body,petitioner,NN,4
body,petitioner,VB,1
body,petitioners,NNS,2
body,petitions,NNS,2
body,petiton,NN,1
body,petty,JJ,1
body,phases,NNS,1
body,philosophers,NNS,1
body,phisically,RB,1
body,photograph,NN,2
body,photographs,NNS,1
body,photostat,NN,1
body,phrase,NN,6
body,physical,JJ,4
body,physically,RB,5
body,physician,NN,5
body,physicians,NNS,2
body,pice,NN,1
body,picked,VBD,1
body,picked,VBN,1
body,picket,NN,6
body,picking,VBG,1
body,picture,NN,6
body,piece,NN,3
body,pieces,NNS,2
body,piles,NNS,1
body,pilfering,NN,1
body,pillage,NN,1
body,pinching,VBG,1
body,pine,VB,2
body,pinnacle,NN,1
body,pipe,NN,3
body,pique,NN,2
body,piquetted,VBN,1
body,pistol,NN,11
body,pital,JJ,1
body,pittance,NN,1
body,pitty,NN,1
body,pity,NN,2
body,placards,NNS,1
body,place,NN,174
body,place,VB,28
body,place,VBP,6
body,placed,VBD,3
body,placed,VBN,54
body,places,NNS,25
body,places,VBZ,3
body,placing,VBG,4
body,plain,JJ,6
body,plain,RB,2
body,plainly,RB,9
body,plains,NNS,4
body,plan,NN,30
body,plank,NN,5
body,planned,VBD,2
body,planned,VBN,1
body,plans,NNS,18
body,plans,VBZ,1
body,plantation,NN,5
body,plantations,NNS,5
body,planted,VBD,1
body,planted,VBN,1
body,planter,NN,4
body,planters,NNS,7
body,planting,VBG,1
body,plat,NN,3
body,platform,NN,10
body,platitude,NN,1
body,plausible,JJ,3
body,play,NN,1
body,play,VB,2
body,playing,VBG,1
body,plea,NN,4
body,plead,VB,7
body,pleaded,VBD,4
body,pleading,VBG,1
body,pleas,NNS,1
body,pleasant,JJ,3
body,pleasantly,RB,1
body,please,VB,91
body,please,VBP,2
body,pleased,JJ,11
body,pleased,VBD,1
body,pleased,VBN,21
body,pleases,VBZ,3
body,pleasure,NN,34
body,pledge,NN,5
body,pledged,VBD,1
body,pledged,VBN,2
body,pledges,NNS,2
body,plenty,NN,5
body,pleted,VBN,1
body,plot,NN,2
body,plots,NNS,2
body,plotted,VBD,1
body,plunder,NN,2
body,plunder,VB,2
body,plundering,VBG,4
body,pm,NN,1
body,pocket,NN,6
body,pockets,NNS,3
body,poeple,NN,1
body,point,NN,64
body,point,VB,3
body,pointed,VBD,1
body,pointing,VBG,2
body,points,NNS,23
body,poisoned,VBN,1
body,polacy,NN,1
body,polaticks,NNS,1
body,pole,NN,2
body,police,NN,6
body,police,NNS,3
body,policy,NN,38
body,political,JJ,89
body,politically,RB,1
body,politician,NN,6
body,politicians,NNS,9
body,politics,NNS,17
body,polititcians,NNS,1
body,poll,NN,2
body,polled,VBN,5
body,polling,NN,3
body,polls,NNS,20
body,ponder,VB,1
body,pontoniers,NNS,1
body,pony,NN,2
body,poor,JJ,34
body,popular,JJ,8
body,popularity,NN,4
body,population,NN,29
body,porition,NN,1
body,pork,NN,2
body,port,NN,5
body,portable,JJ,1
body,portion,NN,47
body,portions,NNS,10
body,portrait,NN,4
body,portraits,NNS,4
body,portrayed,VBN,1
body,ports,NNS,3
body,posessed,JJ,1
body,posessed,VBD,1
body,posession,NN,1
body,position,NN,120
body,positions,NNS,11
body,positive,JJ,9
body,positively,RB,9
body,positiveness,NN,1
body,possess,VB,2
body,possess,VBP,2
body,possessed,VBD,4
body,possesses,VBZ,2
body,possessing,VBG,1
body,possession,NN,72
body,possessions,NNS,1
body,possessor,NN,1
body,possibility,NN,8
body,possible,JJ,105
body,possibly,RB,18
body,possition,NN,1
body,post,JJ,2
body,post,NN,58
body,post,VB,2
body,postal,JJ,1
body,posted,VBD,4
body,posted,VBN,1
body,postmark,NN,1
body,postmaster,NN,3
body,postpone,VB,8
body,postpone,VBP,1
body,postponed,VBD,2
body,postponed,VBN,3
body,postponement,NN,5
body,postpones,VBZ,1
body,postponing,VBG,4
body,posts,NNS,27
body,posture,NN,1
body,potential,JJ,1
body,potomac,NN,1
body,pouch,NN,1
body,pound,NN,1
body,pounds,NNS,10
body,poverty,NN,8
body,pow,NN,1
body,powder,NN,1
body,power,NN,94
body,powerful,JJ,7
body,powerless,JJ,4
body,powers,NNS,15
body,powers.-Your,NN,1
body,poweſr,NN,1
body,pp,NN,3
body,pp.,NN,17
body,pr,NN,2
body,practicability,NN,1
body,practicable,JJ,41
body,practical,JJ,11
body,practically,RB,3
body,practice,NN,11
body,practice,VB,2
body,practiced,VBD,2
body,practices,NNS,4
body,practicing,VBG,2
body,practise,NN,1
body,practised,VBN,3
body,practising,VBG,2
body,prairie,NN,3
body,praise,NN,1
body,praise,VBP,1
body,praised,VBN,2
body,praises,VBZ,3
body,praiseworthy,JJ,1
body,prarie,NN,1
body,pray,NN,1
body,pray,VB,3
body,prayed,VBD,1
body,prayer,NN,6
body,prayers,NNS,2
body,praying,VBG,1
body,prayres,NNS,1
body,prays,VBZ,2
body,pre,JJ,2
body,pre-concert,NN,1
body,pre-determined,JJ,1
body,preach,VBP,1
body,prearranged,JJ,1
body,preasent,JJ,2
body,preasſen,NN,1
body,precaution,NN,1
body,precautionary,JJ,2
body,precedent,NN,7
body,preceding,VBG,10
body,preceeding,VBG,2
body,precinct,NN,2
body,precincts,NNS,5
body,precious,JJ,2
body,precipitate,VB,1
body,precipitating,VBG,2
body,precise,JJ,2
body,precisely,RB,4
body,preclude,VB,2
body,precludes,VBZ,1
body,prect,NN,6
body,predatory,JJ,1
body,predecessor,NN,11
body,predicament,NN,1
body,predicated,VBN,3
body,predict,VB,1
body,predicted,VBN,3
body,predicting,VBG,1
body,prediction,NN,1
body,predjudicial,JJ,1
body,preeeed,VB,1
body,preeeedings,NNS,1
body,prefer,VB,12
body,prefer,VBP,8
body,preference,NN,6
body,preferment,NN,1
body,preferred,JJ,1
body,preferred,VBD,2
body,preferred,VBN,11
body,preferring,VBG,3
body,prefers,VBZ,1
body,prefs,NNS,1
body,prejudice,NN,13
body,prejudiced,VBD,1
body,prejudiced,VBN,2
body,prejudices,NNS,3
body,prejudicial,JJ,5
body,preliminary,JJ,7
body,premature,JJ,2
body,premeditated,JJ,3
body,premises,NNS,37
body,prepaid,VBN,1
body,prepaired,VBN,1
body,preparation,NN,6
body,preparations,NNS,6
body,prepare,VB,12
body,prepared,JJ,3
body,prepared,VBD,2
body,prepared,VBN,35
body,preparing,VBG,5
body,prepense,JJ,1
body,preperation,NN,1
body,preponderance,NN,1
body,prepose,VBP,1
body,prepossession,NN,1
body,preposterous,JJ,1
body,prerequisite,NN,1
body,pres,NNS,1
body,prescedent,NN,1
body,prescribed,JJ,1
body,prescribed,VBD,1
body,prescribed,VBN,37
body,prescribes,VBZ,4
body,prescribing,VBG,5
body,presence,NN,39
body,presendet,JJ,1
body,present,JJ,242
body,present,VB,16
body,present,VBP,2
body,presentation,NN,5
body,presented,VBD,8
body,presented,VBN,32
body,presenting,VBG,4
body,presentitis,NN,1
body,presentment,NN,1
body,presents,NNS,1
body,presents,VBZ,3
body,preservation,NN,2
body,preserve,VB,12
body,preservers,NNS,1
body,presided,VBD,2
body,presidency,NN,2
body,president,NN,36
body,presidential,JJ,9
body,presiding,VBG,1
body,press,NN,22
body,pressed,VBN,2
body,presses,NNS,1
body,pressing,VBG,9
body,pressure,NN,8
body,prestige,NN,3
body,presumably,RB,3
body,presume,NN,1
body,presume,VB,1
body,presume,VBP,20
body,presumed,VBD,2
body,presumed,VBN,9
body,presumes,VBZ,1
body,presuming,VBG,3
body,presumption,NN,5
body,presumptoous,JJ,1
body,preteet,FW,1
body,preteetieh,NN,1
body,pretence,NN,2
body,pretend,VB,1
body,pretend,VBP,1
body,pretended,JJ,3
body,pretended,VBN,1
body,pretense,NN,3
body,pretensions,NNS,1
body,pretention,NN,1
body,pretext,NN,1
body,pretind,VB,1
body,pretty,RB,8
body,prevail,VB,1
body,prevailed,VBD,1
body,prevailed,VBN,2
body,prevailing,VBG,5
body,prevails,VBZ,4
body,prevalence,NN,2
body,prevent,VB,56
body,prevent,VBP,2
body,prevented,VBD,3
body,prevented,VBN,8
body,preventing,VBG,8
body,prevents,VBZ,1
body,prevenſt,VB,1
body,previets,NNS,1
body,previous,JJ,41
body,previously,RB,13
body,priating,VBG,1
body,price,NN,13
body,priceless,JJ,1
body,prices,NNS,8
body,pride,NN,3
body,priest,NN,1
body,prima-facie,JJ,1
body,primarily,RB,1
body,primeipally,RB,1
body,principal,JJ,15
body,principal,NN,2
body,principally,RB,8
body,principals,NNS,1
body,principle,NN,13
body,principles,NNS,10
body,print,NN,4
body,print,VB,2
body,printed,VBD,2
body,printed,VBN,27
body,printer,NN,3
body,printers,NNS,1
body,printing,NN,7
body,printing,VBG,1
body,prints,NNS,1
body,prior,JJ,4
body,prior,RB,18
body,prison,NN,8
body,prisoner,NN,86
body,prisoners,NNS,28
body,prisons,NNS,1
body,pritey,JJ,1
body,privaleges,NNS,1
body,private,JJ,85
body,privately,RB,3
body,privates,NNS,2
body,privations,NNS,2
body,priviate,NN,1
body,privilege,NN,7
body,privileges,NNS,4
body,privt,NN,1
body,privy,JJ,1
body,prize,NN,6
body,prizes,NNS,3
body,pro-tempore,NN,1
body,probabilities,NNS,4
body,probability,NN,9
body,probable,JJ,17
body,probably,RB,62
body,probaly,RB,1
body,problem,NN,1
body,problems,NNS,1
body,procIeled,VBN,1
body,procedings,NNS,1
body,procedure,NN,1
body,procedures,NNS,1
body,proceed,VB,31
body,proceeded,VBD,14
body,proceeded,VBN,3
body,proceeding,NN,8
body,proceeding,VBG,5
body,proceedings,NNS,56
body,proceeds,NNS,15
body,proceedure,NN,1
body,process,NN,10
body,proclaimed,VBN,2
body,proclaiming,VBG,5
body,proclamation,NN,18
body,proclamations,NNS,1
body,procure,VB,20
body,procured,VBD,1
body,procured,VBN,7
body,procurement,NN,1
body,procuring,NN,1
body,procuring,VBG,7
body,produce,NN,1
body,produce,VB,5
body,produced,VBD,3
body,produced,VBN,11
body,producer,NN,1
body,produces,VBZ,2
body,producing,VBG,1
body,product,NN,2
body,production,NN,1
body,productive,JJ,2
body,products,NNS,1
body,profess,VB,1
body,profess,VBP,1
body,professed,VBD,2
body,professed,VBN,1
body,profession,NN,7
body,professional,JJ,5
body,professions,NNS,2
body,professor,NN,4
body,professors,NNS,1
body,professorship,NN,2
body,proffer,NN,1
body,proficient,JJ,1
body,profit,NN,5
body,profit,VB,2
body,profitable,JJ,2
body,profits,NNS,1
body,profound,JJ,3
body,profoundest,JJS,1
body,programme,NN,1
body,progress,NN,18
body,progress,VB,1
body,progress,VBP,2
body,progressing,VBG,3
body,prohibit,VB,3
body,prohibit,VBP,1
body,prohibited,VBD,3
body,prohibited,VBN,5
body,prohibiting,VBG,6
body,prohibition,NN,4
body,prohibitory,JJ,1
body,prohibits,VBZ,2
body,project,NN,6
body,projected,VBN,3
body,projectiles,NNS,2
body,projectors,NNS,1
body,projects,NNS,1
body,proletarian,JJ,1
body,prolongation,NN,1
body,prolonged,JJ,1
body,prominent,JJ,17
body,promis,NN,1
body,promise,NN,10
body,promise,VBP,1
body,promised,VBD,12
body,promised,VBN,15
body,promises,NNS,7
body,promises,VBZ,4
body,promising,JJ,1
body,promote,VB,10
body,promoted,VBD,2
body,promoted,VBN,13
body,promotes,VBZ,1
body,promotion,NN,21
body,promotions,NNS,3
body,prompt,JJ,18
body,prompt,VB,1
body,prompt,VBP,2
body,prompting,VBG,2
body,promptings,NNS,1
body,promptly,RB,25
body,promptness,NN,2
body,prompts,VBZ,1
body,promulgate,VB,5
body,promulgated,VBN,3
body,promulgating,VBG,1
body,pronounce,VB,1
body,pronounced,JJ,3
body,pronounced,VBN,4
body,pronounces,VBZ,2
body,pronouncing,VBG,1
body,prooceedings,NNS,1
body,proof,NN,22
body,proofreading,VBG,1
body,proofs,NNS,5
body,proper,JJ,204
body,properly,RB,30
body,property,NN,145
body,proportion,NN,7
body,proportions,NNS,1
body,proposal,NN,2
body,propose,VB,6
body,propose,VBP,20
body,proposed,JJ,4
body,proposed,VBD,7
body,proposed,VBN,55
body,proposes,VBZ,9
body,proposing,VBG,4
body,proposition,NN,23
body,propositions,NNS,5
body,propounded,VBD,1
body,propoſsling,VBG,1
body,propper,NN,2
body,proprieties,NNS,1
body,proprietor,NN,1
body,proprietors,NNS,4
body,propriety,NN,20
body,prorogued,VBN,2
body,proscribe,VB,1
body,proscription,NN,2
body,proscriptive,JJ,3
body,prosecute,VB,3
body,prosecuted,VBN,1
body,prosecuter,NN,2
body,prosecutes,VBZ,1
body,prosecutig,NN,1
body,prosecuting,VBG,1
body,prosecution,NN,25
body,prosecutor,NN,1
body,prospect,NN,8
body,prospective,JJ,2
body,prospects,NNS,3
body,prosperity,NN,9
body,prosperous,JJ,3
body,prostitutes,NNS,1
body,prostitution,NN,1
body,prostrated,VBN,1
body,protect,VB,38
body,protected,VBN,3
body,protecting,VBG,3
body,protection,NN,31
body,protects,VBZ,5
body,protege,NN,1
body,protest,NN,6
body,protest,VBP,1
body,protested,VBD,1
body,protested,VBN,2
body,protesting,VBG,4
body,protests,NNS,1
body,prototype,NN,1
body,protracted,JJ,5
body,proud,JJ,4
body,prove,VB,20
body,prove,VBP,4
body,proved,JJ,1
body,proved,VBD,3
body,proved,VBN,9
body,proven,VBN,6
body,provender,NN,1
body,proves,VBZ,2
body,provide,VB,14
body,provide,VBP,1
body,provided,VBD,8
body,provided,VBN,37
body,providedmised,VBN,1
body,providence,NN,1
body,provides,VBZ,26
body,providing,VBG,18
body,province,NN,3
body,provincial,JJ,1
body,proving,VBG,2
body,provision,NN,17
body,provisional,JJ,26
body,provisionally,RB,1
body,provisions,NNS,37
body,proviso,NN,1
body,provisoes,NNS,1
body,provocation,NN,6
body,provoking,VBG,1
body,prowl,NN,1
body,prox,NN,2
body,proximity,NN,1
body,proximo,NN,2
body,proximo,NNP,1
body,proxo,NN,2
body,prudence,NN,1
body,prudent,JJ,3
body,prying,JJ,1
body,pt,NN,1
body,public,JJ,144
body,public,NN,22
body,publically,RB,1
body,publication,NN,31
body,publications,NNS,2
body,publicity,NN,4
body,publick,NN,1
body,publickly,RB,1
body,publicly,RB,2
body,publish,VB,12
body,publish,VBP,1
body,published,VBN,41
body,publishers,NNS,3
body,publishes,VBZ,3
body,publishing,NN,1
body,publishing,VBG,3
body,pulled,VBN,1
body,punched,VBD,1
body,punish,VB,5
body,punishable,JJ,1
body,punished,VBN,8
body,punishment,NN,29
body,puny,JJ,1
body,pupils,NNS,2
body,purchase,NN,6
body,purchase,VB,6
body,purchased,VBD,4
body,purchased,VBN,10
body,purchaser,NN,3
body,purchases,NNS,2
body,purchasing,VBG,2
body,pure,JJ,2
body,purely,RB,11
body,purest,JJS,2
body,purity,NN,2
body,purport,VB,2
body,purport,VBP,3
body,purporting,VBG,5
body,purports,VBZ,1
body,purpose,NN,112
body,purposely,RB,3
body,purposes,NNS,42
body,purpoting,NN,1
body,purse,NN,1
body,purspose,NN,1
body,pursuance,JJ,1
body,pursuance,NN,9
body,pursue,VB,10
body,pursued,JJ,1
body,pursued,VBD,1
body,pursued,VBN,14
body,pursues,VBZ,1
body,pursuing,VBG,2
body,pursuit,NN,2
body,pursuits,NNS,3
body,purveyor,NN,1
body,purview,NN,1
body,push,VB,1
body,pushed,VBN,4
body,pushing,VBG,1
body,put,VB,33
body,put,VBD,12
body,put,VBN,28
body,put,VBP,3
body,puts,VBZ,1
body,putting,VBG,14
body,puzzled,VBN,1
body,q.,NNP,47
body,q.,VB,1
body,q.,VBP,1
body,qantity,NN,1
body,qrs,NNS,4
body,qrs.,NNP,2
body,quadruple,VB,1
body,qualification,NN,2
body,qualifications,NNS,16
body,qualified,JJ,2
body,qualified,VBD,1
body,qualified,VBN,18
body,qualify,VB,9
body,qualifying,VBG,2
body,qualities,NNS,4
body,quality,NN,2
body,quantities,NNS,3
body,quantity,NN,8
body,quarantine,NN,2
body,quarrel,VB,1
body,quarrel,VBP,2
body,quarrels,NNS,6
body,quarrelsome,JJ,1
body,quarter,NN,10
body,quartered,VBN,1
body,quarterly,JJ,2
body,quarterly,RB,1
body,quartermaster,NN,2
body,quarters,NNS,25
body,quasi,JJ,1
body,quell,VB,1
body,quelled,VBN,1
body,querr,NN,1
body,quested,VBN,1
body,question,NN,136
body,question,VB,2
body,question,VBP,2
body,"question,-Did",NN,1
body,questionable,JJ,4
body,questioned,VBD,1
body,questioned,VBN,1
body,questioning,VBG,2
body,questions,NNS,37
body,queston,NN,1
body,quick,JJ,4
body,quickly,RB,3
body,quiet,JJ,21
body,quiete,NN,1
body,quieted,VBD,1
body,quieter,JJR,1
body,quietly,RB,11
body,quietness,NN,2
body,quires,NNS,1
body,quit,VB,1
body,quite,RB,29
body,qumajority,NN,1
body,quo,NN,2
body,quondam,NN,2
body,quorum,NN,8
body,quorums,NNS,1
body,quoruña,NN,1
body,quota,NN,1
body,quote,VBP,2
body,quoted,VBN,8
body,r,NN,7
body,r,UNK,1
body,r.,NN,2
body,race,NN,5
body,races,NNS,8
body,racial,JJ,1
body,radical,JJ,7
body,radically,RB,1
body,radicals,NNS,2
body,raffled,VBN,1
body,raging,VBG,1
body,raid,NN,3
body,raid,VBP,1
body,raided,VBD,1
body,raids,NNS,1
body,rail,NN,4
body,rail-road,JJ,2
body,rail-road,NN,3
body,rail-roads,NNS,3
body,railroad,NN,25
body,railroads,NNS,8
body,rails,NNS,2
body,railway,NN,1
body,rains,NNS,1
body,rais,NN,1
body,raise,VB,10
body,raised,VBD,13
body,raised,VBN,13
body,raises,VBZ,1
body,raising,VBG,3
body,rally,VB,2
body,rallying,VBG,1
body,rampant,JJ,1
body,ran,VBD,13
body,range,NN,2
body,range,VBP,1
body,ranges,NNS,1
body,ranges,VBZ,1
body,rank,NN,70
body,rank,VB,2
body,ranked,VBN,1
body,ranks,NNS,6
body,ranks,VBZ,1
body,rants,VBZ,1
body,rapid,JJ,7
body,rapidly,RB,5
body,rapids,NNS,2
body,rapine,NN,1
body,rapturously,RB,1
body,rare,JJ,2
body,rarely,RB,1
body,rash,JJ,1
body,rate,NN,14
body,rates,NNS,4
body,rather,RB,27
body,ratification,NN,41
body,ratified,VBD,3
body,ratified,VBN,27
body,ratify,VB,8
body,ratify,VBP,1
body,ratifying,VBG,5
body,ratio,NN,2
body,ration,NN,2
body,rations,NNS,12
body,raves,VBZ,1
body,raving,NN,1
body,rder,NN,1
body,re,JJ,1
body,re,SYM,3
body,re,VB,1
body,re-acted,VBN,1
body,re-appoint,VB,1
body,re-appointed,JJ,1
body,re-assemble,VB,2
body,re-brevet,VB,1
body,re-construction,NN,4
body,re-deposited,VBD,1
body,re-election,NN,2
body,re-employed,VBN,1
body,re-employment,NN,1
body,re-enlist,VB,2
body,re-enlisted,VBD,2
body,re-enlisting,VBG,1
body,re-garrisoning,VBG,1
body,re-imbursement,NN,1
body,re-instate,VB,1
body,re-instated,VBN,4
body,re-instatement,NN,2
body,re-open,VB,1
body,re-opened,JJ,1
body,re-opening,NN,1
body,re-opening,VBG,1
body,re-organization,NN,1
body,re-rationed,VBD,1
body,re-trial,NN,1
body,reach,NN,5
body,reach,VB,32
body,reach,VBP,2
body,reached,VBD,16
body,reached,VBN,23
body,reaches,VBZ,8
body,reaching,VBG,4
body,read,NN,3
body,read,VB,17
body,read,VBD,4
body,read,VBN,14
body,read,VBP,7
body,readable,JJ,1
body,reader,NN,1
body,readily,RB,8
body,readiness,NN,2
body,reading,NN,5
body,reading,VBG,9
body,readmission,NN,2
body,readmitted,VBD,2
body,readmitted,VBN,10
body,reads,VBZ,3
body,ready,JJ,29
body,real,JJ,18
body,real-estate,NN,1
body,realities,NNS,2
body,reality,NN,1
body,realize,VB,2
body,realized,VBD,1
body,realized,VBN,1
body,realizing,VBG,1
body,really,RB,13
body,reapoint,VB,1
body,reapointed,VBN,1
body,reappoint,VB,1
body,reappointment,NN,6
body,rear,NN,7
body,reason,NN,78
body,reasonable,JJ,23
body,reasonably,RB,2
body,reasons,NNS,82
body,reassemble,VB,2
body,reassembled,VBD,1
body,reassembling,NN,1
body,reassert,VB,1
body,reassert,VBP,1
body,reassign,VB,1
body,reauthorization,NN,1
body,reauthorized,VBD,1
body,rebel,JJ,4
body,rebel,NN,44
body,rebel,VB,2
body,rebelion,NN,1
body,rebellieh,NN,1
body,rebellień,NN,1
body,rebellion,NN,72
body,rebellious,JJ,3
body,rebels,NNS,22
body,rebublican,NN,1
body,rebuild,VB,1
body,rebuilding,VBG,1
body,rebuke,NN,1
body,rebuked,VBD,1
body,rebuked,VBN,1
body,rebut,VB,1
body,rebutted,VBN,1
body,rebutting,VBG,1
body,rec,NN,15
body,rec.d,VB,1
body,recall,NN,2
body,recall,VB,2
body,recalled,VBN,2
body,recapitulate,VB,1
body,recapitulated,VBN,2
body,reccollect,NN,1
body,reccollect,VB,1
body,recd,JJ,2
body,recd,NN,6
body,recd,VB,1
body,recd,VBD,3
body,recd,VBN,3
body,recd,VBP,2
body,recd.,VBN,1
body,recede,VB,1
body,recede,VBP,1
body,receipt,NN,85
body,receipts,NNS,12
body,receivable,JJ,2
body,receivable,NN,1
body,receive,VB,66
body,receive,VBP,10
body,received,VBD,467
body,received,VBN,225
body,receives,VBZ,10
body,receiving,VBG,24
body,recent,JJ,43
body,recently,RB,47
body,reception,NN,9
body,recess,NN,1
body,reciept,NN,1
body,recieve,VB,1
body,recieved,VBD,3
body,recieved,VBN,1
body,recinded,VBN,1
body,recipients,NNS,2
body,recital,NN,3
body,recited,VBN,1
body,recivd,NN,1
body,recived,VBD,1
body,recived,VBN,1
body,recives,VBZ,1
body,reckless,JJ,2
body,recognise,VB,1
body,recognition,NN,11
body,recognize,VB,6
body,recognize,VBP,3
body,recognized,VBD,2
body,recognized,VBN,7
body,recognizes,VBZ,1
body,recognizing,VBG,3
body,recollect,VB,5
body,recollect,VBP,1
body,recollected,VBN,1
body,recollection,NN,9
body,recollections,NNS,1
body,recollects,VBZ,1
body,recolmmend,NN,1
body,recom,SYM,1
body,recom.d,NN,1
body,recommed,VBD,1
body,recommen,NN,1
body,recommence,VB,1
body,recommend,VB,86
body,recommend,VBP,35
body,recommendation,NN,113
body,recommendations,NNS,31
body,recommended,VBD,13
body,recommended,VBN,51
body,recommending,VBG,21
body,recommends,VBZ,18
body,recon,NN,2
body,reconciled,VBN,2
body,reconsider,VB,5
body,reconsideration,NN,3
body,reconsidered,VBN,1
body,reconstruct,VB,3
body,reconstructed,VBN,3
body,reconstructing,VBG,1
body,reconstruction,NN,103
body,reconveyance,NN,1
body,record,NN,46
body,recorded,VBN,6
body,recorder,NN,7
body,recording,NN,1
body,records,NNS,37
body,recourse,NN,3
body,recover,VB,7
body,recovered,VBD,4
body,recovered,VBN,4
body,recovering,VBG,1
body,recovers,VBZ,3
body,recovery,NN,12
body,recruit,VB,2
body,recruited,VBN,1
body,recruiting,NN,3
body,recruiting,VBG,2
body,recruits,NNS,7
body,rection,NN,1
body,rectitude,NN,1
body,recur,VB,1
body,recurrences,NNS,1
body,recwd,NN,1
body,red,JJ,1
body,redemption,NN,1
body,redress,NN,7
body,reduce,VB,8
body,reduced,VBD,2
body,reduced,VBN,12
body,reduces,VBZ,3
body,reducing,VBG,2
body,reduction,NN,14
body,reduee,VB,1
body,redwoods,NNS,1
body,reeeive,VB,1
body,reeeived,VBN,2
body,reeem,NN,1
body,reeenstreetień,NN,1
body,reelect,VB,1
body,reelection,NN,1
body,reelections,NNS,1
body,reenforcing,VBG,1
body,reentered,VBD,1
body,reestablished,VBN,1
body,reestablishment,NN,1
body,reexamine,VB,1
body,ref,NN,1
body,refer,VB,24
body,refer,VBP,23
body,referable,JJ,1
body,referance,NN,1
body,refered,VBD,25
body,reference,NN,72
body,referense,NN,1
body,referred,VBD,82
body,referred,VBN,122
body,referrence,NN,1
body,referring,VBG,10
body,refers,VBZ,6
body,refined,JJ,1
body,refined,VBN,1
body,refinement,NN,1
body,reflect,VB,1
body,reflecting,VBG,2
body,reflection,NN,7
body,reflections,NNS,1
body,reformation,NN,1
body,reforms,NNS,3
body,refractory,JJ,1
body,refrain,VB,2
body,refrain,VBP,1
body,refrained,VBN,1
body,refresh,VB,1
body,refreshed,VBD,1
body,refreshed,VBN,1
body,refreshment,NN,1
body,refreshments,NNS,1
body,refugeed,VBD,1
body,refugees,NNS,3
body,refund,VB,3
body,refunded,VBN,4
body,refusal,NN,7
body,refuse,NN,1
body,refuse,VB,9
body,refuse,VBP,2
body,refused,VBD,16
body,refused,VBN,10
body,refuses,VBZ,5
body,refusing,VBG,6
body,refutation,NN,1
body,refute,VB,2
body,regain,VB,5
body,regains,VBZ,1
body,regard,NN,57
body,regard,VB,6
body,regard,VBP,3
body,regarded,VBD,4
body,regarded,VBN,31
body,regarding,VBG,9
body,regardless,RB,1
body,regards,VBZ,21
body,regeneration,NN,1
body,regime,NN,1
body,regiment,NN,55
body,regimental,JJ,2
body,regiments,NNS,6
body,region,NN,3
body,regions,NNS,2
body,register,NN,6
body,register,VBP,1
body,registered,JJ,1
body,registered,VBD,3
body,registered,VBN,19
body,registering,VBG,1
body,registrars,NNS,2
body,registration,NN,20
body,registrations,NNS,1
body,registry,NN,3
body,regret,NN,2
body,regret,VB,5
body,regret,VBP,17
body,regrets,NNS,1
body,regrets,VBZ,1
body,regretted,VBN,1
body,regretting,VBG,1
body,regt,NN,3
body,regts,NNS,2
body,regular,JJ,40
body,regularity,NN,1
body,regularly,RB,3
body,regulates,VBZ,3
body,regulating,VBG,6
body,regulation,NN,4
body,regulations,NNS,9
body,rehearsing,VBG,1
body,reigned,VBD,1
body,reimbursed,VBN,2
body,reimbursement,NN,5
body,reimbursment,NN,1
body,reinforce,VB,1
body,reinforced,VBD,1
body,reinforced,VBN,1
body,reinforcements,NNS,1
body,reinforces,VBZ,1
body,reininstated,VBN,1
body,reinlisted,VBD,1
body,reinspection,NN,1
body,reinstate,VB,3
body,reinstated,VBD,1
body,reinstated,VBN,15
body,reinstatement,NN,16
body,reinstating,VBG,1
body,reinstation,NN,1
body,reiterate,VB,1
body,reiterate,VBP,1
body,reiterating,VBG,2
body,reiteration,NN,3
body,reject,VB,4
body,reject,VBP,3
body,rejected,VBD,3
body,rejected,VBN,5
body,rejecting,VBG,1
body,rejection,NN,4
body,rejects,VBZ,1
body,rejoice,VBP,1
body,rejoiced,VBD,1
body,rejoin,VB,2
body,rejoyce,NN,1
body,rejoyced,VBN,1
body,relased,VBN,1
body,relate,VBP,6
body,related,JJ,4
body,relates,VBZ,6
body,relating,VBG,39
body,relation,NN,57
body,relations,NNS,24
body,relative,JJ,60
body,relatives,NNS,2
body,relaxed,VBN,1
body,relaxing,VBG,1
body,release,NN,10
body,release,VB,2
body,released,VBN,13
body,releases,VBZ,1
body,releasing,VBG,1
body,releived,VBN,1
body,relevancy,NN,1
body,reliable,JJ,18
body,reliably,RB,3
body,reliance,NN,2
body,relics,NNS,4
body,relied,VBD,1
body,relied,VBN,6
body,relief,NN,55
body,relieve,VB,29
body,relieve,VBP,1
body,relieved,JJ,10
body,relieved,VBD,3
body,relieved,VBN,49
body,relieves,VBZ,6
body,relieving,VBG,18
body,religious,JJ,2
body,relinquish,VBP,1
body,relinquished,VBD,2
body,relinquished,VBN,1
body,relinquishment,NN,1
body,relive,VB,1
body,reluctance,NN,5
body,reluctant,JJ,2
body,reluctantly,RB,1
body,rely,VB,7
body,rely,VBP,1
body,relyable,JJ,1
body,relying,VBG,1
body,remain,VB,39
body,remain,VBP,15
body,remainder,NN,13
body,remained,VBD,16
body,remained,VBN,5
body,remaining,VBG,13
body,remains,NNS,4
body,remains,VBZ,12
body,remanded,VBN,3
body,remark,NN,11
body,remark,VB,4
body,remark,VBP,1
body,remarkable,JJ,2
body,remarkably,RB,1
body,remarked,VBD,8
body,remarked,VBN,5
body,remarks,NNS,18
body,rembering,VBG,1
body,remedied,VBN,2
body,remedies,NNS,1
body,remedy,NN,2
body,remedy,VB,1
body,remedying,VBG,1
body,remember,VB,9
body,remember,VBP,5
body,rememberd,JJ,1
body,remembered,VBD,1
body,remembered,VBN,4
body,rememberence,NN,1
body,remembering,VBG,1
body,remembrance,NN,1
body,remeved,VBN,1
body,reminded,VBD,1
body,reminded,VBN,1
body,reminding,VBG,1
body,remission,NN,4
body,remit,VB,4
body,remittance,NN,1
body,remitted,VBN,11
body,remnant,NN,1
body,remonstrance,NN,1
body,remonstrated,VBD,1
body,remonstrated,VBN,2
body,remonstrating,VBG,1
body,remote,JJ,5
body,removal,NN,116
body,removals,NNS,38
body,remove,VB,47
body,removed,VBD,24
body,removed,VBN,80
body,removes,VBZ,8
body,removing,VBG,23
body,remunerated,VBN,1
body,remuneration,NN,1
body,remunerative,JJ,2
body,render,VB,20
body,rendered,VBD,6
body,rendered,VBN,18
body,rendering,NN,1
body,rendering,VBG,5
body,renders,VBZ,1
body,rendezvous,NN,1
body,renew,VB,4
body,renewal,NN,4
body,renewed,VBD,1
body,renewed,VBN,4
body,renewing,VBG,5
body,renomination,NN,1
body,renown,NN,1
body,rent,NN,16
body,rental,NN,1
body,rented,VBD,4
body,rented,VBN,3
body,renting,VBG,2
body,rents,NNS,2
body,reopened,VBN,1
body,reopening,VBG,1
body,reorganise,VB,1
body,reorganization,NN,7
body,reorganize,VB,1
body,reorganized,VBN,2
body,reorganizing,VBG,2
body,repaid,VBN,5
body,repair,NN,3
body,repair,VB,3
body,repaired,VBN,5
body,repairing,VBG,2
body,repairs,NNS,5
body,reparation,NN,2
body,repay,VB,3
body,repayment,NN,4
body,repayments,NNS,1
body,repeal,NN,2
body,repeal,VB,2
body,repeal,VBP,2
body,repealed,VBD,1
body,repealed,VBN,4
body,repeat,VB,5
body,repeat,VBP,1
body,repeated,VBD,1
body,repeated,VBN,3
body,repeatedly,RB,5
body,repeating,VBG,2
body,repel,VB,1
body,repelled,VBN,1
body,repert,NN,2
body,reperts,NNS,1
body,reperts,VBZ,1
body,repetition,NN,3
body,replace,VB,3
body,replaced,VBD,2
body,replaced,VBN,8
body,replacement,NN,2
body,replacing,VBG,5
body,replied,VBD,15
body,replies,NNS,3
body,replies,VBZ,2
body,reply,NN,124
body,reply,VB,17
body,reply,VBP,1
body,report,NN,282
body,report,VB,88
body,report,VBP,6
body,reported,VBD,22
body,reported,VBN,41
body,reporter,NN,1
body,reporting,NN,1
body,reporting,VBG,14
body,reports,NNS,79
body,reports,VBZ,14
body,reports.-LS,NN,1
body,reposed,VBN,3
body,represent,VB,19
body,represent,VBP,15
body,representation,NN,19
body,representations,NNS,9
body,representative,JJ,1
body,representative,NN,5
body,representatives,NNS,2
body,represented,VBD,2
body,represented,VBN,18
body,representing,VBG,8
body,represents,VBZ,6
body,reprimanded,VBN,1
body,reprinted,VBN,2
body,reproach,NN,4
body,reproaches,NNS,1
body,reproduced,VBN,2
body,reproval,NN,1
body,republic,NN,1
body,republican,JJ,6
body,republican,NN,3
body,republicans,NNS,4
body,repudiate,VB,1
body,repudiated,VBN,1
body,repudiation,NN,3
body,repudited,VBN,1
body,repugnance,NN,1
body,repugnant,JJ,2
body,repulse,NN,1
body,reputation,NN,13
body,repute,NN,1
body,reputed,JJ,3
body,reputes,NNS,1
body,request,NN,259
body,request,VB,32
body,request,VBP,16
body,requested,VBD,19
body,requested,VBN,32
body,requesting,VBG,69
body,requests,NNS,9
body,require,VB,43
body,require,VBP,15
body,required,JJ,1
body,required,VBD,11
body,required,VBN,102
body,requirement,NN,6
body,requirements,NNS,10
body,requires,VBZ,19
body,requiring,VBG,17
body,requiringed,VBD,1
body,requisite,JJ,7
body,requisites,NNS,1
body,requisition,NN,9
body,requisitions,NNS,1
body,rerliable,JJ,1
body,rescind,VB,5
body,rescinded,VBD,1
body,rescinded,VBN,3
body,rescinding,VBG,1
body,rescinds,VBZ,1
body,rescue,NN,2
body,rescuing,VBG,1
body,research,NN,1
body,researches,VBZ,1
body,resemblance,NN,1
body,resentful,JJ,1
body,reservation,NN,23
body,reservations,NNS,6
body,reserve,NN,8
body,reserved,VBD,1
body,reserved,VBN,4
body,reserves,NNS,3
body,reset,VB,1
body,resetirees,NNS,1
body,resettrees,NNS,1
body,reshipment,NN,1
body,reshipping,VBG,1
body,reside,VB,1
body,reside,VBP,7
body,resided,VBD,3
body,resided,VBN,1
body,residence,NN,8
body,resident,NN,5
body,residents,NNS,4
body,resides,VBZ,5
body,residing,NN,1
body,residing,VBG,6
body,residue,NN,1
body,resign,VB,23
body,resignation,NN,26
body,"resignation,-viz.",NN,1
body,resignations,NNS,1
body,resigned,VBD,6
body,resigned,VBN,2
body,resigning,VBG,4
body,resigns,VBZ,1
body,resist,VB,11
body,resistance,NN,13
body,resisted,VBN,4
body,resisting,VBG,2
body,resived,JJ,1
body,resolution,NN,26
body,resolutions,NNS,7
body,resolve,NN,1
body,resolve,VBP,1
body,resolved,VBD,1
body,resolved,VBN,3
body,resort,NN,3
body,resort,VB,5
body,resorted,VBD,1
body,resorted,VBN,6
body,resources,NNS,2
body,resourses,NNS,1
body,respect,NN,30
body,respect,VB,3
body,respectability,NN,3
body,respectable,JJ,14
body,respected,JJ,3
body,respected,VBN,4
body,respectful,JJ,6
body,respectfully,RB,213
body,respecting,VBG,40
body,respective,JJ,9
body,respectively,RB,12
body,respects,NNS,16
body,respects,VBZ,1
body,respeetfully,NN,1
body,respest,NN,2
body,respite,NN,1
body,respited,VBD,1
body,respond,VB,3
body,responded,VBD,2
body,responding,VBG,1
body,responds,VBZ,2
body,responsability,NN,1
body,response,NN,11
body,responsibilities,NNS,2
body,responsibility,NN,24
body,responsible,JJ,20
body,responsibly,RB,1
body,rest,NN,6
body,rest,VB,3
body,rested,VBN,3
body,restere,VB,1
body,resting,VBG,6
body,restitution,NN,2
body,restoration,NN,21
body,restore,VB,22
body,restored,VBD,2
body,restored,VBN,22
body,restores,VBZ,1
body,restoring,VBG,6
body,restrain,VB,1
body,restrained,VBD,1
body,restrained,VBN,1
body,restrict,VB,1
body,restricted,JJ,2
body,restricting,VBG,1
body,restrictions,NNS,9
body,restricts,VBZ,1
body,rests,VBZ,3
body,resubmit,VB,1
body,result,NN,66
body,result,VB,17
body,result,VBP,2
body,resulted,VBD,8
body,resulted,VBN,2
body,resulting,VBG,2
body,results,NNS,15
body,results,VBZ,1
body,resume,VB,16
body,resumed,VBD,5
body,resumed,VBN,3
body,resuming,VBG,2
body,resumption,NN,1
body,retail,JJ,1
body,retain,VB,29
body,retained,VBD,8
body,retained,VBN,32
body,retaining,VBG,7
body,retaliation,NN,3
body,retard,VB,1
body,retention,NN,12
body,retinue,NN,1
body,retire,VB,2
body,retired,JJ,1
body,retired,VBD,1
body,retired,VBN,5
body,retirement,NN,2
body,retiring,VBG,1
body,retorted,VBD,1
body,retransferred,VBD,1
body,retrenchment,NN,2
body,retroactive,JJ,1
body,retun,VB,1
body,return,NN,49
body,return,VB,56
body,return,VBP,4
body,returnable,NN,1
body,returned,VBD,29
body,returned,VBN,100
body,returning,VBG,9
body,returns,NNS,44
body,returns,VBZ,3
body,reunion,NN,4
body,reunions,NNS,2
body,reveal,VB,1
body,revelation,NN,1
body,revels,NNS,1
body,revenge,NN,2
body,revengeful,JJ,1
body,revenue,NN,10
body,revenues,NNS,4
body,revered,JJ,1
body,reversal,NN,1
body,reverse,JJ,1
body,reverse,NN,2
body,reverse,VB,1
body,reversed,VBN,1
body,reversing,VBG,2
body,revert,VBP,1
body,reverted,VBN,2
body,review,NN,5
body,review,VB,1
body,reviewed,VBN,2
body,reviewing,VBG,5
body,revise,VB,2
body,revised,JJ,1
body,revised,VBN,4
body,revises,VBZ,3
body,revising,VBG,2
body,revision,NN,5
body,revival,NN,1
body,revocation,NN,16
body,revokcation,NN,1
body,revoke,VB,9
body,revoke,VBP,1
body,revoked,VBD,1
body,revoked,VBN,15
body,revokes,VBZ,1
body,revoking,VBG,5
body,revolked,VBN,1
body,revolt,NN,2
body,revolution,NN,2
body,revolutionary,JJ,4
body,revolver,NN,4
body,revolvers,NNS,2
body,reward,NN,8
body,reward,VB,1
body,rewards,NNS,2
body,reëntered,VBD,1
body,rference,NN,1
body,rheumatics,NNS,1
body,rhumatis,NN,1
body,rich,JJ,4
body,richest,JJS,1
body,richly,RB,1
body,rid,JJ,2
body,rid,VB,1
body,riddance,NN,2
body,ridden,JJ,1
body,ridden,NN,2
body,ride,NN,4
body,ride,VB,3
body,rides,NNS,1
body,ridge,NN,1
body,ridicule,VBP,1
body,ridiculing,VBG,1
body,ridiculous,JJ,1
body,riding,VBG,4
body,ried,VBN,1
body,rifels,NNS,2
body,rifle,NN,1
body,right,JJ,32
body,right,NN,58
body,right,RB,21
body,righted,VBD,1
body,righted,VBN,2
body,rightful,JJ,4
body,rightfully,RB,5
body,rightly,RB,1
body,rights,NNS,24
body,rightthinking,NN,1
body,rigid,JJ,1
body,rigidly,RB,2
body,rigorous,JJ,2
body,rigorously,RB,1
body,ring,NN,4
body,ringleaders,NNS,1
body,rings,NNS,1
body,riot,NN,7
body,riotous,JJ,1
body,riots,NNS,2
body,rise,VB,1
body,risen,VBN,2
body,rising,NN,1
body,rising,VBG,3
body,risk,NN,5
body,rival,NN,1
body,rival,VB,1
body,rivals,NNS,1
body,river,NN,27
body,rivers,NNS,2
body,riveted,VBN,1
body,rm,FW,1
body,road,NN,57
body,roads,NNS,13
body,roam,VBP,1
body,rob,VB,2
body,robbed,VBN,1
body,robberies,NNS,1
body,robbers,NNS,1
body,robbery,NN,5
body,robbing,VBG,2
body,robes,NNS,1
body,rode,VBD,2
body,roll,NN,3
body,roll-call,NN,1
body,rolling,VBG,1
body,rolls,NNS,10
body,rolls,VBZ,1
body,roman,NN,1
body,room,NN,19
body,rooms,NNS,4
body,root,NN,1
body,ropes,NNS,1
body,rose,NN,1
body,rose,VBD,6
body,rouse,VB,1
body,route,NN,18
body,routed,VBN,1
body,routes,NNS,6
body,routine,NN,1
body,row,NN,2
body,rowdies,NNS,1
body,rs,NNS,1
body,rs.,NN,1
body,rudeness,NN,1
body,rudiments,NNS,1
body,ruin,VB,2
body,ruined,VBN,1
body,ruinous,JJ,1
body,rule,NN,17
body,rule,VB,2
body,rulers,NNS,1
body,rules,NNS,3
body,rules,VBZ,1
body,ruling,NN,1
body,rumor,NN,4
body,rumored,VBN,2
body,rumors,NNS,6
body,run,VB,14
body,run,VBN,2
body,runer,NN,1
body,runner,NN,5
body,running,VBG,5
body,rushed,VBN,1
body,rºl,UNK,1
body,s,NNS,1
body,s,UNK,2
body,s,VBZ,4
body,s.,NN,1
body,s.,NNP,1
body,sa,NN,2
body,saave,VB,1
body,sabre,JJ,1
body,sabre,NN,14
body,sabres,NNS,10
body,sack,NN,1
body,sacks,NNS,2
body,sacrafice,NN,1
body,sacred,JJ,1
body,sacrifice,NN,9
body,sacrificed,VBD,1
body,sacrificed,VBN,2
body,sacrifices,NNS,3
body,sacrificing,VBG,1
body,sad,JJ,3
body,saddle,NN,7
body,saddler,NN,1
body,saddles,NNS,2
body,sadly,RB,2
body,safe,JJ,12
body,safe-keeping,NN,1
body,safekeeping,NN,1
body,safely,RB,7
body,safer,JJR,1
body,safety,NN,8
body,sagacious,JJ,1
body,sagacity,NN,1
body,said,VBD,262
body,said,VBN,21
body,saile,NN,1
body,sake,NN,9
body,salaries,NNS,1
body,salary,NN,4
body,sale,NN,30
body,saleries,NNS,1
body,salery,NN,2
body,sales,NNS,7
body,sally,RB,1
body,saloon,NN,3
body,salutary,JJ,1
body,salutations,NNS,1
body,salute,NN,2
body,same,JJ,419
body,samples,NNS,4
body,sanc,SYM,1
body,sanctified,VBN,1
body,sanction,NN,13
body,sanctions,NNS,1
body,sanctions,VBZ,1
body,sanctities,NNS,1
body,sane,JJ,1
body,sane,NN,1
body,sanguine,JJ,1
body,sanitary,JJ,2
body,sappers,NNS,1
body,sash,NN,1
body,sat,VBD,2
body,sat,VBN,1
body,satisfaction,NN,21
body,satisfactorily,RB,7
body,satisfactory,JJ,25
body,satisfied,JJ,36
body,satisfied,VBN,22
body,satisfy,VB,7
body,satisfying,VBG,1
body,saturday,NNP,2
body,savage,JJ,2
body,save,VB,20
body,saved,VBN,7
body,saving,NN,4
body,saving,VBG,7
body,saw,VBD,37
body,say,NN,1
body,say,VB,134
body,say,VBP,34
body,saying,VBG,26
body,says,VBZ,41
body,scalped,VBN,1
body,scalps,NNS,1
body,scandal,NN,3
body,scant,JJ,1
body,scarce,JJ,1
body,scarcely,RB,19
body,scarsely,RB,1
body,scattered,JJ,1
body,scattered,VBN,5
body,scattering,NN,1
body,scattering,VBG,1
body,scene,NN,5
body,scenes,NNS,1
body,scheme,NN,2
body,scholar,NN,1
body,scholars,NNS,2
body,school,NN,21
body,school,VB,1
body,schools,NNS,9
body,science,NN,6
body,sciences,NNS,2
body,scientific,JJ,1
body,scientist,NN,3
body,scoff,VB,1
body,scope,NN,1
body,score,NN,2
body,scorn,VB,2
body,scorn,VBP,1
body,scouring,VBG,1
body,scout,NN,16
body,scribe,NN,1
body,scroll,NN,1
body,scrutiny,NN,2
body,sculptor,NN,3
body,sd,NN,1
body,se,FW,5
body,sea,NN,4
body,seaboard,NN,1
body,seacoast,NN,2
body,seal,NN,2
body,search,NN,5
body,searching,VBG,3
body,seases,NNS,1
body,season,NN,11
body,seat,NN,11
body,seated,VBN,1
body,seats,NNS,5
body,sec,NN,5
body,secede,VB,1
body,seceded,VBD,2
body,seceders,NNS,7
body,seceding,VBG,1
body,secesh,NN,1
body,secession,NN,6
body,secessionists,NNS,1
body,second,JJ,52
body,second,NN,1
body,second,RB,1
body,seconded,VBD,1
body,secondly,RB,2
body,secret,JJ,7
body,secret,NN,7
body,secretary,NN,44
body,secretly,RB,2
body,sect,NN,1
body,section,NN,50
body,sections,NNS,15
body,secure,JJ,3
body,secure,VB,29
body,secured,VBD,1
body,secured,VBN,12
body,securing,VBG,10
body,securities,NNS,1
body,security,NN,7
body,seditious,JJ,1
body,seductive,JJ,1
body,see,VB,163
body,see,VBP,41
body,seeds,NNS,1
body,seeentradietery,NN,1
body,seeing,VBG,9
body,seek,VB,5
body,seek,VBP,4
body,seeking,VBG,4
body,seeks,VBZ,7
body,seem,VB,23
body,seem,VBP,16
body,seemed,VBD,12
body,seemed,VBN,1
body,seemes,VBZ,2
body,seeming,VBG,1
body,seemingly,RB,5
body,seems,VBZ,75
body,seen,VBN,55
body,seenes,VBZ,1
body,segars,NNS,1
body,seid,VBD,1
body,seised,VBN,1
body,seize,VB,2
body,seized,VBD,8
body,seized,VBN,5
body,seizes,VBZ,1
body,seizure,NN,7
body,seldom,RB,3
body,select,VB,7
body,select,VBP,1
body,selected,VBD,1
body,selected,VBN,18
body,selecting,VBG,2
body,selection,NN,19
body,selections,NNS,2
body,selects,VBZ,1
body,self,NN,13
body,self-gratification,NN,1
body,self-serving,JJ,1
body,selfish,JJ,1
body,selfsupporting,VBG,1
body,sell,NN,1
body,sell,VB,15
body,selling,NN,2
body,selling,VBG,11
body,sells,VBZ,1
body,selnd,VB,1
body,seme,NN,1
body,semi,JJ,1
body,semi-intoxication,NN,1
body,seminary,JJ,1
body,sen,NN,1
body,senate,NN,5
body,senator,NN,5
body,sence,NN,1
body,send,VB,137
body,send,VBP,36
body,sending,VBG,18
body,sends,VBZ,7
body,senior,JJ,9
body,seniority,NN,1
body,sensational,JJ,1
body,sense,NN,28
body,sensible,JJ,2
body,sensibly,RB,1
body,sensitive,JJ,3
body,sensitiveness,NN,1
body,sent,VBD,226
body,sent,VBN,435
body,sentament,NN,1
body,sentence,NN,85
body,sentenced,VBN,16
body,sentences,NNS,2
body,sentiment,NN,6
body,sentiments,NNS,10
body,sentinel,NN,2
body,sentry,NN,1
body,separate,JJ,12
body,separated,VBN,1
body,separately,RB,6
body,separating,VBG,1
body,septr,NN,1
body,sequel,NN,1
body,sequence,NN,3
body,sergeant,NN,9
body,series,NN,9
body,serieusly,RB,1
body,serious,JJ,34
body,seriously,RB,10
body,sermon,NN,1
body,serv,NN,5
body,servace,NN,1
body,servant,JJ,7
body,servant,NN,12
body,servants,NNS,1
body,serve,VB,22
body,serve,VBP,1
body,served,VBD,53
body,served,VBN,27
body,servent,NN,1
body,serves,VBZ,2
body,service,NN,247
body,services,NNS,83
body,serviee,NN,1
body,serving,VBG,14
body,servis,NN,1
body,servis,VBP,1
body,servitors,NNS,1
body,servt,NN,11
body,session,NN,23
body,sesson,NN,1
body,set,NN,2
body,set,VB,12
body,set,VBD,7
body,set,VBN,43
body,set,VBP,1
body,sets,VBZ,5
body,sett,JJ,1
body,sett,NN,1
body,setting,VBG,4
body,settle,VB,22
body,settled,VBD,9
body,settled,VBN,16
body,settlement,NN,26
body,settlements,NNS,1
body,settlemenſt,NN,1
body,settler,NN,2
body,settlers,NNS,16
body,settles,VBZ,6
body,settling,VBG,4
body,setts,NNS,1
body,seveeigh,NN,1
body,sevember,NN,1
body,seven,CD,37
body,seventeen,CD,4
body,seventeenth,NN,5
body,seventh,JJ,5
body,seventy,CD,5
body,several,JJ,105
body,severallady,JJ,1
body,severally,RB,2
body,severe,JJ,11
body,severely,RB,11
body,severest,JJS,1
body,severity,NN,1
body,severly,RB,1
body,sevreiga,NN,1
body,sgd,NN,3
body,sgt.,NN,1
body,shadow,NN,1
body,shake,VB,2
body,shaken,VBN,1
body,shall,MD,229
body,shame,NN,5
body,shameful,JJ,1
body,shamefully,RB,1
body,shamelessly,RB,1
body,shanties,NNS,1
body,shape,NN,6
body,shaping,VBG,1
body,share,NN,7
body,share,VB,2
body,share,VBP,1
body,shared,VBD,1
body,shared,VBN,2
body,sharing,VBG,2
body,sharks,NNS,1
body,sharply,RB,1
body,shatter,VB,1
body,shave,VB,1
body,shaved,VBD,1
body,she,PRP,32
body,sheathing,VBG,1
body,shed,VBD,1
body,sheep,NN,1
body,shell,NN,1
body,shelter,NN,1
body,sheltered,JJ,2
body,shenk,NNP,1
body,sheridans,NNS,1
body,sheriff,NN,5
body,sheriffs,NNS,1
body,sherman,NNP,2
body,sheuk,NN,1
body,shew,NN,4
body,shew,VB,6
body,shewing,VBG,1
body,shewn,NN,2
body,shews,NNS,1
body,shift,VB,1
body,shined,VBN,1
body,ship,NN,1
body,shipment,NN,3
body,shipments,NNS,1
body,shipped,VBN,6
body,shipping,VBG,2
body,shirk,VB,1
body,shirt,NN,1
body,shivered,VBN,1
body,shocking,JJ,1
body,shoe,NN,1
body,shook,VBD,2
body,shoot,VB,10
body,shooting,NN,10
body,shooting,VBG,1
body,shop,NN,1
body,shops,NNS,1
body,shore,NN,2
body,short,JJ,29
body,shortens,VBZ,1
body,shorter,JJR,2
body,shortest,JJS,1
body,shortly,RB,6
body,shorts,NNS,1
body,shot,NN,16
body,shot,VBD,8
body,shot,VBN,23
body,shots,NNS,4
body,should,MD,481
body,show,NN,3
body,show,VB,35
body,show,VBP,11
body,showed,VBD,5
body,showered,VBD,1
body,showing,VBG,21
body,shown,VBN,26
body,shows,NNS,1
body,shows,VBZ,14
body,shoſweld,VBD,1
body,shrewd,JJ,1
body,shrink,VB,1
body,shrub,NN,1
body,sick,JJ,15
body,sickly,JJ,2
body,sickness,NN,3
body,side,NN,35
body,sides,NNS,5
body,siege,NN,2
body,sience,NN,1
body,siezed,VBN,1
body,sień,NN,1
body,sighned,VBD,1
body,sight,NN,4
body,sign,VB,5
body,signal,NN,7
body,signalling,NN,1
body,signature,NN,7
body,signatures,NNS,7
body,signed,VBD,10
body,signed,VBN,15
body,significance,NN,2
body,significant,JJ,1
body,signify,VB,1
body,signing,VBG,1
body,signs,NNS,2
body,signs,VBZ,1
body,sihee,NN,1
body,silence,NN,4
body,silent,JJ,6
body,silently,RB,1
body,silly,JJ,1
body,silver,NN,1
body,similar,JJ,33
body,similarly,RB,3
body,simple,JJ,13
body,simpler,JJR,1
body,simplest,JJS,2
body,simplicity,NN,1
body,simplie,NN,1
body,simply,RB,34
body,simultaneous,JJ,1
body,simultaneously,RB,1
body,since,IN,125
body,since,RB,1
body,sincere,JJ,5
body,sincerely,RB,6
body,sincerest,JJS,2
body,sincerity,NN,2
body,sinecure,NN,1
body,single,JJ,12
body,singled,VBN,1
body,singular,JJ,1
body,sink,VBP,1
body,sinking,VBG,1
body,sion,NN,1
body,sioner,NN,1
body,sions,NNS,1
body,sioux,NN,1
body,sir,NNP,5
body,sistency,NN,1
body,sister,NN,5
body,sister-in-law,NN,1
body,sisters,NNS,4
body,sit,VB,2
body,site,NN,5
body,sites,NNS,3
body,sits,VBZ,2
body,sitting,VBG,7
body,sittings,NNS,1
body,situated,JJ,1
body,situated,VBD,1
body,situated,VBN,9
body,situation,NN,18
body,situations,NNS,1
body,six,CD,45
body,sixteen,CD,5
body,sixteen-page,JJ,1
body,sixteenth,NN,2
body,sixth,JJ,8
body,sixty,CD,24
body,sixty-five,CD,1
body,sixty-six,CD,2
body,size,NN,1
body,sketches,NNS,2
body,skill,NN,1
body,skillful,JJ,1
body,skin,NN,1
body,skirmish,NN,1
body,sky,NN,1
body,slain,VBN,1
body,slander,NN,1
body,slandered,VBN,1
body,slanders,NNS,2
body,slave,NN,2
body,slaveholder,NN,1
body,slavery,NN,1
body,slaves,NNS,7
body,slected,VBN,1
body,sleelking,VBG,1
body,sleep,VB,1
body,sleeping,VBG,2
body,sleeps,VBZ,1
body,slept,VBD,1
body,slight,JJ,6
body,slightaly,RB,1
body,slightest,JJS,7
body,slightly,RB,1
body,slip,NN,2
body,slow,JJ,2
body,slower,JJR,1
body,slowly,RB,3
body,slur,NN,1
body,small,JJ,42
body,small-arms,NNS,1
body,smaller,JJR,1
body,smallest,JJS,2
body,smiled,VBD,1
body,smoke,NN,1
body,smoked,VBN,2
body,smooth,JJ,1
body,smooth,VB,1
body,sneers,NNS,1
body,sniper,NN,1
body,snow,NN,1
body,so,IN,25
body,so,RB,524
body,so-called,JJ,8
body,so-styled,JJ,2
body,soars,VBZ,1
body,sober,JJ,5
body,sobriety,NN,1
body,socalled,JJ,1
body,social,JJ,12
body,socially,RB,1
body,societies,NNS,1
body,society,NN,3
body,soften,VB,4
body,soil,NN,2
body,sojourn,NN,1
body,sold,VBD,5
body,sold,VBN,25
body,soldeir,NN,1
body,soldier,NN,55
body,soldiers,NNS,64
body,sole,JJ,6
body,solely,RB,9
body,solemn,JJ,3
body,solemnly,RB,3
body,solicit,VB,10
body,solicitation,NN,3
body,solicited,VBN,1
body,solicitor,NN,1
body,solicitude,NN,3
body,solution,NN,3
body,some,DT,332
body,somebody,NN,1
body,somehow,RB,1
body,somethig,NN,1
body,something,NN,17
body,sometime,RB,3
body,sometimes,RB,4
body,somewhat,RB,16
body,somewhere,RB,3
body,son,NN,51
body,son-in-law,NN,1
body,song,NN,1
body,sons,NNS,6
body,soon,RB,138
body,sooner,RB,2
body,sooner,RBR,6
body,sore,JJ,2
body,sorrow,NN,1
body,sorry,JJ,6
body,sort,NN,5
body,sorts,NNS,4
body,sory,JJ,1
body,sory,NN,2
body,sought,VBD,6
body,sought,VBN,9
body,soul,NN,1
body,souls,NNS,2
body,sound,JJ,3
body,sound,NN,3
body,source,NN,12
body,sources,NNS,6
body,south,JJ,1
body,south,NN,3
body,south,RB,4
body,southern,JJ,11
body,southerners,NNS,1
body,southron,NN,1
body,southwest,NN,2
body,southwestern,JJ,1
body,sovereign,JJ,1
body,sovereignty,NN,1
body,space,NN,3
body,spaces,NNS,1
body,spanish,NNP,1
body,spare,JJ,3
body,spare,VB,18
body,spare,VBP,1
body,spared,VBN,11
body,sparsely,RB,1
body,speach,NN,2
body,speak,VB,20
body,speak,VBP,9
body,speake,VB,1
body,speakers,NNS,3
body,speaking,NN,3
body,speaking,VBG,2
body,speaks,VBZ,6
body,spec,NN,2
body,spech,NN,1
body,speci,SYM,1
body,special,JJ,63
body,specializing,VBG,2
body,specially,RB,9
body,specie,NN,4
body,specific,JJ,7
body,specifically,RB,2
body,specification,NN,10
body,specifications,NNS,20
body,specified,VBN,8
body,specifying,VBG,1
body,speciman,NN,1
body,specimen,NN,1
body,specimens,NNS,2
body,spection,NN,1
body,speculation,NN,1
body,speculators,NNS,2
body,speech,NN,14
body,speeches,NNS,4
body,speed,NN,2
body,speedily,RB,2
body,speedy,JJ,7
body,spell,NN,2
body,spend,VB,15
body,spending,NN,1
body,spending,VBG,1
body,spent,VBD,5
body,spent,VBN,4
body,spere,NN,1
body,sphere,NN,2
body,spies,NNS,1
body,spirit,NN,21
body,spirits,NNS,1
body,spiritually,RB,1
body,spirituous,JJ,1
body,spite,NN,8
body,spiteful,JJ,1
body,spitfire,NN,1
body,splendid,JJ,3
body,spoke,VBD,11
body,spoken,VBN,12
body,spontaneous,JJ,2
body,sports,NNS,1
body,spot,NN,4
body,spotless,JJ,1
body,spread,NN,1
body,spread,VBN,1
body,spring,NN,7
body,springing,VBG,1
body,springs,NNS,2
body,spurned,VBN,1
body,spurs,VBZ,1
body,spy,NN,2
body,squabble,NN,2
body,squad,NN,2
body,squads,NNS,1
body,square,JJ,2
body,square,NN,1
body,squat,JJ,1
body,squatted,VBN,1
body,squatters,NNS,9
body,squatting,VBG,1
body,st,VBD,1
body,stability,NN,2
body,stable,JJ,1
body,stables,NNS,2
body,staff,NN,47
body,staff-officers,NNS,1
body,stage,NN,5
body,staid,VBD,1
body,stain,VB,2
body,stallion,NN,1
body,stamp,NN,1
body,stamp,VB,1
body,stamped,VBN,1
body,stances,NNS,1
body,stand,NN,4
body,stand,VB,17
body,stand,VBP,7
body,standard,JJ,1
body,standard,NN,3
body,standing,NN,18
body,standing,VBG,17
body,standingferee,NN,1
body,standpoint,NN,1
body,stands,NNS,2
body,stands,VBZ,4
body,staple,NN,1
body,star,NN,1
body,staring,VBG,1
body,stars,NNS,2
body,start,NN,5
body,start,VB,16
body,start,VBP,4
body,started,VBD,9
body,started,VBN,4
body,starting,VBG,4
body,startling,JJ,1
body,starts,VBZ,1
body,starvation,NN,1
body,starve,VB,3
body,starſt,VB,1
body,state,NN,213
body,state,VB,21
body,state,VBP,5
body,stated,VBD,20
body,stated,VBN,44
body,statement,NN,100
body,statements,NNS,56
body,statemts,NNS,1
body,states,NNS,53
body,states,VBZ,12
body,statesman,NN,1
body,stating,VBG,25
body,station,NN,15
body,stationed,VBD,5
body,stationed,VBN,21
body,stationery,NN,1
body,stations,NNS,2
body,statistics,NNS,5
body,statments,NNS,1
body,status,NN,10
body,statute,NN,3
body,statutes,NNS,1
body,stay,NN,5
body,stay,VB,10
body,stay,VBP,2
body,stayed,VBD,1
body,stead,NN,9
body,steadfastly,RB,1
body,steadily,RB,2
body,steady,JJ,1
body,steal,VB,3
body,stealing,NN,1
body,stealing,VBG,3
body,steam,NN,1
body,steam-Boat,NN,1
body,steamboat,NN,4
body,steamer,NN,5
body,steamship,NN,4
body,steared,VBN,1
body,steddy,JJ,1
body,steel,NN,1
body,steeped,VBN,1
body,step,NN,10
body,step,VB,2
body,stepped,VBD,1
body,steps,NNS,28
body,stepson,NN,1
body,steres,NNS,1
body,sterling,JJ,1
body,steward,NNP,1
body,stick,VB,1
body,stieh,NN,1
body,stigma,NN,2
body,stigmatized,VBN,1
body,still,RB,72
body,stimulate,VB,2
body,stip,NN,1
body,stipulated,VBN,1
body,stipulates,VBZ,2
body,stipulating,VBG,1
body,stipulations,NNS,5
body,stired,VBN,1
body,stitution,NN,1
body,stock,NN,13
body,stockades,NNS,1
body,stole,VBD,2
body,stolen,VBN,8
body,stone,NN,1
body,stones,NNS,1
body,stood,VBD,12
body,stood,VBN,2
body,stop,VB,14
body,stoped,VBD,1
body,stoped,VBN,1
body,stoppage,NN,3
body,stopped,VBD,2
body,stopped,VBN,1
body,stopping,VBG,2
body,store,NN,7
body,store,VB,1
body,store,VBP,1
body,stored,VBD,1
body,stored,VBN,3
body,storekeeper,NN,1
body,stores,NNS,19
body,stories,NNS,1
body,storing,VBG,1
body,storm,NN,4
body,story,NN,4
body,stout,NN,1
body,stove,NN,1
body,stoves,NNS,1
body,straight,JJ,1
body,straight,RB,2
body,strained,VBD,2
body,stranded,VBN,1
body,strange,JJ,4
body,stranger,NN,7
body,strangers,NNS,3
body,strategy,NN,2
body,straw,NN,1
body,stream,NN,1
body,streams,NNS,1
body,street,NN,12
body,streets,NNS,2
body,strenght,NN,1
body,strength,NN,17
body,strengthen,VB,1
body,strengthened,VBD,2
body,strengthened,VBN,2
body,stricken,VBN,2
body,strict,JJ,7
body,strictly,RB,7
body,strife,NN,2
body,strike,NN,4
body,strike,VB,2
body,strikes,VBZ,1
body,striking,JJ,6
body,striking,VBG,4
body,string,VB,1
body,stringent,JJ,4
body,striped,JJ,1
body,stripped,VBN,2
body,strips,NNS,1
body,stript,VBP,1
body,strive,VB,1
body,striven,VBN,1
body,strong,JJ,24
body,stronger,JJR,2
body,strongest,JJS,2
body,strongly,RB,13
body,struck,VBD,11
body,struck,VBN,2
body,struction,NN,2
body,structure,NN,2
body,struggle,NN,9
body,struggled,VBD,1
body,student,NN,3
body,students,NNS,3
body,studied,VBD,1
body,studieng,NN,1
body,studies,NNS,4
body,studiously,RB,1
body,study,NN,6
body,study,VB,1
body,stump,NN,1
body,stupendous,JJ,1
body,style,NN,5
body,sub,NN,2
body,sub,SYM,1
body,subaltern,JJ,1
body,subdistrict,NN,1
body,subdivided,VBD,1
body,subdivisions,NNS,1
body,subduing,VBG,1
body,subenclosures,NNS,1
body,subject,JJ,65
body,subject,NN,159
body,subject,VB,1
body,subject-matter,NN,1
body,subjected,VBN,4
body,subjecting,VBG,1
body,subjects,NNS,8
body,subjugated,JJ,1
body,subjugation,NN,1
body,submission,NN,4
body,submit,VB,51
body,submit,VBP,13
body,submits,VBZ,15
body,submitted,VBD,10
body,submitted,VBN,77
body,submitting,VBG,6
body,subordinate,JJ,7
body,subordinate,NN,5
body,subordinated,VBN,1
body,subordinates,NNS,4
body,subordination,NN,1
body,subornation,NN,1
body,subpoenaed,VBN,1
body,subpoenied,VBN,1
body,subpoenya,NN,1
body,subscribe,VB,2
body,subscribe,VBP,3
body,subscribed,VBD,2
body,subscribed,VBN,1
body,subscribing,VBG,1
body,subscription,NN,1
body,subsequent,JJ,21
body,subsequently,RB,18
body,subserve,VB,1
body,subserved,VBN,1
body,subservient,JJ,1
body,subsided,VBN,1
body,subsides,NNS,1
body,subsidies,NNS,1
body,subsidy,NN,8
body,subsist,VB,1
body,subsisted,VBN,1
body,subsistence,NN,11
body,substance,NN,9
body,substantial,JJ,6
body,substantially,RB,21
body,substantiate,VB,1
body,substantiated,VBN,2
body,substinence,NN,1
body,substitute,NN,2
body,substitute,VB,1
body,substituted,VBN,3
body,substituting,VBG,1
body,substitution,NN,1
body,subversive,JJ,1
body,succeded,VBN,1
body,succeed,VB,11
body,succeed,VBP,1
body,succeeded,VBD,3
body,succeeded,VBN,27
body,succeeding,VBG,5
body,success,NN,28
body,successes,NNS,2
body,successful,JJ,10
body,successfully,RB,2
body,succession,NN,2
body,successive,JJ,1
body,successively,RB,2
body,successor,NN,18
body,successors,NNS,4
body,succinct,JJ,2
body,such,JJ,359
body,such,PDT,62
body,sucker,NN,1
body,sudden,JJ,3
body,suddenly,RB,6
body,sued,VBN,2
body,sueh,NN,1
body,suffer,VB,7
body,suffer,VBP,1
body,sufferage,NN,1
body,suffered,VBD,2
body,suffered,VBN,8
body,sufferers,NNS,3
body,suffering,NN,21
body,suffering,VBG,10
body,sufferings,NNS,2
body,sufferred,VBN,1
body,suffers,VBZ,2
body,suffice,VB,1
body,sufficent,JJ,1
body,sufficient,JJ,55
body,sufficiently,RB,6
body,sufficing,VBG,1
body,sufficnt,JJ,1
body,suffieieht,NN,1
body,suffrage,NN,7
body,sugar,NN,2
body,suggest,VB,36
body,suggest,VBP,10
body,suggested,VBD,14
body,suggested,VBN,21
body,suggesting,VBG,9
body,suggestion,NN,41
body,suggestions,NNS,24
body,suggestive,JJ,1
body,suggests,VBZ,2
body,suit,NN,24
body,suit,VB,5
body,suitable,JJ,11
body,suited,VBN,1
body,suits,NNS,18
body,suits,VBZ,2
body,sulphurous,JJ,1
body,sum,NN,34
body,sumery,NN,2
body,summarily,RB,1
body,summary,NN,8
body,summer,NN,13
body,summer-time,JJ,1
body,summers,NNS,1
body,summon,VB,2
body,summoned,VBD,1
body,sums,NNS,7
body,sun,NN,1
body,sundry,JJ,4
body,sunk,VBN,5
body,sunrise,NN,1
body,superanuated,VBN,1
body,superb,JJ,1
body,superceed,VBD,1
body,superintend,VB,1
body,superintended,VBN,1
body,superintendent,NN,8
body,superintendents,NNS,1
body,superior,JJ,24
body,superiority,NN,1
body,superiors,NNS,2
body,superor,JJ,1
body,superseding,VBG,1
body,supervised,VBN,1
body,supervision,NN,3
body,suport,NN,1
body,suporters,NNS,1
body,supper,NN,1
body,suppesed,VBD,1
body,suppessing,VBG,1
body,supplanting,VBG,1
body,supplemental,JJ,2
body,supplementary,JJ,9
body,supplemented,VBD,1
body,suppliant,JJ,1
body,supplications,NNS,1
body,supplied,VBN,12
body,supplies,NNS,17
body,supply,NN,4
body,supply,VB,8
body,supplying,VBG,4
body,support,NN,38
body,support,VB,20
body,support,VBP,1
body,supported,VBD,2
body,supported,VBN,5
body,supporter,NN,2
body,supporters,NNS,2
body,supporting,VBG,2
body,supports,VBZ,11
body,suppose,VB,14
body,suppose,VBP,21
body,supposed,VBD,7
body,supposed,VBN,31
body,supposing,VBG,4
body,supposition,NN,4
body,suppress,VB,4
body,suppress,VBP,1
body,suppressing,VBG,1
body,suppression,NN,5
body,supremacy,NN,1
body,supreme,JJ,3
body,supreme,NN,2
body,sure,JJ,32
body,sure,RB,3
body,surely,RB,5
body,sureties,NNS,1
body,surface,NN,3
body,surgeon,NN,3
body,surgeons,NNS,4
body,surgery,NN,1
body,surgical,JJ,1
body,surities,NNS,1
body,surmise,NN,1
body,surplus,NN,3
body,surprise,NN,7
body,surprise,VB,1
body,surprised,JJ,1
body,surprised,VBN,4
body,surrender,NN,6
body,surrender,VB,8
body,surrender,VBP,1
body,surrendered,VBD,3
body,surrendered,VBN,4
body,surrendering,VBG,3
body,surrenders,VBZ,1
body,surround,VBP,2
body,surrounded,VBN,1
body,surroundings,NNS,1
body,survey,NN,5
body,surveyed,VBN,1
body,surveying,VBG,2
body,surveyor,NN,1
body,surveys,NNS,7
body,survive,VB,1
body,survived,VBD,2
body,surviving,VBG,2
body,susceptible,JJ,2
body,suspect,VB,2
body,suspect,VBP,1
body,suspected,VBN,6
body,suspend,VB,26
body,suspended,VBD,4
body,suspended,VBN,25
body,suspending,VBG,6
body,suspends,VBZ,1
body,suspensien,NN,1
body,suspension,NN,34
body,suspicion,NN,8
body,suspicions,NNS,2
body,suspicious,JJ,1
body,sustain,VB,10
body,sustained,JJ,1
body,sustained,VBD,5
body,sustained,VBN,17
body,sustaining,VBG,3
body,sustains,VBZ,1
body,sustenance,NN,1
body,sutler,NN,3
body,sutlers,NNS,1
body,suſplplied,VBN,1
body,svt,NN,14
body,swam,VBD,1
body,swamp,VB,1
body,swamp,VBP,1
body,swamped,VBN,1
body,swayed,VBN,2
body,swear,VB,2
body,swearing,NN,1
body,swears,NNS,1
body,swears,VBZ,7
body,sweeping,JJ,2
body,swell,VBP,1
body,swells,VBZ,1
body,swept,VBD,1
body,swept,VBN,1
body,swerve,VB,1
body,swolen,NN,1
body,sword,NN,4
body,swore,VBD,4
body,sworn,VBN,9
body,swung,VBD,1
body,sy,NN,1
body,sympathetic,JJ,1
body,sympathies,NNS,2
body,sympathise,VBP,1
body,sympathizers,NNS,2
body,sympathizing,VBG,2
body,sympathy,NN,10
body,sympathysers,NNS,1
body,synopsis,NN,6
body,system,NN,11
body,systematic,JJ,1
body,sº,UNK,2
body,sºta,NN,1
body,sŠtorekeeper,NN,1
body,t,NN,37
body,t,UNK,9
body,t.,FW,3
body,t.,NN,2
body,t.,NNP,2
body,ta,UNK,1
body,table,NN,6
body,tabular,JJ,4
body,tacit,JJ,2
body,tacitly,RB,1
body,tactics,NNS,2
body,tail,NN,1
body,tainted,VBN,1
body,take,VB,223
body,take,VBP,34
body,taken,VBD,1
body,taken,VBN,179
body,takes,VBZ,9
body,taking,NN,2
body,taking,VBG,43
body,talent,NN,1
body,talk,NN,6
body,talk,VB,3
body,talked,VBD,2
body,talked,VBN,1
body,talking,NN,1
body,talking,VBG,2
body,tall,JJ,2
body,tampered,VBN,1
body,tampering,VBG,1
body,tangible,JJ,1
body,tape,NN,1
body,tardy,JJ,1
body,target,NN,2
body,tariff,NN,3
body,task,NN,2
body,tasks,NNS,1
body,tast,NN,1
body,taste,NN,2
body,tattoo,NN,1
body,taught,VBD,2
body,taught,VBN,2
body,tax,NN,37
body,tax-payers,NNS,1
body,taxation,NN,5
body,taxed,VBN,4
body,taxes,NNS,20
body,te,FW,3
body,te,IN,4
body,te,NN,16
body,te,NNP,1
body,te,RB,1
body,te,VBP,2
body,teach,VB,3
body,teacher,NN,1
body,teachers,NNS,1
body,teaching,NN,1
body,teachings,NNS,1
body,teagainst,NN,1
body,team,NN,6
body,teams,NNS,2
body,teamsters,NNS,1
body,tearing,VBG,1
body,technical,JJ,2
body,technically,RB,2
body,teday,NN,1
body,tedious,JJ,2
body,teld,JJ,1
body,telegaping,VBG,1
body,telegram,NN,820
body,telegrams,NN,4
body,telegrams,NNS,25
body,telegraph,NN,44
body,telegraph,VB,13
body,telegraph,VBP,5
body,telegraphed,VBD,321
body,telegraphed,VBN,58
body,telegrapher,NN,1
body,telegraphers,NNS,2
body,telegraphic,JJ,19
body,telegraphs,VBZ,5
body,tell,VB,16
body,tell,VBP,2
body,telling,VBG,6
body,tells,VBZ,1
body,tements,NNS,1
body,temerity,NN,1
body,temper,NN,7
body,temperate,JJ,1
body,temple,NN,1
body,temporarily,RB,15
body,temporary,JJ,17
body,temporily,RB,1
body,temptation,NN,1
body,tempted,VBN,2
body,ten,CD,41
body,tenants,NNS,1
body,tence,NN,1
body,tend,VB,3
body,tend,VBP,1
body,tendency,NN,4
body,tender,JJ,1
body,tender,NN,1
body,tender,VB,3
body,tendered,VBN,5
body,tending,VBG,3
body,tends,VBZ,1
body,tenor,NN,3
body,tens,NNS,1
body,tension,NN,1
body,tent,NN,12
body,tenth,NN,4
body,tenths,NNS,3
body,tents,NNS,4
body,tenure,NN,4
body,ter,NN,1
body,teritory,JJ,1
body,term,NN,23
body,term,VBP,2
body,termed,VBN,1
body,terminate,VB,2
body,terminate,VBP,1
body,terminated,VBD,1
body,terminated,VBN,6
body,termination,NN,3
body,terminus,NN,3
body,terms,NNS,50
body,terrible,JJ,3
body,terrified,VBN,1
body,territorial,JJ,1
body,territories,NNS,3
body,territory,NN,5
body,terror,NN,6
body,ters,NNS,1
body,test,NN,28
body,test,VB,4
body,test-oath,NN,5
body,tested,VBN,2
body,testified,VBD,4
body,testified,VBN,1
body,testifies,VBZ,14
body,testify,VB,4
body,testify,VBP,1
body,testifying,VBG,2
body,testimonials,NNS,7
body,testimony,NN,42
body,testing,VBG,2
body,teuehing,VBG,1
body,text,NN,3
body,th,DT,4
body,thBounty,NN,1
body,thair,NN,1
body,thairs,VB,1
body,thakful,JJ,1
body,than,IN,241
body,thank,VB,24
body,thank,VBP,1
body,thanked,VBD,1
body,thankful,JJ,5
body,thankfully,RB,2
body,thanking,VBG,1
body,thanks,NNS,16
body,thare,NN,1
body,that,DT,627
body,that,IN,2922
body,that,RB,1
body,that,VB,1
body,that,WDT,350
body,thats,NNS,1
body,thbounty,NN,1
body,the,DT,20711
body,thea,IN,1
body,theat,NN,1
body,theater,NN,2
body,theatre,NN,1
body,theft,NN,3
body,their,PRP$,565
body,them,PRP,508
body,theme,NN,2
body,themselfes,NNS,1
body,themselve,RB,1
body,themselves,PRP,49
body,then,RB,206
body,thence,RB,5
body,theories,NNS,3
body,theory,NN,2
body,there,EX,308
body,there,RB,120
body,thereabouts,NNS,1
body,thereafter,RB,7
body,thereby,RB,15
body,therefor,RB,15
body,therefore,RB,167
body,therefrom,RB,6
body,thereheretofore,RB,1
body,therein,RB,37
body,thereof,RB,11
body,thereon,IN,1
body,thereon,NN,18
body,thereon,RB,3
body,thereto,NN,1
body,thereto,RB,21
body,thereunder,RB,3
body,thereupon,RB,4
body,therewith,RB,7
body,therfor,IN,1
body,thern,NN,1
body,theron,RB,1
body,thes,NNS,6
body,thes,RB,1
body,these,DT,399
body,thetights,NNS,1
body,they,PRP,572
body,thickley,NN,1
body,thief,NN,1
body,thieves,NNS,2
body,thieving,VBG,2
body,thime,NN,1
body,thing,NN,57
body,things,NNS,33
body,think,VB,59
body,think,VBP,159
body,thinking,VBG,2
body,thinks,VBZ,14
body,third,JJ,23
body,thirdly,RB,1
body,thirds,NNS,5
body,thirteen,CD,6
body,thirteenth,IN,1
body,thirteenth,NN,2
body,thirtieth,NN,1
body,thirty,CD,26
body,thirty-first,NN,2
body,this,DT,1804
body,thise,NN,1
body,thmg,NN,1
body,tho,IN,3
body,tho,NN,3
body,thoes,NNS,1
body,thoroug,NN,1
body,thorough,JJ,14
body,thoroughly,RB,10
body,those,DT,173
body,thotught,JJ,1
body,though,IN,50
body,though,RB,2
body,thought,NN,2
body,thought,VBD,37
body,thought,VBN,29
body,thoughtful,JJ,3
body,thoughts,NNS,5
body,thouroughly,RB,1
body,thousan,RB,1
body,thousand,CD,75
body,thousands,NNS,12
body,thoſsel,RB,1
body,thrashing,NN,1
body,thre,CD,1
body,threat,NN,2
body,threaten,VB,2
body,threaten,VBP,3
body,threatened,VBD,2
body,threatened,VBN,10
body,threatening,JJ,4
body,threatening,VBG,4
body,threatens,VBZ,1
body,threats,NNS,6
body,three,CD,124
body,threshing,VBG,1
body,threugh,NN,1
body,thrice,NN,1
body,thrift,NN,2
body,thriftily,RB,1
body,thro,IN,1
body,thro,NN,10
body,throb,VB,2
body,through,IN,147
body,throughout,IN,12
body,throw,VB,7
body,throwing,VBG,1
body,thrown,VBN,8
body,throws,VBZ,1
body,thru,IN,1
body,thrugh,IN,2
body,thrusting,VBG,1
body,thursday,NNP,1
body,thus,RB,77
body,thwarted,VBD,1
body,thwarted,VBN,1
body,thy,PRP$,2
body,ticket,NN,8
body,tickets,NNS,2
body,tide,NN,2
body,tied,VBD,2
body,tied,VBN,6
body,tieket,NN,1
body,tier,NN,1
body,ties,NNS,2
body,til,VB,1
body,till,IN,54
body,timber,NN,6
body,time,NN,495
body,time,VB,1
body,timed,VBN,2
body,times,NNS,38
body,timid,JJ,3
body,timothy,NN,1
body,tion,NN,3
body,tipea,FW,1
body,tirely,RB,1
body,tis,NN,1
body,tis,RB,1
body,tition,NN,1
body,title,NN,19
body,titles,NNS,3
body,tlly,RB,1
body,to,TO,13012
body,to-day,JJ,6
body,to-day,NN,5
body,to-days,JJ,1
body,to-gether,NN,1
body,to-morrow,NN,8
body,to-morrow,RB,2
body,to-night,NN,1
body,tobacco,NN,6
body,today,NN,39
body,toes,NNS,1
body,together,RB,50
body,together,RP,2
body,toil,VBP,2
body,told,VBD,35
body,told,VBN,12
body,tolerated,VBN,1
body,tolls,NNS,1
body,tomahawk,NN,1
body,tomorrow,NN,25
body,tone,NN,4
body,tongue,NN,1
body,tongues,NNS,1
body,tonight,NN,1
body,tonight,RB,2
body,too,RB,78
body,took,VBD,69
body,tool,NN,1
body,tools,NNS,1
body,top,JJ,1
body,top,NN,5
body,topic,NN,1
body,topics,NNS,1
body,tops,NNS,1
body,tore,VBD,2
body,torn,VBN,4
body,total,JJ,16
body,total,NN,3
body,totally,RB,8
body,toto,NN,1
body,touched,VBN,2
body,touches,NNS,2
body,touching,VBG,18
body,tour,NN,3
body,tow,NN,1
body,toward,IN,6
body,towards,IN,41
body,towed,VBN,1
body,tower,NN,1
body,towit,NN,3
body,town,NN,22
body,towns,NNS,4
body,township,NN,1
body,townships,NNS,1
body,trabe,VB,1
body,tracable,JJ,1
body,trace,NN,2
body,trace,VB,5
body,tracing,VBG,2
body,tracings,NNS,1
body,track,NN,5
body,track,VB,1
body,tract,NN,5
body,tracts,NNS,1
body,trade,NN,8
body,trade,VB,1
body,trader,NN,10
body,traders,NNS,4
body,trading,NN,3
body,traducing,VBG,1
body,traffic,NN,2
body,tragedy,NN,1
body,trail,NN,2
body,train,NN,9
body,training,NN,1
body,trains,NNS,7
body,trait,NN,1
body,traitors,NNS,3
body,trammelled,VBN,1
body,tramp,NN,1
body,trample,VB,1
body,transact,VB,3
body,transacting,VBG,1
body,transaction,NN,10
body,transactions,NNS,8
body,transcript,NN,6
body,transfer,NN,41
body,transfer,VB,11
body,transfer-warrant,JJ,1
body,transfered,VBN,8
body,transferred,VBD,1
body,transferred,VBN,17
body,transit,NN,2
body,transitu,NN,1
body,translated,VBN,1
body,translation,NN,6
body,transmission,NN,3
body,transmit,VB,87
body,transmit,VBP,12
body,transmitherewith,VB,1
body,transmittal,NN,1
body,transmitted,VBD,9
body,transmitted,VBN,38
body,transmitting,VBG,17
body,transpire,VB,1
body,transpired,VBD,1
body,transpires,NNS,1
body,transpires,VBZ,1
body,transportasion,NN,1
body,transportation,NN,28
body,transported,VBN,7
body,transporting,VBG,2
body,transports,NNS,1
body,trash,NN,1
body,travel,NN,5
body,travel,VB,5
body,travel,VBP,1
body,traveled,VBD,2
body,traveler,NN,1
body,traveling,VBG,2
body,travelled,VBD,2
body,travelled,VBN,2
body,travellers,NNS,1
body,travelling,VBG,4
body,traversed,VBN,1
body,treacherous,JJ,1
body,treachery,NN,2
body,treason,NNS,4
body,treasonable,JJ,1
body,treasure,NN,4
body,treasurer,NN,5
body,treasury,NN,1
body,treat,VB,4
body,treat,VBP,2
body,treated,VBD,1
body,treated,VBN,11
body,treaties,NNS,2
body,treating,VBG,2
body,treatment,NN,23
body,treats,VBZ,2
body,treaty,NN,21
body,tree,NN,6
body,trees,NNS,3
body,treeted,VBN,1
body,treetment,NN,1
body,tremble,VBP,1
body,tremendous,JJ,2
body,tremens,NNS,1
body,trenches,NNS,1
body,trespass,NN,4
body,tresspass,NN,1
body,trial,NN,138
body,trials,NNS,9
body,tribe,NN,15
body,tribes,NNS,6
body,tribunal,NN,8
body,tribunals,NNS,4
body,tributaries,NNS,1
body,tribute,NN,1
body,trie,VB,1
body,tried,JJ,1
body,tried,VBD,21
body,tried,VBN,41
body,trieing,VBG,1
body,tries,VBZ,1
body,trifle,RB,1
body,trifling,JJ,3
body,triggered,VBD,1
body,trip,NN,3
body,triplicate,NN,1
body,triumph,NN,3
body,triumphant,JJ,4
body,trivial,JJ,1
body,trod,VBN,1
body,troops,NNS,104
body,tropical,JJ,1
body,trot,VB,1
body,trotter,NN,1
body,trouble,NN,27
body,troubled,JJ,1
body,troubled,VBN,1
body,troubles,NNS,12
body,troublesome,JJ,3
body,troubling,JJ,1
body,troubling,VBG,3
body,troups,NNS,1
body,trowsers,NNS,1
body,trubble,NN,1
body,true,JJ,52
body,truest,JJS,2
body,truly,RB,11
body,trumpet,VB,1
body,trunks,NNS,1
body,trust,NN,22
body,trust,VB,4
body,trust,VBP,16
body,trust-deeds,NNS,1
body,trust-worthy,JJ,1
body,trusted,VBN,1
body,trustee,NN,2
body,trusting,VBG,4
body,trusts,NNS,1
body,trustworthy,JJ,1
body,truth,NN,17
body,truthful,JJ,3
body,truthfulness,NN,2
body,truths,NNS,1
body,try,NN,1
body,try,VB,16
body,try,VBP,2
body,tryed,VBN,1
body,trying,VBG,11
body,tuesday,NNP,6
body,tunnel,NN,1
body,turfman,NN,1
body,turh,VB,1
body,turn,NN,6
body,turn,VB,17
body,turn,VBP,2
body,turned,VBD,8
body,turned,VBN,18
body,turning,VBG,4
body,twelfth,JJ,2
body,twelve,CD,16
body,twentieth,NN,1
body,twenty,CD,52
body,twenty-five,CD,2
body,twenty-fourth,JJ,1
body,twenty-ninth,JJ,1
body,twenty-one,CD,1
body,twenty-six,CD,1
body,twenty-two,JJ,1
body,twenty20,NN,1
body,twice,RB,18
body,two,CD,245
body,two-page,JJ,1
body,two-thirds,NNS,1
body,twould,NN,1
body,type,NN,3
body,tyranized,VBD,1
body,tyranny,NN,4
body,tº,UNK,4
body,u,UNK,2
body,u.,NN,1
body,ugly,JJ,1
body,ult,NN,11
body,ult.,NN,2
body,ultamatly,RB,1
body,ulterior,JJ,3
body,ultimate,JJ,1
body,ultimately,RB,3
body,ultimo,NN,23
body,ultimo,NNP,1
body,ulto,NN,14
body,ulto.,NN,7
body,ultra,JJ,2
body,ultra,NN,1
body,ultra,NNS,1
body,un,UNK,1
body,un-ambiguous,JJ,1
body,un-necessary,JJ,1
body,unable,JJ,20
body,unaccompanied,JJ,1
body,unaccounted,JJ,3
body,unaccustomed,JJ,1
body,unaddressed,JJ,3
body,unanimity,NN,4
body,unanimous,JJ,6
body,unanimously,RB,8
body,unarmed,JJ,5
body,unassisted,JJ,1
body,unassuming,JJ,1
body,unattainted,JJ,1
body,unattended,JJ,1
body,unauthorised,JJ,1
body,unauthorized,JJ,4
body,unavailable,JJ,1
body,unavoidable,JJ,2
body,unavoidably,RB,1
body,unbearable,JJ,1
body,unbecoming,VBG,9
body,unbiassed,JJ,1
body,unborn,JJ,1
body,unbreakable,JJ,1
body,unceremonious,JJ,1
body,uncertain,JJ,4
body,uncertainties,NNS,1
body,uncertainty,NN,2
body,unchanged,JJ,1
body,unclaimed,JJ,1
body,uncle,NN,4
body,uncommunicated,JJ,1
body,uncompromising,JJ,1
body,unconcious,JJ,1
body,unconditional,JJ,1
body,unconnected,JJ,1
body,unconstitutional,JJ,5
body,uncontrolled,JJ,1
body,und,VBD,1
body,undated,JJ,27
body,under,IN,510
body,undergo,VB,1
body,undergoing,VBG,2
body,undergone,VBN,1
body,undersign,NN,1
body,undersigned,VBN,14
body,understand,VB,15
body,understand,VBP,28
body,understanding,NN,20
body,understanding,VBG,3
body,understands,VBZ,3
body,understood,VBD,8
body,understood,VBN,22
body,undertake,VB,4
body,undertake,VBP,1
body,undertaken,VBN,1
body,undertaking,NN,2
body,undertaking,VBG,1
body,underwent,VBD,1
body,undeſr,NN,1
body,undisposed,JJ,1
body,undisputed,JJ,2
body,undisturbed,JJ,3
body,undo,VB,1
body,undoubted,JJ,3
body,undoubtedly,RB,8
body,undrawn,JJ,2
body,undue,JJ,3
body,uneasiness,NN,4
body,unecesary,JJ,1
body,unecessary,JJ,1
body,uneducated,JJ,1
body,unemployed,JJ,2
body,unexceptionable,JJ,2
body,unexciteable,JJ,1
body,unexecuted,JJ,1
body,unexpected,JJ,2
body,unexpectedly,RB,1
body,unexpired,JJ,3
body,unexplained,JJ,1
body,unfailing,JJ,1
body,unfair,JJ,4
body,unfairly,RB,1
body,unfaithful,JJ,2
body,unfavorable,JJ,5
body,unfavorably,RB,1
body,unfencing,VBG,1
body,unfinished,JJ,5
body,unfit,JJ,7
body,unfitness,NN,3
body,unfortunate,JJ,6
body,unfortunately,RB,3
body,unfounded,JJ,1
body,unfriendly,JJ,2
body,unfurl,VB,2
body,ungentlemanlike,JJ,1
body,unhappily,RB,2
body,unhappy,JJ,5
body,unheaded,VBN,1
body,unhealthy,JJ,1
body,unhonored,JJ,1
body,unidentified,JJ,1
body,uniform,JJ,3
body,uniform,NN,2
body,uniformed,JJ,2
body,uniformity,NN,1
body,uniformly,RB,4
body,unimpeachable,JJ,1
body,uninformed,JJ,1
body,uninhabited,JJ,1
body,unintentionally,RB,2
body,uninteresting,JJ,2
body,uninterruptedly,RB,1
body,union,NN,18
body,unit,NN,2
body,unite,VB,2
body,unite,VBP,2
body,united,JJ,4
body,united,VBN,7
body,uniting,VBG,1
body,unity,NN,1
body,universal,JJ,12
body,universally,RB,5
body,universities,NNS,1
body,unjust,JJ,7
body,unjustifiable,JJ,1
body,unjustifyable,JJ,1
body,unjustly,RB,1
body,unkindness,NN,1
body,unknown,JJ,9
body,unlawful,JJ,5
body,unlawfully,RB,1
body,unless,IN,100
body,unlikely,JJ,1
body,unlimited,JJ,1
body,unmanly,JJ,1
body,unmarried,JJ,1
body,unmistakable,JJ,1
body,unmistakeable,JJ,1
body,unmistakeably,RB,1
body,unnecessary,JJ,9
body,unniversal,JJ,1
body,unnoticed,JJ,1
body,unobservant,JJ,1
body,unoccupied,JJ,1
body,unofficial,JJ,3
body,unostentatious,JJ,1
body,unpaid,JJ,3
body,unpardoned,JJ,2
body,unpleasant,JJ,4
body,unprincipled,JJ,2
body,unprovoked,JJ,1
body,unpunished,JJ,2
body,unqualified,JJ,2
body,unqualifiedly,RB,1
body,unquestionable,JJ,2
body,unquestionably,RB,2
body,unquestioned,JJ,1
body,unravelled,JJ,1
body,unreasonable,JJ,1
body,unreconstructed,JJ,1
body,unredressed,JJ,1
body,unreliable,JJ,2
body,unremunerative,JJ,1
body,unreserved,JJ,1
body,unresisting,JJ,1
body,unsafe,JJ,1
body,unscrupulous,JJ,3
body,unscrupulousness,NN,1
body,unseemly,JJ,1
body,unsettle,VBP,1
body,unsettled,JJ,1
body,unsigned,JJ,2
body,unsound,JJ,1
body,unsparingly,RB,2
body,unspeakable,JJ,1
body,unsuccessful,JJ,1
body,unsuccessfully,RB,1
body,unsupported,JJ,2
body,unsuspecting,JJ,1
body,unter,VBZ,1
body,until,IN,233
body,untill,JJ,4
body,untill,NN,4
body,untill,VBP,6
body,untill,VBZ,11
body,untimely,JJ,1
body,untiring,JJ,1
body,unto,JJ,3
body,untrue,JJ,2
body,unusual,JJ,6
body,unusually,RB,3
body,unwarrantable,JJ,1
body,unwarranted,JJ,1
body,unwearied,JJ,1
body,unwilling,JJ,5
body,unwise,JJ,2
body,unworthy,JJ,2
body,up,IN,26
body,up,RB,20
body,up,RP,148
body,upen,NN,1
body,uphold,VB,3
body,uplands,NNS,1
body,upon,IN,511
body,upon,RP,1
body,upper,JJ,2
body,upper-tendone,NN,1
body,uprising,NN,1
body,upset,VB,1
body,upwards,NNS,1
body,urge,VB,17
body,urge,VBP,1
body,urged,VBD,12
body,urged,VBN,5
body,urgency,NN,4
body,urgent,JJ,3
body,urgently,RB,3
body,urges,VBZ,1
body,urging,VBG,10
body,us,PRP,134
body,us,UNK,1
body,use,NN,94
body,use,VB,34
body,use,VBP,3
body,used,VBD,7
body,used,VBN,56
body,useful,JJ,6
body,usefully,RB,1
body,usefulness,NN,6
body,useless,JJ,9
body,uses,VBZ,1
body,using,VBG,11
body,usual,JJ,19
body,usually,RB,4
body,usurpation,NN,2
body,usurped,VBD,1
body,usurper,NN,1
body,usurping,VBG,2
body,utensils,NNS,2
body,utility,NN,1
body,utmost,JJ,8
body,utter,JJ,2
body,utterances,NNS,2
body,utterly,RB,14
body,v,LS,1
body,v,UNK,2
body,v.,CC,6
body,v.,IN,5
body,vacancies,NNS,19
body,vacancy,NN,39
body,vacant,JJ,7
body,vacate,VB,4
body,vacated,VBD,1
body,vacated,VBN,3
body,vacating,VBG,1
body,vacation,NN,1
body,vagabonds,NNS,2
body,vague,JJ,3
body,vaguest,JJS,1
body,vain,JJ,1
body,valid,JJ,4
body,validity,NN,3
body,valley,NN,4
body,valuable,JJ,15
body,value,NN,30
body,valued,VBN,1
body,values,NNS,2
body,van,NNP,1
body,vanced,VBD,1
body,vanced,VBN,1
body,vapor,NN,1
body,variance,NN,1
body,varied,VBN,1
body,various,JJ,28
body,variously,RB,1
body,vary,VBP,1
body,varying,VBG,1
body,vast,JJ,8
body,ve,FW,1
body,veary,VB,1
body,vegetable,NN,1
body,vegetables,NNS,5
body,vegitables,NNS,1
body,vehemently,RB,1
body,vehicle,NN,1
body,vehicles,NNS,2
body,veins,NNS,1
body,venal,JJ,1
body,venality,NN,1
body,vendors,NNS,1
body,vented,VBN,1
body,vention,NN,1
body,venture,NN,2
body,venture,VBP,6
body,ventured,VBN,1
body,veracity,NN,3
body,verbal,JJ,8
body,verbally,RB,9
body,verbial,JJ,1
body,verdure,NN,1
body,verey,NN,1
body,verified,VBN,2
body,verify,VB,1
body,verry,JJ,1
body,verry,VB,1
body,version,NN,4
body,very,JJ,11
body,very,RB,250
body,vessel,NN,6
body,vessels,NNS,3
body,vest,NN,2
body,vestage,NN,1
body,vested,VBN,5
body,vestige,NN,1
body,vests,NNS,1
body,veterans,NNS,1
body,veterinarian,NN,1
body,veto,NN,1
body,vetoe,NN,1
body,via,IN,9
body,viccinty,NN,1
body,vice,NN,14
body,vices,NNS,1
body,vicinity,NN,9
body,vicious,JJ,2
body,victim,NN,5
body,victims,NNS,4
body,victories,NNS,2
body,victorious,JJ,1
body,victory,NN,7
body,view,NN,102
body,viewed,VBN,1
body,views,NNS,69
body,vigilance,NN,1
body,vigor,NN,1
body,vigorous,JJ,1
body,vigorously,RB,3
body,vilify,VB,1
body,village,NN,1
body,villian,NN,1
body,vindicate,VB,1
body,vindication,NN,9
body,vinegar,NN,1
body,violate,VB,3
body,violate,VBP,1
body,violated,VBD,1
body,violated,VBN,2
body,violating,VBG,1
body,violation,NN,32
body,violations,NNS,2
body,violator,NN,1
body,violence,NN,20
body,violent,JJ,10
body,violently,RB,3
body,virtually,RB,4
body,virtue,NN,9
body,virtuous,JJ,1
body,visible,JJ,1
body,visionary,JJ,1
body,visit,NN,20
body,visit,VB,23
body,visit,VBP,3
body,visited,VBD,10
body,visited,VBN,6
body,visiting,VBG,8
body,visitor,NN,1
body,visitors,NNS,1
body,visits,NNS,13
body,visits,VBZ,5
body,vistted,VBD,1
body,vital,JJ,5
body,vitals,NNS,1
body,vituperation,NN,2
body,viva,FW,1
body,viz,NN,18
body,viz,NNP,1
body,viz.,NNP,1
body,viz.,VB,1
body,viz.,VBD,1
body,viz.,VBP,2
body,voce,FW,1
body,vogue,NN,1
body,voice,NN,5
body,void,JJ,2
body,void,NN,3
body,void,VBP,1
body,vol,NN,3
body,volition,NN,1
body,volleys,NNS,1
body,vols,NNS,1
body,vols.,NNP,3
body,volume,NN,7
body,voluntarily,RB,6
body,volunteer,NN,13
body,volunteer,VB,1
body,volunteered,VBD,1
body,volunteers,NNS,7
body,volunter,NN,2
body,von,NNP,4
body,vortex,NN,1
body,vote,NN,58
body,vote,VB,23
body,voted,VBD,9
body,voted,VBN,7
body,voter,NN,3
body,voters,NNS,50
body,votes,NNS,35
body,voting,NN,9
body,voting,VBG,4
body,vouch,VB,1
body,vouched,VBN,1
body,voucher,NN,4
body,vouchers,NNS,3
body,vouchsafed,VBN,1
body,vs,CC,3
body,vs.,CC,2
body,vs.,FW,1
body,vulgar,JJ,2
body,vŻ09,UNK,1
body,w,NN,3
body,w,UNK,5
body,wa,NN,1
body,wading,VBG,1
body,wae,UNK,1
body,waged,VBD,1
body,wages,NNS,4
body,waggon,NN,4
body,wagon,NN,8
body,wagonmaster,NN,1
body,wagons,NNS,4
body,wail,VB,1
body,wait,NN,1
body,wait,VB,8
body,waite,VB,1
body,waited,VBD,1
body,waited,VBN,3
body,waiting,VBG,7
body,walk,NN,1
body,walked,VBD,3
body,walking,VBG,1
body,wall,NN,1
body,wandering,VBG,1
body,want,VB,29
body,want,VBP,60
body,wanted,JJ,1
body,wanted,VBD,8
body,wanted,VBN,5
body,wanting,VBG,1
body,wanton,JJ,1
body,wants,VBZ,26
body,war,NN,186
body,warant,VB,1
body,ward,NN,1
body,warefare,NN,1
body,warehouse,NN,2
body,warehouses,NNS,1
body,warfare,NN,1
body,warm,JJ,1
body,warmed,VBN,1
body,warmly,RB,4
body,warmth,NN,1
body,warn,VB,1
body,warned,VBD,1
body,warned,VBN,1
body,warning,NN,2
body,warning,VBG,2
body,warrant,NN,13
body,warrant,VB,8
body,warrant,VBP,2
body,warranted,VBN,9
body,warranto,NN,1
body,warrants,NNS,6
body,warred,VBN,1
body,warrented,JJ,1
body,warriors,NNS,5
body,wars,NNS,3
body,was,VBD,1600
body,washington,NNP,2
body,waste,NN,2
body,wasting,VBG,1
body,watch,NN,1
body,watch,VB,2
body,watched,VBD,1
body,watched,VBN,4
body,watching,VBG,3
body,watchman,NN,1
body,water,NN,12
body,water-front,NN,1
body,watered,VBD,1
body,watering,VBG,1
body,waters,NNS,2
body,wave,NN,1
body,wave,VB,1
body,waves,NNS,2
body,way,NN,96
body,way,RB,1
body,ways,NNS,5
body,waſy,NN,1
body,we,PRP,283
body,weak,JJ,3
body,weakens,VBZ,1
body,weakness,NN,2
body,weaknesses,NNS,1
body,weakning,VBG,1
body,weald,JJ,1
body,wealth,NN,6
body,wealthiest,JJS,1
body,wealthy,JJ,1
body,weaned,VBN,1
body,weapon,NN,2
body,wear,VB,1
body,wearied,JJ,1
body,weary,JJ,1
body,weather,NN,6
body,wedding,NN,2
body,wednesday,NNP,1
body,week,NN,29
body,week.-It,NN,1
body,weekly,JJ,2
body,weeks,NNS,27
body,ween,VBN,1
body,weep,NN,1
body,weeping,VBG,1
body,weigh,VB,1
body,weighed,VBN,1
body,weight,NN,9
body,welcomed,VBN,1
body,welfare,NN,7
body,well,NN,2
body,well,RB,201
body,well-being,NN,1
body,well-wisher,NN,1
body,wellwishers,NNS,1
body,welth,NN,1
body,went,VBD,48
body,wer,VBP,1
body,were,VBD,536
body,west,JJ,1
body,west,NN,11
body,west,RB,2
body,western,JJ,2
body,westing,VBG,1
body,westward,RB,2
body,weuld,VBD,1
body,weuld,VBP,1
body,wh,NN,1
body,wh,VBP,1
body,whair,NN,1
body,wharf,JJ,1
body,wharf,NN,8
body,wharfage,NN,1
body,what,WDT,10
body,what,WP,235
body,whatever,WDT,41
body,whatsoever,RB,2
body,wheat,NN,1
body,wheel,NN,1
body,wheeled,VBN,1
body,wheels,NNS,1
body,when,WRB,303
body,whence,NN,1
body,whenever,WRB,9
body,where,WRB,162
body,whereabout,NN,1
body,whereas,IN,2
body,whereby,WRB,4
body,wherein,WRB,11
body,wheren,NN,1
body,whereof,NN,2
body,whereupon,NN,1
body,wherever,WRB,6
body,wherevr,NN,1
body,whether,IN,102
body,which,WDT,1294
body,whig,NN,1
body,while,IN,123
body,while,NN,5
body,whilst,IN,29
body,whimper,NN,1
body,whiners,NNS,1
body,whipped,VBN,1
body,whiprovides,NNS,1
body,whiskey,NN,11
body,whisky,NN,4
body,whistle,VBP,1
body,whitch,NN,1
body,white,JJ,58
body,white-marble,JJ,1
body,whites,NNS,21
body,who,WP,672
body,whoever,WP,1
body,whole,JJ,74
body,whole,NN,10
body,wholesale,JJ,2
body,wholesome,JJ,1
body,wholly,RB,10
body,whom,WP,108
body,whome,NN,2
body,whos,NNS,3
body,whose,WP$,78
body,whrite,NN,1
body,whriting,NN,1
body,whriting,VBG,1
body,why,WRB,34
body,wi,NN,1
body,wi,VBD,1
body,wide,JJ,5
body,wide,RB,1
body,widely,RB,4
body,widespread,JJ,1
body,widow,NN,19
body,widowed,VBN,1
body,widows,NNS,2
body,wield,VB,1
body,wife,NN,47
body,wild,JJ,2
body,wilderness,NN,1
body,wilful,JJ,1
body,wilfully,RB,1
body,will,MD,1557
body,will,NN,10
body,willen,VBN,1
body,willing,JJ,37
body,willingly,RB,4
body,willingness,NN,9
body,wilson,NN,1
body,wind,NN,1
body,winds,NNS,2
body,winner,NN,1
body,winter,NN,22
body,wipe,VB,1
body,wiped,VBD,1
body,wire,NN,2
body,wires,NNS,1
body,wis.,NNP,1
body,wisdom,NN,9
body,wise,JJ,10
body,wiser,JJR,2
body,wisest,JJS,2
body,wish,NN,12
body,wish,VB,15
body,wish,VBP,42
body,wished,VBD,8
body,wishes,NNS,24
body,wishes,VBZ,25
body,wishing,VBG,1
body,wit,NN,3
body,witch,NN,2
body,with,IN,1592
body,withdraw,VB,11
body,withdrawal,NN,7
body,withdrawing,VBG,2
body,withdrawn,VBN,9
body,withdraws,VBZ,2
body,withdrew,VBD,16
body,withheld,VBD,1
body,withheld,VBN,6
body,withhold,VB,3
body,withhold,VBP,2
body,withholding,NN,3
body,withholding,VBG,2
body,within,IN,99
body,within-named,JJ,1
body,witholding,VBG,1
body,without,IN,261
body,withstanding,VBG,1
body,witness,NN,13
body,witness.-Mr,NNP,1
body,witnessed,VBD,1
body,witnessed,VBN,3
body,witnesses,NNS,23
body,wives,NNS,3
body,wo,MD,1
body,wolrk,NN,1
body,woman,NN,22
body,women,NNS,11
body,won,VBD,3
body,won,VBN,2
body,wonder,VB,2
body,wonderful,JJ,1
body,wont,NN,1
body,wont,VBP,3
body,wood,NN,11
body,woods,NNS,2
body,worTH,NNP,1
body,word,NN,26
body,worded,VBN,2
body,words,NNS,28
body,work,NN,65
body,work,VB,31
body,work,VBP,5
body,worked,VBD,1
body,worked,VBN,5
body,working,NN,2
body,working,VBG,7
body,workings,NNS,2
body,workman,NN,1
body,workmen,NNS,1
body,works,NNS,10
body,works,VBZ,4
body,workshops,NNS,3
body,world,NN,18
body,worn,VBN,1
body,worried,JJ,1
body,worse,JJR,6
body,worst,JJS,9
body,worth,IN,3
body,worth,JJ,7
body,worth,NN,2
body,worthily,RB,1
body,worthless,JJ,8
body,worthlessness,NN,2
body,worthy,JJ,19
body,woul,NN,1
body,would,MD,789
body,would-be,JJ,1
body,woulld,VBN,1
body,wound,NN,8
body,wound,VBP,1
body,wounded,JJ,1
body,wounded,VBD,5
body,wounded,VBN,25
body,wounding,VBG,3
body,wounds,NNS,8
body,wow,NN,1
body,wreck,NN,2
body,wrecked,VBN,2
body,wrecking,VBG,1
body,wreel,NN,1
body,wrenched,VBN,1
body,wreng,NN,1
body,wretched,JJ,1
body,wretchedly,RB,1
body,wright,NN,1
body,wrists,NNS,2
body,writ,NN,17
body,write,VB,45
body,write,VBP,17
body,writeing,VBG,1
body,writer,NN,16
body,writers,NNS,2
body,writes,VBZ,11
body,writing,VBG,30
body,writs,NNS,3
body,written,JJ,2
body,written,VBN,222
body,wrong,JJ,31
body,wronged,VBN,2
body,wrongfully,RB,1
body,wrongly,RB,1
body,wrongs,NNS,2
body,wrote,VBD,470
body,wwestern,NNP,1
body,w~，,UNK,1
body,wä,NN,1
body,x,CC,1
body,x,UNK,9
body,xi,NN,1
body,xiii,NN,1
body,xiii,VBD,1
body,xvi,NN,1
body,xvi-xx,NN,1
body,xxxiii,NN,1
body,y,FW,1
body,y,NN,7
body,y,NNP,19
body,y,UNK,1
body,y,VB,1
body,y,VBD,4
body,y,VBP,1
body,y.,FW,6
body,y.,NN,5
body,yankees,NNS,1
body,yard,NN,1
body,yards,NNS,5
body,yeald,VB,1
body,yealds,VBZ,1
body,year,NN,110
body,yeares,NNS,1
body,yearly,JJ,2
body,years,NNS,150
body,yeas,NNS,1
body,yeild,VB,1
body,yellow,JJ,10
body,yes,UH,2
body,yesterday,NN,70
body,yet,CC,2
body,yet,RB,100
body,yield,NN,1
body,yield,VB,3
body,yield,VBP,1
body,yielded,VBD,1
body,yielded,VBN,1
body,yielding,VBG,2
body,yoke,NN,1
body,york,NN,1
body,you,PRP,2039
body,you.-I,NN,1
body,young,JJ,45
body,youngest,JJS,5
body,your,PRP$,1024
body,your-self,NN,1
body,youre,NN,1
body,yours,PRP$,21
body,yourself,PRP,48
body,yourselves,NNS,1
body,youth,NN,3
body,yoſul,VB,1
body,yr,NN,3
body,yur,NN,1
body,yurself,NN,1
body,z,UNK,2
body,zeal,NN,3
body,zealous,JJ,10
body,zoology,NN,1
body,|,NN,1
body,|,UNK,6
body,|-|-----------|-,UNK,1
body,},UNK,1
body,~,UNK,6
body,~-,UNK,2
body,~1055,UNK,1
body,~）ºldEG,UNK,1
body,¡,UNK,1
body,£,$,4
body,£,UNK,3
body,©,SYM,1
body,©,UNK,1
body,©.,UNK,1
body,«,UNK,2
body,«»,UNK,1
body,®,UNK,1
body,°,UNK,1
body,·,UNK,4
body,º,UNK,23
body,º.º,UNK,1
body,ºf,UNK,1
body,ºitº,UNK,1
body,ºn,UNK,1
body,ºr,UNK,1
body,ºs,UNK,2
body,ºse,UNK,1
body,ºu,UNK,1
body,ºyº,UNK,1
body,ºº,UNK,1
body,ºººº,UNK,1
body,ºſ,UNK,1
body,»,UNK,5
body,¿,UNK,1
body,Ð,UNK,1
body,×,UNK,10
body,"×,ț¢",UNK,1
body,×ſ,UNK,1
body,ĐNIGT,UNK,1
body,Ł,UNK,1
body,ł,UNK,1
body,ſ,UNK,13
body,ſ)sNollsano,UNK,1
body,ſG€0/6,UNK,1
body,ſae,UNK,1
body,ſaevae,UNK,1
body,ſi1,UNK,1
body,ſlºw,NN,1
body,ſon,UNK,1
body,ſº,UNK,4
body,ſººſ,UNK,1
body,–,UNK,2
body,‘,UNK,4
body,’65,CD,1
body,“,UNK,3
body,•,UNK,32
body,•\;,UNK,1
body,…,UNK,2
body,€,$,1
body,€0€8€90-£6#,UNK,1
body,№,UNK,1
body,№w,UNK,1
body,−,SYM,3
body,∞,UNK,1
body,∞x,UNK,1
body,≈,UNK,1
body,≠,UNK,1
body,≡,UNK,1
body,≤,UNK,7
body,■,UNK,2
body,■<,UNK,1
body,！,UNK,3
body,！∞,UNK,1
body,（,UNK,3
body,（）,UNK,1
body,）,UNK,13
body,，,UNK,22
body,：,UNK,3
