section,token,pos,count
body,!,.,308
body,&,CC,1
body,','',16
body,',POS,16
body,',UNK,1
body,'','',778
body,"'///,-//",UNK,1
body,'11,CD,1
body,'T,PRP,3
body,'s,POS,331
body,'s,VBZ,2
body,(617),UNK,1
body,*,NN,1
body,*,SYM,2
body,",",",",4790
body,",",UNK,3
body,-,:,32
body,--,:,279
body,-LRB-,-LRB-,7
body,-LSB-,-LRB-,3
body,-RRB-,-RRB-,7
body,-RSB-,-RRB-,3
body,.,$.,1
body,.,.,2673
body,.,UNK,7
body,...,:,2
body,/,:,2
body,/,UNK,3
body,/./,UNK,1
body,//,UNK,2
body,///,UNK,2
body,///*.,UNK,1
body,///■r,UNK,1
body,"//;,,//.//",UNK,1
body,/■//,UNK,1
body,/■///■//,UNK,1
body,02138,UNK,1
body,1,CD,5
body,10,CD,1
body,11,CD,1
body,12,CD,1
body,13,CD,1
body,14,CD,1
body,15,CD,1
body,16,CD,1
body,17,CD,1
body,18,CD,1
body,18.I&CV,UNK,1
body,1892,CD,1
body,1892,UNK,1
body,1903,UNK,1
body,2,CD,4
body,26th,JJ,1
body,3,CD,1
body,4,CD,1
body,495-2413,UNK,1
body,5,CD,1
body,6,CD,1
body,9,CD,1
body,93,UNK,1
body,:,:,70
body,;,:,803
body,<,JJR,2
body,?,.,260
body,A,DT,24
body,ABBEY,NNP,1
body,AN,UNK,1
body,AND,UNK,2
body,AUSTEN,UNK,1
body,About,IN,1
body,Accordingly,RB,1
body,Adieu,NNP,1
body,After,IN,21
body,Again,RB,2
body,Ah,UH,2
body,All,DT,6
body,Allow,VB,1
body,Already,RB,1
body,Amazed,VBN,1
body,An,DT,4
body,And,CC,97
body,Anne,NNP,1
body,Annesley,NNP,3
body,Another,DT,2
body,Anxiety,NN,1
body,Anxious,JJ,1
body,Any,DT,1
body,April,NNP,1
body,Are,VBP,6
body,As,IN,24
body,As,RB,8
body,Ashworth,NNP,1
body,Assistance,NN,1
body,Astonishment,NN,1
body,At,IN,23
body,August,NNP,1
body,Aunt,NNP,1
body,Austen,UNK,1
body,Away,RB,1
body,Axe,NNP,1
body,Ay,NN,1
body,B.,NNP,1
body,BE,UNK,1
body,BEFORE,UNK,1
body,BELOW,UNK,1
body,BOOK,UNK,1
body,BORROWER,UNK,2
body,BOSTON,UNK,1
body,BROWN,UNK,1
body,BY,UNK,1
body,Bakewell,NNP,1
body,Balls,NNS,1
body,Barnet,NNP,2
body,Bath,NNP,1
body,Be,VB,4
body,Because,IN,2
body,Before,IN,1
body,Beimet,NNP,1
body,Bell,NNP,1
body,Ben-net,NNP,2
body,Bennet,NNP,133
body,Bennets,NNPS,5
body,Besides,IN,1
body,Bingley,NN,3
body,Bingley,NNP,90
body,Bingley,VB,1
body,Bingleys,NNPS,1
body,Birmingham,NNP,1
body,Blame,VB,1
body,Blenheim,NNP,1
body,Bnt,NN,1
body,Bonnet,NNP,1
body,Both,DT,1
body,Bourgh,NNP,7
body,Bourne,NNP,1
body,Brighton,NNP,24
body,Britain,NNP,1
body,Bromley,NNP,1
body,Brother,NNP,1
body,Brother-in-law,NN,1
body,Brothers,NNPS,1
body,But,CC,180
body,By,IN,6
body,C,$,1
body,CAMERON,UNK,1
body,CHAPTEE,NNP,5
body,CHAPTER,NN,22
body,CHAPTER,NNP,1
body,CHARGED,UNK,1
body,CLASS,UNK,1
body,COLLEGE,UNK,1
body,COMPANY,UNK,1
body,Calling,VBG,1
body,Cambridge,NNP,2
body,Cambridge,UNK,1
body,Can,MD,6
body,Catherine,NNP,45
body,Certainly,RB,2
body,Chamberlayne,NNP,1
body,Char,SYM,1
body,Charlotte,NNP,9
body,Chatsworth,NNP,1
body,Christian,JJ,1
body,Christian,NNP,1
body,Christmas,NNP,3
body,Clapham,NNP,4
body,Clement,NNP,1
body,College,UNK,1
body,Collins,NNP,25
body,Collinses,NNPS,5
body,Colonel,NNP,35
body,Come,VB,4
body,Complied,VBN,1
body,Conceal,VB,1
body,Conjectures,NNS,1
body,Consider,VB,1
body,Console,NNP,1
body,Consoled,VBN,1
body,Convinced,JJ,1
body,Copyright,NN,1
body,Could,MD,7
body,Courier,NNP,1
body,DATE,UNK,1
body,DOES,UNK,1
body,Darct,NNP,1
body,Darcy,NN,2
body,Darcy,NNP,189
body,Daughters,NNS,1
body,Dawson,NNP,1
body,Dear,NNP,5
body,Dearest,NNP,2
body,Denny,NNP,5
body,Derbyshire,NNP,18
body,Detection,NN,1
body,Did,VBD,9
body,Do,VB,7
body,Do,VBP,5
body,Does,VBZ,2
body,Dovedale,NNP,2
body,During,IN,1
body,E.,NNP,1
body,END,NN,1
body,EXEMPT,UNK,1
body,Each,DT,1
body,Eager,NNP,1
body,East,NNP,1
body,Edw,NNP,1
body,Edward,NNP,1
body,Eliza,NNP,2
body,Elizabeth,NNP,330
body,Emma,NNP,1
body,Engaged,VBN,1
body,Epsom,NNP,3
body,Esq.,NNP,1
body,Ever,RB,1
body,Every,DT,7
body,Everybody,NN,1
body,Everything,NN,4
body,Exceed,VB,1
body,Exceedingly,RB,1
body,Excellent,JJ,1
body,Except,IN,1
body,Excuse,VB,1
body,F.,NNP,5
body,FEE,UNK,1
body,FEES,UNK,1
body,FORBES,UNK,1
body,FROM,UNK,2
body,Far,NNP,1
body,Fatigued,VBN,1
body,Fitzwilliam,NNP,11
body,Five,CD,2
body,Fixed,VBN,1
body,For,IN,13
body,Forgive,VB,2
body,Forster,NNP,32
body,Forsters,NNPS,1
body,Four,CD,2
body,French,JJ,1
body,From,IN,15
body,Gardiner,NNP,81
body,Gardiners,NNP,4
body,General,NNP,2
body,Generous,JJ,1
body,George,NNP,4
body,Georgiana,NNP,12
body,Georgians,NNS,1
body,Girls,NNS,1
body,Give,VB,2
body,Go,VB,2
body,God,NN,1
body,God,NNP,1
body,Good,JJ,10
body,Good-by,JJ,1
body,Goulding,NNP,1
body,Gouldings,NNPS,2
body,Gracechurch,NNP,6
body,Great,JJ,1
body,Green,NNP,2
body,Gretna,NNP,2
body,HARVARD,UNK,1
body,HEN,NN,1
body,Had,VBD,21
body,Haggerston,NNP,2
body,Happy,JJ,2
body,Harriet,NNP,2
body,Harringtons,NNPS,1
body,Harvard,UNK,1
body,Has,VBZ,3
body,Hate,VB,1
body,Hatfield,NNP,1
body,Have,VBP,8
body,Having,VBG,4
body,Haye,NNP,1
body,He,PRP,131
body,Hear,VB,1
body,Heaven,NNP,8
body,Her,PRP$,47
body,Here,RB,3
body,Hertfordshire,NNP,18
body,Hill,NNP,7
body,His,PRP$,49
body,House,NNP,3
body,How,WRB,42
body,However,RB,3
body,Hownicely,RB,1
body,Howsoever,NNP,1
body,Human,JJ,1
body,Hunsford,JJ,1
body,Hunsford,NNP,6
body,Hurst,NNP,2
body,I,CD,1
body,I,PRP,1091
body,I.,NN,2
body,ICmffflHiwiMi,UNK,1
body,IF,UNK,1
body,II,CARD,1
body,II,CD,1
body,II,NNP,12
body,II,UNK,1
body,III,CD,1
body,IN,UNK,1
body,IS,UNK,1
body,IV,CD,1
body,IX,CD,1
body,If,IN,53
body,Imagine,VBP,1
body,Impossible,JJ,1
body,Imprudence,NN,1
body,Imprudent,JJ,1
body,In,IN,50
body,Indeed,RB,7
body,Instead,RB,2
body,Into,NNP,1
body,Is,VBZ,13
body,It,PRP,134
body,Its,PRP$,4
body,J,NN,1
body,J,UNK,2
body,J&11S,UNK,1
body,JANE,UNK,2
body,JUSTEN,UNK,1
body,James,NNP,1
body,Jane,NNP,145
body,John,NNP,3
body,July,NNP,1
body,June,NNP,3
body,Just,RB,1
body,Kenilworth,NNP,1
body,Kent,NNP,7
body,King,NNP,3
body,Kitty,NN,12
body,Kitty,NNP,45
body,Kympton,NNP,1
body,LAST,UNK,1
body,LIBRARY,UNK,3
body,LITTLE,UNK,1
body,La,NNP,2
body,Lady,NN,14
body,Lady,NNP,32
body,Ladyship,NN,3
body,Lakes,NNS,4
body,Lambton,NNP,10
body,Lately,RB,1
body,Let,VB,13
body,Letters,NNS,1
body,Library,UNK,1
body,Little,JJ,1
body,Liverpool,NNP,1
body,Lizzy,NN,1
body,Lizzy,NNP,57
body,Lk,NN,1
body,Lodge,NNP,3
body,London,NNP,31
body,Long,JJ,1
body,Long,NNP,5
body,Longbourn,NNP,44
body,Look,VB,1
body,Lord,NNP,7
body,Louisa,NNP,1
body,Lucas,NNP,10
body,Lucases,NNPS,7
body,Lydia,NNP,133
body,M.,NNP,1
body,M//A,UNK,1
body,MA,UNK,1
body,Make,VB,1
body,Mamma,NNP,1
body,Mansfield,NNP,1
body,Many,JJ,2
body,Maria,NNP,6
body,Mary,NNP,18
body,Matlock,NNP,2
body,May,MD,2
body,May,NNP,2
body,Mb,NN,1
body,Me,PRP,1
body,Memoir,NN,1
body,Meryton,NN,2
body,Meryton,NNP,24
body,Michaelmas,NNP,1
body,Miller,NNP,1
body,Miss,NNP,92
body,Monday,NNP,3
body,Money,NN,1
body,More,RBR,1
body,Most,JJS,2
body,Mount,NNP,2
body,Mr,NN,2
body,Mr,NNP,188
body,Mr.,NNP,84
body,Mrs,NNP,119
body,Mrs.,NNP,49
body,Much,RB,2
body,Must,MD,1
body,My,PRP$,61
body,NON-RECEIPT,UNK,1
body,NOT,UNK,2
body,NOTICES,UNK,1
body,NOVELS,UNK,1
body,NOrTHanGer,NN,1
body,Nature,NNP,1
body,Nay,NNP,1
body,Nearly,RB,1
body,Neither,CC,1
body,Neither,DT,2
body,Netherfield,NNP,24
body,Never,RB,5
body,Newcastle,NNP,4
body,Next,JJ,1
body,Nichols,NNP,1
body,Niece,NNP,1
body,No,DT,22
body,No,UH,2
body,Nobody,NN,1
body,None,NN,1
body,Nor,CC,5
body,North,NNP,4
body,Not,RB,19
body,Nothing,NN,6
body,November,NNP,3
body,Now,RB,7
body,OF,UNK,4
body,ON,UNK,1
body,OR,UNK,1
body,OVERDUE,UNK,3
body,Oakham,NNP,1
body,Obstinate,NNP,1
body,Of,IN,6
body,Office,NNP,1
body,Oh,UH,56
body,On,IN,21
body,One,CD,9
body,Only,RB,4
body,Or,CC,1
body,Other,JJ,1
body,Our,PRP$,5
body,Oxford,NNP,1
body,P.,FW,1
body,PREJUDICE,UNK,1
body,PRIDE,UNK,1
body,Painful,JJ,1
body,Park,NNP,4
body,Parsonage,NNP,1
body,Peak,NNP,1
body,Pemberley,NNP,42
body,Pen,NN,1
body,People,NNS,1
body,Perhaps,RB,9
body,Persuaded,VBN,1
body,Persuasion,NN,1
body,Philips,NN,4
body,Philips,NNP,7
body,Pleased,JJ,1
body,Poor,NNP,7
body,Pratt,NNP,2
body,Pray,VB,5
body,Presuming,VBG,1
body,Pride,UNK,1
body,Pursuing,VBG,1
body,Purvis,NNP,1
body,RETURNED,UNK,1
body,Ramsgate,NNP,3
body,Read,VB,1
body,Reflection,NN,1
body,Regard,NN,1
body,Rendered,VBN,1
body,Respect,NN,1
body,Reynolds,NNP,10
body,Ring,VBG,1
body,Roberts,NNP,1
body,Rosings,NNP,14
body,Rosings,NNPS,1
body,Rosings,NNS,6
body,S,NN,1
body,STAMPED,UNK,1
body,Sally,NNP,1
body,Sarah,NNP,1
body,Saturday,NNP,6
body,Say,VB,2
body,Scarborough,NNP,1
body,Scotland,NNP,8
body,Send,VB,1
body,Sept.,NNP,1
body,September,NNP,1
body,Seriously,RB,1
body,Shall,MD,2
body,She,PRP,182
body,Since,IN,4
body,Sir,NNP,7
body,Smiles,NNS,1
body,So,RB,4
body,Some,DT,3
body,Something,NN,1
body,Sometimes,RB,2
body,Son,NNP,1
body,Soon,RB,1
body,South,NNP,1
body,Spanish,JJ,1
body,St.,NNP,2
body,Stay,NNP,1
body,Stoke,NNP,1
body,Stone,NNP,1
body,Street,NNP,8
body,Such,JJ,4
body,Such,PDT,4
body,Sunday,NNP,3
body,Supposing,VBG,1
body,Sure,RB,1
body,Surely,RB,1
body,Surprise,NNP,1
body,Susan,NNP,1
body,T,NN,1
body,THE,DT,1
body,THE,UNK,6
body,THIS,UNK,1
body,TO,UNK,1
body,TPhich,NN,1
body,TWO,UNK,1
body,Take,VB,2
body,Teasing,VBG,1
body,Tell,VB,3
body,Ten,CD,3
body,Thank,VB,2
body,That,DT,16
body,That,IN,10
body,The,DT,135
body,Theatre,NNP,1
body,Theik,NNP,1
body,Their,PRP$,23
body,Then,RB,5
body,There,EX,37
body,These,DT,8
body,They,PRP,77
body,Think,VBP,1
body,This,DT,39
body,Those,DT,3
body,Though,IN,9
body,Thoughtless,JJ,1
body,Three,CD,1
body,Through,IN,1
body,Thursday,NNP,3
body,Till,IN,3
body,Times,NNP,1
body,To,TO,23
body,Too,RB,1
body,Towards,IN,1
body,True,JJ,2
body,Tues,NNS,1
body,Tuesday,NNP,5
body,Two,CD,3
body,U.S.A,NNP,1
body,Under,IN,1
body,Undoubtedly,NNP,1
body,Unfeeling,NNP,1
body,Unfortunately,RB,1
body,Unhappy,JJ,1
body,Upon,IN,3
body,V.,NNP,1
body,VII,NN,1
body,VL,SYM,1
body,VOL,NNP,12
body,VOLUMES,UNK,1
body,Vain,JJ,1
body,Very,RB,6
body,Vm,NN,1
body,Vol,UNK,1
body,Volume,NN,1
body,W,UNK,1
body,W.,NNP,2
body,WILL,UNK,1
body,War,NNP,1
body,Warwick,NNP,1
body,Was,VBD,3
body,Watsons,NNPS,1
body,We,PRP,29
body,Wednesday,NNP,6
body,Well,RB,10
body,Well,UH,15
body,Were,VBD,4
body,What,WDT,7
body,What,WP,30
body,Whatever,WDT,3
body,When,WRB,35
body,Where,WRB,2
body,Wherever,NNP,1
body,Whether,IN,1
body,While,IN,8
body,Whilst,IN,1
body,Who,WP,6
body,Wholly,RB,1
body,Why,WRB,10
body,Wickham,NN,1
body,Wickham,NNP,126
body,Wickhatn,NNP,1
body,Widely,RB,1
body,Widener,UNK,1
body,Wilfully,RB,1
body,Will,MD,4
body,William,NNP,6
body,Wilson,NNP,1
body,With,IN,20
body,Without,IN,1
body,Wo,MD,1
body,Woods,NNP,1
body,Words,NNS,1
body,Would,MD,2
body,Wretched,JJ,1
body,Write,VB,1
body,X.,NNP,1
body,XI,NN,1
body,XII,NN,1
body,XIII,NN,1
body,XIV,NNP,1
body,XIX,NN,1
body,XV,NN,1
body,XVI,NN,1
body,XVII,NN,1
body,XVIII,NNP,1
body,XX,NNP,1
body,XXI,NN,1
body,XXII,NN,1
body,XXIII,NN,1
body,XXIV,NN,1
body,XXV,NN,1
body,XXVI,NN,1
body,XXVII,NN,1
body,XXVIIL,NNP,1
body,Yea,NN,1
body,Yes,UH,26
body,Yet,CC,3
body,Yet,RB,6
body,You,PRP,100
body,Youknow,NNP,1
body,Young,JJ,1
body,Young,NNP,1
body,Younge,NNP,4
body,Your,PRP$,22
body,Yours,NNP,6
body,^,CD,1
body,^,NN,1
body,^,SYM,1
body,`,``,7
body,``,``,781
body,a,DT,919
body,a-shooting,JJ,1
body,a-year,JJ,1
body,abhorrence,NN,5
body,abhorrent,JJ,1
body,abide,VB,1
body,abiding,VBG,1
body,abilities,NNS,2
body,able,JJ,33
body,abode,NN,2
body,abominable,JJ,1
body,abominably,RB,2
body,abominate,VB,1
body,abominate,VBP,1
body,about,IN,53
body,about,RB,5
body,above,IN,15
body,above,JJ,2
body,abroad,RB,4
body,abrupt,JJ,1
body,abruptness,NN,2
body,absence,NN,11
body,absent,JJ,3
body,absolute,JJ,3
body,absolutely,RB,11
body,absurd,JJ,4
body,absurdities,NNS,1
body,absurdity,NN,1
body,abundant,JJ,1
body,abuse,NN,1
body,abused,VBD,2
body,abusing,VBG,2
body,abusive,JJ,2
body,accede,VB,1
body,acceded,VBD,1
body,acceding,VBG,1
body,accent,NN,4
body,accents,NNS,2
body,accept,VB,8
body,accept,VBP,1
body,acceptable,JJ,1
body,acceptance,NN,2
body,accepted,VBN,2
body,accepting,VBG,1
body,accidental,JJ,2
body,accidentally,RB,1
body,accompany,VB,1
body,accompanying,VBG,1
body,accomplished,JJ,1
body,accomplished,VBN,1
body,accomplishment,NN,2
body,accomplishments,NNS,1
body,according,VBG,4
body,accordingly,RB,4
body,account,NN,18
body,account,VB,4
body,accounted,VBD,1
body,accounting,NN,2
body,accounting,VBG,1
body,accusation,NN,1
body,accusations,NNS,3
body,accuse,VB,1
body,accused,VBN,2
body,accustomed,JJ,1
body,accustomed,VBN,1
body,acknowledge,VB,3
body,acknowledge,VBP,2
body,acknowledged,JJ,2
body,acknowledged,VBD,7
body,acknowledged,VBN,3
body,acknowledging,VBG,1
body,acknowledgment,NN,2
body,acknowledgments,NNS,1
body,acquaint,VB,1
body,acquaintance,NN,35
body,acquainted,VBD,1
body,acquainted,VBN,14
body,acquainting,VBG,1
body,acquiesce,VB,1
body,acquiescence,NN,1
body,acquit,VBP,1
body,acrimony,NN,1
body,across,IN,4
body,act,NN,1
body,act,VB,4
body,act,VBP,2
body,acted,VBD,5
body,actions,NNS,4
body,activity,NN,1
body,actual,JJ,4
body,actually,RB,7
body,actuated,VBN,1
body,acute,JJ,2
body,acutely,RB,3
body,acutest,JJS,1
body,adapted,VBD,1
body,adapted,VBN,1
body,add,VB,8
body,added,VBD,35
body,added,VBN,5
body,adding,VBG,2
body,addition,NN,6
body,additional,JJ,2
body,additions,NNS,1
body,address,NN,9
body,address,VB,1
body,addressed,VBD,1
body,addressed,VBN,2
body,addresses,NNS,2
body,addressing,VBG,1
body,adds,VBZ,2
body,adequate,JJ,1
body,adieu,NN,2
body,adieus,NN,2
body,admirable,JJ,2
body,admiration,NN,9
body,admire,VB,3
body,admire,VBP,4
body,admired,VBD,2
body,admirer,NN,2
body,admiring,VBG,1
body,admission,NN,1
body,admit,VB,5
body,admittance,NN,1
body,admitted,VBD,1
body,admitted,VBN,3
body,adopt,VB,2
body,adopted,VBN,1
body,adoration,NN,1
body,adorned,VBN,2
body,advance,VB,1
body,advanced,VBD,3
body,advanced,VBN,1
body,advancement,NN,1
body,advantage,NN,15
body,advantageous,JJ,1
body,advantageously,RB,2
body,advantages,NNS,3
body,advertised,VBN,1
body,advice,NN,6
body,advisable,JJ,3
body,advise,VB,2
body,advise,VBP,1
body,advising,VBG,1
body,affable,JJ,1
body,affair,NN,12
body,affairs,NNS,5
body,affec,SYM,1
body,affect,VB,3
body,affectation,NN,1
body,affected,VBD,2
body,affected,VBN,7
body,affection,NN,30
body,affectionate,JJ,12
body,affectionately,RB,3
body,affections,NNS,3
body,affinity,NN,1
body,affirmative,JJ,1
body,afflicted,VBN,1
body,afflicting,VBG,1
body,affliction,NN,1
body,afford,VB,6
body,afforded,VBD,2
body,afforded,VBN,1
body,affording,VBG,1
body,affords,VBZ,1
body,affront,NN,1
body,affronted,VBN,2
body,afraid,JJ,20
body,afresh,RB,1
body,after,IN,86
body,afterLady,NNP,1
body,afternoon,NN,3
body,afterwards,RB,16
body,again,RB,109
body,against,IN,33
body,age,NN,5
body,agitated,VBN,4
body,agitating,JJ,1
body,agitation,NN,4
body,agitations,NNS,1
body,ago,IN,1
body,ago,RB,19
body,agree,VB,1
body,agree,VBP,1
body,agreeable,JJ,9
body,agreeable-looking,JJ,1
body,agreed,VBD,4
body,agreed,VBN,3
body,agreeing,VBG,1
body,aid,NN,1
body,air,NN,12
body,airing,NN,1
body,alacrity,NN,2
body,alarm,NN,11
body,alarmed,JJ,1
body,alarmed,VBN,2
body,alarming,JJ,3
body,alarms,NNS,1
body,alas,UH,2
body,alighted,VBD,1
body,alike,RB,1
body,alive,JJ,2
body,all,DT,240
body,all,PDT,91
body,all,RB,5
body,allayed,VBN,1
body,alleviate,VB,1
body,alliance,NN,2
body,allow,VB,12
body,allow,VBP,1
body,allowance,NN,1
body,allowed,VBD,5
body,allowed,VBN,8
body,allowing,VBG,2
body,alluded,VBD,3
body,alluded,VBN,1
body,alluding,VBG,1
body,allurements,NNS,1
body,allusion,NN,2
body,almost,RB,34
body,alone,RB,18
body,along,IN,4
body,along,RB,2
body,aloof,JJ,2
body,aloud,RB,5
body,already,RB,11
body,also,RB,16
body,alteration,NN,4
body,altered,JJ,2
body,altered,VBN,2
body,alternate,JJ,1
body,alternative,NN,1
body,altogether,RB,2
body,always,RB,56
body,am,VBP,150
body,amazed,VBN,2
body,amazement,NN,9
body,amazing,JJ,1
body,ambition,NN,1
body,amendment,NN,1
body,amends,RB,1
body,amiable,JJ,14
body,amidst,IN,3
body,amile,NN,1
body,among,IN,11
body,amongst,IN,7
body,amount,NN,1
body,amounting,VBG,1
body,ample,JJ,1
body,amuse,VB,2
body,amused,VBD,1
body,amused,VBN,1
body,amusement,NN,3
body,amusing,JJ,1
body,an,DT,168
body,ance,IN,1
body,ancient,JJ,1
body,and,CC,1733
body,and,UNK,1
body,anew,RB,1
body,angel,NN,2
body,anger,NN,10
body,angry,JJ,13
body,anguish,NN,2
body,anhour,NN,5
body,animation,NN,2
body,annexed,VBD,1
body,announce,VB,2
body,announced,VBD,1
body,annual,JJ,1
body,annum,NN,1
body,another,DT,30
body,answer,NN,18
body,answer,VB,9
body,answerable,JJ,1
body,answered,VBD,7
body,answered,VBN,7
body,answering,VBG,1
body,answers,NNS,1
body,anticipated,VBD,3
body,anticipating,VBG,1
body,anticipation,NN,1
body,anxiety,NN,10
body,anxious,JJ,19
body,anxiously,RB,2
body,any,DT,154
body,anybody,NN,12
body,anyhow,RB,1
body,anyone,NN,2
body,anything,NN,44
body,apace,RB,1
body,apartment,NN,2
body,apartments,NNS,2
body,apologise,NN,1
body,apologize,VB,1
body,apology,NN,3
body,apparent,JJ,1
body,apparently,RB,2
body,appeal,VB,1
body,appeals,NNS,1
body,appear,VB,11
body,appear,VBP,6
body,appearance,NN,19
body,appeared,VBD,10
body,appeared,VBN,5
body,appearing,VBG,4
body,appears,VBZ,1
body,appeased,VBN,1
body,appetite,NN,1
body,application,NN,8
body,applied,VBD,1
body,applied,VBN,5
body,apply,VB,1
body,applying,VBG,2
body,appointed,VBN,1
body,appointment,NN,1
body,apprehended,VBN,1
body,apprehending,VBG,1
body,apprehension,NN,8
body,apprehensions,NNS,2
body,apprehensive,JJ,1
body,approach,NN,5
body,approached,VBD,3
body,approaching,VBG,9
body,approbation,NN,6
body,approve,VB,3
body,ardent,JJ,1
body,ardently,RB,2
body,are,VBP,153
body,arguments,NNS,3
body,arise,VB,2
body,arisen,VBN,5
body,arising,VBG,4
body,arm,NN,2
body,army,NN,3
body,arose,VBD,2
body,around,IN,1
body,arrangement,NN,4
body,arrangements,NNS,1
body,arrear,NN,1
body,arrested,VBD,1
body,arrival,NN,16
body,arrive,VB,1
body,arrived,VBD,8
body,arrived,VBN,2
body,arrogance,NN,1
body,art,NN,2
body,article,NN,2
body,articles,NNS,1
body,artificial,JJ,1
body,arts,NNS,1
body,as,IN,526
body,as,RB,94
body,ascended,VBD,2
body,ascertain,VB,1
body,ashamed,JJ,12
body,aside,RB,1
body,ask,VB,18
body,asked,VBD,13
body,asked,VBN,6
body,asking,VBG,6
body,aspect,NN,3
body,aspire,VB,1
body,assembled,VBN,2
body,assert,VB,2
body,asserted,VBD,1
body,assertion,NN,1
body,assertions,NNS,2
body,assiduously,RB,1
body,assist,VB,6
body,assistance,NN,10
body,assisted,VBD,1
body,assisted,VBN,1
body,assume,VB,1
body,assumed,VBN,1
body,assurance,NN,11
body,assurances,NNS,8
body,assure,VB,5
body,assure,VBP,8
body,assured,VBD,6
body,assured,VBN,11
body,astonish,VB,1
body,astonished,JJ,2
body,astonished,VBD,1
body,astonished,VBN,2
body,astonishment,NN,19
body,at,IN,385
body,ate,VBN,1
body,atone,NN,1
body,atone,VB,1
body,attach,VB,2
body,attached,VBD,1
body,attached,VBN,6
body,attachment,NN,17
body,attachments,NNS,1
body,attack,NN,1
body,attacks,NNS,1
body,attained,VBN,1
body,attempt,NN,6
body,attempt,VB,4
body,attempted,VBN,3
body,attempting,VBG,3
body,attend,VB,2
body,attendance,NN,4
body,attendant,NN,1
body,attendants,NNS,1
body,attended,VBD,6
body,attended,VBN,8
body,attending,VBG,5
body,attention,NN,28
body,attentions,NNS,11
body,attentive,JJ,5
body,attentively,RB,3
body,attics,NNS,1
body,attrac,NN,1
body,attracted,VBN,1
body,attraction,NN,1
body,attractions,NNS,1
body,attribute,VB,1
body,attributed,VBD,1
body,attributed,VBN,2
body,aught,NN,1
body,augment,VBP,1
body,augmented,JJ,1
body,aunt,NN,56
body,aunts,NNS,1
body,austerity,NN,1
body,authority,NN,6
body,authorize,VB,1
body,authorized,VBN,1
body,authorizing,VBG,1
body,availed,VBD,1
body,avoid,VB,9
body,avoidance,NN,1
body,avoided,VBN,1
body,avowal,NN,2
body,avowed,JJ,2
body,avowed,VBD,1
body,awake,RB,1
body,awakened,VBD,1
body,awakened,VBN,2
body,aware,JJ,7
body,away,RB,63
body,away,RP,5
body,awe,NN,3
body,awkward,JJ,6
body,awkwardness,NN,3
body,awoke,VBD,1
body,back,RB,17
body,back,RP,5
body,backed,VBN,1
body,backward,RB,1
body,bad,JJ,9
body,ball,NN,4
body,balls,NNS,5
body,balm,NN,1
body,bandbox,NN,1
body,banish,VB,1
body,banished,VBN,3
body,banks,NNS,2
body,barbarous,JJ,1
body,barely,RB,1
body,barouche-box,NN,1
body,basis,NN,1
body,bathing-place,NN,1
body,battled,VBD,1
body,be,VB,681
body,bear,NN,1
body,bear,VB,12
body,bear,VBP,1
body,bears,VBZ,1
body,beatings,NNS,1
body,beauteous,JJ,1
body,beauties,NNS,2
body,beautiful,JJ,9
body,beauty,NN,12
body,became,VBD,11
body,because,IN,23
body,become,VB,5
body,become,VBN,1
body,becomes,VBZ,1
body,becoming,VBG,1
body,bed,NN,2
body,bedrooms,NNS,1
body,been,VBN,332
body,befall,VB,1
body,before,IN,114
body,before,RB,23
body,befriended,VBD,1
body,beg,VB,4
body,beg,VBP,3
body,began,VBD,27
body,begged,VBD,4
body,begging,VBG,1
body,begin,VB,3
body,begin,VBP,3
body,beginning,NN,7
body,beginning,VBG,2
body,begins,VBZ,1
body,begs,VBZ,1
body,begun,VBN,1
body,behalf,NN,1
body,behave,VB,1
body,behaved,VBD,5
body,behaved,VBN,3
body,behaves,VBZ,1
body,behavior,NN,5
body,behaviour,NN,29
body,beheld,VBD,1
body,behind,IN,10
body,behind,RB,2
body,beholding,VBG,1
body,being,NN,2
body,being,VBG,75
body,belief,NN,13
body,believe,VB,24
body,believe,VBP,21
body,believed,VBD,18
body,believed,VBN,10
body,believing,VBG,6
body,bell,NN,1
body,belong,VB,1
body,belonged,VBN,1
body,belonging,VBG,1
body,belongs,VBZ,1
body,beloved,JJ,2
body,below,IN,3
body,benches,NNS,1
body,beneath,IN,4
body,benefit,NN,2
body,benefited,VBN,3
body,benefiting,VBG,1
body,benefits,NNS,1
body,benevolence,NN,2
body,benevolent,JJ,1
body,bent,JJ,2
body,ber,NN,1
body,besides,IN,7
body,best,JJS,22
body,best,RB,1
body,bestow,VB,4
body,bestowed,VBN,5
body,betray,NN,1
body,betray,VB,1
body,betrayed,VBD,1
body,betrayed,VBN,3
body,better,JJR,25
body,better,RB,4
body,better,RBR,6
body,between,IN,27
body,bewildered,JJ,1
body,beyond,IN,21
body,bidding,NN,2
body,bills,NNS,1
body,birds,NNS,2
body,birth,NN,2
body,biting,VBG,1
body,bitter,JJ,1
body,bitterest,JJS,1
body,bitterness,NN,4
body,blacken,VB,1
body,blame,NN,4
body,blame,VB,5
body,blame,VBP,1
body,blamed,VBD,1
body,blameless,JJ,1
body,blameless,VBZ,1
body,blamelessness,NN,1
body,blaming,VBG,1
body,blasted,VBD,1
body,ble,NN,1
body,blemish,NN,1
body,bless,VB,2
body,bless,VBP,1
body,blessed,VBN,3
body,blessing,NN,2
body,blind,JJ,3
body,blinds,NNS,1
body,blow,NN,1
body,blown,VBN,1
body,blue,JJ,1
body,blush,VB,1
body,blush,VBP,1
body,blushed,VBD,4
body,bo,NN,1
body,board,NN,1
body,boast,NN,2
body,boast,VB,2
body,boast,VBP,1
body,boasted,VBN,1
body,bodies,NNS,1
body,bold,JJ,2
body,boldly,RB,1
body,bonnet,NN,2
body,book,NN,1
body,books,NNS,2
body,bordered,VBD,1
body,bordering,VBG,2
body,bore,VBD,7
body,borne,VBN,3
body,borrow,VB,1
body,borrowed,VBN,1
body,bosom,NN,1
body,bosoms,NNS,1
body,both,CC,4
body,both,DT,40
body,bought,VBD,3
body,bought,VBN,2
body,boundary,NN,1
body,bourn,NN,1
body,bow,NN,2
body,bowed,VBD,1
body,bowl,NN,1
body,boxes,NNS,1
body,boy,NN,1
body,boys,NNS,1
body,brain,NN,2
body,brains,NNS,1
body,breach,NN,2
body,break,VB,1
body,breakfast,NN,5
body,breakfast-room,NN,5
body,breakfasted,VBD,1
body,breaking,VBG,1
body,breast,NN,1
body,breath,NN,1
body,breathless,JJ,1
body,brevity,NN,1
body,bribe,NN,1
body,bribery,NN,1
body,bride,NN,1
body,bridge,NN,3
body,briefly,NN,2
body,briefly,RB,1
body,brightening,VBG,1
body,brightest,JJS,1
body,brilliancy,NN,1
body,bring,VB,11
body,bringing,VBG,11
body,brink,NN,2
body,brittle,JJ,1
body,broke,VBD,3
body,broken,JJ,1
body,broken,VBN,3
body,brooking,VBG,1
body,brother,NN,36
body,brother-in-law,NN,2
body,brothers,NNS,1
body,brought,VBD,7
body,brought,VBN,12
body,brow,NN,1
body,brown,JJ,1
body,building,NN,2
body,built,VBN,2
body,burning,VBG,1
body,burnt,JJ,1
body,burst,NN,1
body,burst,VBP,1
body,busily,RB,3
body,business,NN,24
body,busy,JJ,1
body,but,CC,383
body,but,IN,1
body,butcher,NN,1
body,butler,NN,1
body,buy,VB,3
body,by,IN,301
body,bye,NN,1
body,ca,MD,2
body,cake,NN,1
body,calculated,VBN,1
body,calculation,NN,1
body,calico,NN,1
body,call,VB,11
body,call,VBP,2
body,called,VBD,8
body,called,VBN,14
body,calling,NN,2
body,calling,VBG,2
body,calls,VBZ,1
body,calm,JJ,2
body,calmness,NN,3
body,cambric,NN,1
body,came,VBD,63
body,camp,NN,3
body,campful,NN,1
body,can,MD,143
body,candour,NN,1
body,canvas,NN,1
body,canvassed,VBN,1
body,capa,SYM,1
body,capable,JJ,11
body,capers,NNS,1
body,capital,NN,1
body,caprice,NN,1
body,captivate,VB,1
body,captivated,VBN,1
body,card-party,NN,1
body,card-tables,NNS,1
body,cards,NNS,1
body,care,NN,8
body,care,VB,3
body,care,VBP,2
body,cared,VBD,4
body,careful,JJ,2
body,carefully,RB,1
body,careless,JJ,1
body,cares,VBZ,2
body,caring,VBG,1
body,carpets,NNS,1
body,carriage,NN,25
body,carriages,NNS,3
body,carried,VBD,2
body,carried,VBN,2
body,carry,VB,2
body,carry,VBP,2
body,carrying,VBG,4
body,case,NN,13
body,cases,NNS,3
body,cast,VBN,1
body,casual,JJ,1
body,catch,VB,2
body,caught,VBD,2
body,caught,VBN,1
body,cause,NN,14
body,caused,VBD,1
body,causes,NNS,3
body,causes,VBZ,1
body,cautioning,VBG,1
body,cautious,JJ,1
body,cautiousness,NN,1
body,cease,VB,1
body,ceased,VBD,4
body,ceaseless,JJ,1
body,celebrated,JJ,1
body,celebrated,VBN,1
body,censure,NN,3
body,censured,VBN,2
body,ceremonious,JJ,2
body,ceremony,NN,1
body,certain,JJ,32
body,certainly,RB,32
body,certainty,NN,2
body,chagrin,NN,1
body,chair,NN,2
body,chaise,NN,5
body,chambermaid,NN,2
body,chance,NN,6
body,chanced,VBD,1
body,change,NN,11
body,change,VB,2
body,changed,VBD,4
body,changed,VBN,1
body,changes,NNS,1
body,changing,VBG,1
body,chaperon,VB,1
body,character,NN,38
body,characterize,VB,1
body,characters,NNS,1
body,charge,NN,6
body,charity,NN,1
body,charm,NN,3
body,charming,JJ,6
body,charmingly,RB,1
body,charms,NNS,3
body,chatty,JJ,1
body,cheap,JJ,1
body,cheat,VB,1
body,check,VB,2
body,checked,VBD,1
body,checked,VBN,2
body,checking,VBG,2
body,cheeks,NNS,4
body,cheerful,JJ,5
body,cheerfully,RB,1
body,cheerfulness,NN,5
body,cheering,VBG,1
body,cherished,VBD,2
body,cherished,VBN,2
body,chestnuts,NNS,1
body,chief,JJ,1
body,chief,NN,4
body,chiefly,RB,2
body,child,NN,10
body,children,NNS,17
body,chin,NN,1
body,choice,NN,7
body,choose,VB,6
body,chooses,VBZ,1
body,chose,VBD,5
body,chosen,VBD,1
body,chosen,VBN,3
body,church,NN,3
body,chuses,VBZ,1
body,circle,NN,5
body,circuit,NN,1
body,circulated,VBN,1
body,circulation,NN,1
body,circumspection,NN,1
body,circumstance,NN,12
body,circumstances,NNS,13
body,city,NN,1
body,civil,JJ,9
body,civilities,NNS,2
body,civility,NN,23
body,claim,NN,2
body,claim,VB,1
body,claimed,VBD,2
body,claims,NNS,4
body,clamorous,JJ,1
body,class,NN,1
body,clear,JJ,2
body,clear,VB,1
body,cleared,VBN,2
body,clearer,JJR,1
body,clearing,VBG,1
body,clearly,RB,2
body,clergyman,NN,1
body,clever,JJ,1
body,close,JJ,1
body,close,RB,1
body,closed,VBD,1
body,closed,VBN,1
body,closely,RB,1
body,closer,RBR,1
body,closest,JJS,1
body,closure,NN,1
body,clothes,NNS,8
body,clouded,VBN,1
body,clue,NN,1
body,coach,NN,6
body,coachman,NN,2
body,coarse,JJ,1
body,coarseness,NN,2
body,coat,NN,1
body,coffee,NN,2
body,coffee-cup,JJ,1
body,cogent,JJ,1
body,coherent,JJ,1
body,coincidence,NN,1
body,cold,JJ,8
body,collect,VB,1
body,collected,VBD,1
body,collected,VBN,2
body,collecting,VBG,2
body,colonel,NN,3
body,color,NN,2
body,colour,NN,7
body,coloured,VBD,1
body,coloured,VBN,3
body,colouring,VBG,2
body,come,VB,38
body,come,VBN,12
body,come,VBP,4
body,comes,VBZ,9
body,comfort,NN,13
body,comfort,VB,3
body,comfort,VBP,1
body,comfortable,JJ,3
body,comforts,NNS,1
body,coming,VBG,39
body,command,NN,2
body,commanded,VBD,1
body,commencement,NN,2
body,commendation,NN,3
body,commiseration,NN,1
body,commission,NN,4
body,commissioned,VBD,1
body,commissioning,VBG,1
body,common,JJ,8
body,common-sense,JJ,1
body,commonly,RB,1
body,communicate,VB,2
body,communicated,VBD,1
body,communicated,VBN,1
body,communication,NN,7
body,communications,NNS,1
body,communicative,JJ,1
body,communicativeness,NN,1
body,companion,NN,7
body,companions,NNS,6
body,company,NN,8
body,comparative,JJ,1
body,comparatively,RB,1
body,compared,VBN,1
body,comparison,NN,5
body,comparisons,NNS,1
body,compassion,NN,8
body,compassionate,JJ,1
body,compatible,JJ,1
body,compensation,NN,1
body,competition,NN,2
body,complacency,NN,1
body,complaining,VBG,1
body,complaint,NN,1
body,complaints,NNS,1
body,complaisance,NN,2
body,complete,JJ,3
body,complete,VB,2
body,completed,VBN,2
body,completely,RB,3
body,completion,NN,1
body,complexion,NN,5
body,complied,VBN,1
body,compliment,NN,6
body,complimented,VBD,1
body,compliments,NNS,4
body,comply,VB,1
body,complying,VBG,2
body,compose,VB,3
body,composed,VBN,1
body,composure,NN,8
body,comprehend,VB,12
body,comprehend,VBP,1
body,comprehended,VBD,2
body,comprehended,VBN,1
body,comprehends,VBZ,1
body,comprehension,NN,1
body,comprise,VB,1
body,comprised,VBD,1
body,compromised,VBN,1
body,con,JJ,2
body,conceal,VB,8
body,concealed,VBD,2
body,concealed,VBN,5
body,concealment,NN,2
body,conceit,NN,2
body,conceive,VB,1
body,concern,NN,18
body,concerned,JJ,5
body,concerned,VBD,1
body,concerned,VBN,9
body,concerning,VBG,2
body,concerns,NNS,4
body,concerns,VBZ,1
body,conciliate,VB,1
body,concisely,RB,2
body,conclude,VB,2
body,conclude,VBP,1
body,concluded,VBD,3
body,concluded,VBN,2
body,concluding,VBG,1
body,conclusion,NN,5
body,concurrence,NN,1
body,condemn,VB,2
body,condemned,VBN,1
body,condescended,VBD,3
body,condescendingly,RB,1
body,condescension,NN,3
body,condition,NN,3
body,conditionally,RB,1
body,conditions,NNS,1
body,condole,VB,2
body,condolence,NN,1
body,conduct,NN,15
body,conducted,VBN,2
body,confederacy,NN,1
body,conference,NN,2
body,confess,VB,7
body,confess,VBP,3
body,confessed,VBD,3
body,confession,NN,3
body,confidante,NN,2
body,confide,VB,1
body,confidence,NN,5
body,confident,JJ,1
body,confidently,RB,1
body,confiding,VBG,1
body,confined,VBN,4
body,confinement,NN,1
body,confirmation,NN,3
body,confirmed,VBD,1
body,confirmed,VBN,1
body,confirming,VBG,1
body,confused,VBN,2
body,confusion,NN,7
body,congenial,JJ,1
body,congratulate,VB,3
body,congratulate,VBP,2
body,congratulations,NNS,10
body,congratulatory,JJ,1
body,conjecture,NN,3
body,conjectured,VBN,1
body,conjectures,NNS,2
body,conjecturing,VBG,1
body,conjugal,JJ,2
body,connect,VB,2
body,connected,VBN,8
body,connection,NN,13
body,connections,NNS,9
body,connivance,NN,1
body,connubial,JJ,1
body,conquer,VB,2
body,conquered,VBN,1
body,conquest,NN,1
body,conscience,NN,2
body,conscious,JJ,1
body,consciousness,NN,1
body,consent,NN,6
body,consent,VB,4
body,consented,VBD,1
body,consenting,VBG,1
body,consequence,NN,14
body,consequences,NNS,2
body,consequent,JJ,1
body,consequently,RB,6
body,consider,VB,6
body,consider,VBP,1
body,considerable,JJ,5
body,considerably,RB,2
body,consideration,NN,7
body,considerations,NNS,1
body,considered,VBD,7
body,considered,VBN,7
body,considering,VBG,6
body,consigned,VBN,1
body,consistent,JJ,1
body,consolation,NN,7
body,consolatory,JJ,1
body,console,NN,1
body,console,VB,4
body,console,VBP,1
body,consoled,VBD,1
body,consoling,VBG,2
body,constancy,NN,1
body,constant,JJ,7
body,constantly,RB,1
body,consternation,NN,1
body,constitute,VBP,1
body,construction,NN,1
body,construed,VBN,1
body,construing,VBG,1
body,consult,VB,2
body,consulted,VBD,1
body,consulted,VBN,1
body,consulting,VBG,1
body,contain,VB,5
body,contained,VBD,6
body,containing,VBG,2
body,contemplation,NN,1
body,contempt,NN,5
body,contemptuously,RB,1
body,content,NN,1
body,contented,JJ,3
body,contentment,NN,1
body,contents,NNS,8
body,continual,JJ,2
body,continually,RB,4
body,continuance,NN,2
body,continue,VB,3
body,continued,VBD,23
body,continued,VBN,2
body,continuing,VBG,2
body,contracted,VBD,2
body,contracted,VBN,1
body,contradicted,VBD,1
body,contradictions,NNS,1
body,contrariety,NN,1
body,contrariwise,RB,1
body,contrary,JJ,1
body,contrary,NN,3
body,contrast,NN,1
body,contrasted,VBN,1
body,contribute,VB,1
body,contributed,VBN,1
body,contriv,NN,1
body,contrivance,NN,2
body,contrive,VB,2
body,contrived,JJ,1
body,convenient,JJ,1
body,conversation,NN,24
body,converse,VB,2
body,conveying,VBG,1
body,conviction,NN,11
body,convince,VB,1
body,convinced,JJ,3
body,convinced,VBN,8
body,cooks,NNS,1
body,cool,JJ,2
body,coolly,RB,3
body,coppice-wood,NN,1
body,copse,NN,4
body,cordial,JJ,1
body,cordiality,NN,3
body,cordially,RB,1
body,corps,NN,4
body,correct,VB,1
body,correspondence,NN,2
body,correspondent,NN,1
body,corroboration,NN,1
body,corruption,NN,1
body,cost,VB,1
body,could,MD,288
body,counted,VBD,1
body,countenance,VB,2
body,countenance,VBP,11
body,counteract,VB,1
body,counteracted,VBN,1
body,country,NN,14
body,county,NN,3
body,coupje,NN,1
body,couple,NN,5
body,courage,NN,8
body,course,NN,24
body,courses,NNS,1
body,court,NN,1
body,courted,VBN,2
body,courtesy,NN,2
body,courting,VBG,1
body,courtship,NN,1
body,cousin,NN,14
body,covered,VBN,1
body,covering,VBG,1
body,covies,NNS,1
body,cradles,NNS,1
body,crammed,VBN,1
body,crayons,NNS,1
body,created,VBN,2
body,creative,JJ,1
body,creature,NN,6
body,credit,NN,15
body,creditable,JJ,1
body,creditors,NNS,2
body,credulity,NN,1
body,cried,VBD,42
body,cried,VBN,1
body,criticisms,NNS,1
body,cross,JJ,1
body,cross,NN,1
body,crossed,VBD,2
body,crossed,VBN,1
body,crowded,VBN,2
body,crowned,VBN,1
body,cruel,JJ,3
body,cruelly,RB,1
body,cruelty,NN,2
body,cry,VB,1
body,crying,VBG,1
body,cucumber,NN,1
body,culprit,NN,1
body,curiosities,NNS,1
body,curiosity,NN,15
body,curious,JJ,3
body,curricle,NN,2
body,curtailed,VBD,1
body,curtains,NNS,1
body,curtsey,VB,1
body,custom,NN,1
body,cutting,VBG,1
body,daily,JJ,2
body,damp,JJ,1
body,dance,NN,2
body,dance,VB,1
body,dancing,NN,3
body,danger,NN,9
body,dare,MD,1
body,dare,VB,1
body,dare,VBP,16
body,dared,VBD,9
body,daring,JJ,1
body,darling,NN,1
body,darting,VBG,1
body,date,NN,1
body,date,VB,1
body,dated,VBN,2
body,daughter,NN,47
body,daughters,NNS,16
body,day,NN,61
body,days,NNS,20
body,dazzling,JJ,1
body,de,FW,1
body,de,IN,8
body,dead,JJ,2
body,deaden,VB,1
body,deal,NN,10
body,dear,RB,73
body,dearest,JJ,7
body,dearest,NN,1
body,dearly,RB,1
body,death,NN,2
body,death-warrant,NN,1
body,debt,NN,3
body,debts,NNS,10
body,decamping,VBG,1
body,decease,NN,2
body,deceitful,JJ,1
body,deceive,VB,3
body,deceived,VBN,8
body,decency,NN,2
body,decent,JJ,2
body,decent-looking,JJ,1
body,deception,NN,1
body,decided,VBD,1
body,decided,VBN,4
body,decidedly,RB,1
body,deciding,VBG,1
body,decisions,NNS,1
body,decked,VBD,1
body,declaration,NN,2
body,declare,VB,1
body,declare,VBP,2
body,declared,VBD,6
body,declared,VBN,2
body,declaring,VBG,1
body,declined,VBD,1
body,declined,VBN,1
body,decorum,NN,2
body,deed,NN,1
body,deemed,VBD,1
body,deep,RB,2
body,deeper,JJR,1
body,deepest,JJS,2
body,deeply,RB,2
body,deeply-rooted,JJ,1
body,defect,NN,1
body,defects,NNS,2
body,defence,NN,2
body,defend,VBP,1
body,defer,VB,1
body,deference,NN,3
body,defiance,NN,3
body,deficient,JJ,2
body,defined,VBN,2
body,definition,NN,1
body,defy,VB,1
body,defy,VBP,1
body,degradation,NN,1
body,degree,NN,10
body,degrees,NNS,1
body,deigned,VBD,1
body,dejection,NN,1
body,delay,NN,2
body,delayed,VBN,5
body,deliberated,VBD,1
body,deliberately,RB,2
body,deliberation,NN,1
body,delicacy,NN,1
body,delicate,JJ,2
body,delicious,JJ,1
body,delight,NN,16
body,delighted,JJ,5
body,delighted,VBD,1
body,delighted,VBN,1
body,delightful,JJ,9
body,delightfully,RB,1
body,delivered,VBD,1
body,delivered,VBN,2
body,demand,VBP,2
body,demanding,VBG,1
body,denial,NN,2
body,denied,VBD,1
body,denied,VBN,1
body,denoted,VBD,1
body,denoted,VBN,1
body,deny,VB,6
body,denying,VBG,1
body,depart,VB,2
body,departure,NN,4
body,depend,VB,8
body,depend,VBP,2
body,depended,VBD,3
body,dependence,NN,4
body,dependent,JJ,1
body,depending,VBG,1
body,depravity,NN,1
body,depreciate,VB,1
body,depressed,JJ,1
body,depressed,VBN,1
body,deprived,VBN,2
body,deranged,JJ,1
body,derision,NN,1
body,derive,VB,2
body,descended,VBD,1
body,descended,VBN,2
body,descending,VBG,1
body,descent,NN,1
body,described,VBD,1
body,described,VBN,4
body,description,NN,2
body,desert,NN,1
body,deserted,VBN,1
body,deserve,VB,2
body,deserve,VBP,1
body,deserved,VBD,3
body,deserved,VBN,1
body,deserves,VBZ,2
body,deserving,JJ,1
body,design,NN,10
body,designed,VBN,5
body,designs,NNS,3
body,desirable,JJ,3
body,desire,NN,8
body,desire,VB,1
body,desired,JJ,1
body,desired,VBN,2
body,desiring,VBG,1
body,desirous,JJ,5
body,despaired,VBN,3
body,despatched,VBN,1
body,desperate,JJ,3
body,despicably,RB,1
body,despise,VB,1
body,despise,VBP,1
body,despised,VBD,1
body,despised,VBN,2
body,destined,VBN,2
body,destroyed,VBN,1
body,detached,VBN,1
body,detaching,VBG,1
body,detailed,VBN,1
body,detain,VB,2
body,detaining,VBG,1
body,detect,VB,1
body,detection,NN,1
body,deter,VB,1
body,determination,NN,2
body,determine,VB,5
body,determined,VBD,2
body,determined,VBN,13
body,determining,VBG,1
body,detestable,JJ,1
body,detested,VBN,1
body,development,NN,2
body,devoid,JJ,1
body,devote,VB,1
body,dictate,VB,1
body,dictated,VBN,1
body,did,VBD,143
body,die,VB,2
body,died,VBD,2
body,difference,NN,5
body,different,JJ,19
body,differently,RB,4
body,difficult,JJ,5
body,difficulty,NN,5
body,diffidence,NN,3
body,diffuse,JJ,1
body,diffused,VBN,1
body,dignified,JJ,2
body,dignity,NN,3
body,dilatory,JJ,2
body,diligence,NN,1
body,dimensions,NNS,1
body,diminution,NN,1
body,dine,VB,5
body,dined,VBD,2
body,dined,VBN,3
body,dines,VBZ,1
body,dining,VBG,2
body,dining-parlor,NN,1
body,dining-parlour,NN,1
body,dining-room,NN,5
body,diningparlor,NN,1
body,dinner,NN,11
body,dinner-time,JJ,1
body,dinner-time,NN,1
body,dinnertime,NN,1
body,direct,JJ,1
body,direct,VB,2
body,directed,VBD,2
body,directed,VBN,3
body,directing,VBG,1
body,direction,NN,8
body,directions,NNS,6
body,directly,RB,9
body,disadvantage,NN,3
body,disadvantages,NNS,2
body,disagreeable,JJ,6
body,disagreeably,RB,1
body,disappointed,JJ,6
body,disappointed,VBN,3
body,disappointment,NN,11
body,disappointments,NNS,1
body,disapprobation,NN,4
body,discerning,JJ,1
body,discernment,NN,1
body,discharge,NN,1
body,discharge,VB,1
body,discharged,VBD,1
body,discharged,VBN,2
body,discharging,VBG,1
body,disclose,VB,1
body,disclosure,NN,1
body,discompose,VB,1
body,discomposed,VBN,1
body,discomposure,NN,2
body,discontentedness,NN,1
body,discontinuance,NN,1
body,discourse,NN,3
body,discover,VB,5
body,discovered,VBN,3
body,discovering,VBG,1
body,discovery,NN,3
body,discredit,VB,2
body,discreditable,JJ,1
body,discretion,NN,1
body,discrimination,NN,1
body,discussed,VBN,3
body,discussion,NN,3
body,disdain,NN,4
body,disdained,VBD,1
body,disdained,VBN,2
body,disengaged,JJ,1
body,disgrace,NN,9
body,disgraceful,JJ,4
body,disguise,VB,3
body,disgust,NN,2
body,disgusted,VBN,2
body,disgusting,JJ,1
body,dish,NN,1
body,disheartened,JJ,1
body,dishonourable,JJ,1
body,disinclination,NN,1
body,disinclined,VBN,1
body,disinterested,JJ,1
body,dislike,NN,13
body,dislike,VBP,3
body,disliked,VBN,1
body,dismay,NN,1
body,dismissed,VBD,2
body,dismissed,VBN,1
body,dispense,VB,1
body,dispirited,JJ,1
body,display,NN,1
body,displayed,VBD,3
body,displeased,JJ,2
body,displeasure,NN,3
body,dispo,SYM,1
body,dispose,VB,1
body,disposed,JJ,4
body,disposed,VBN,1
body,disposing,VBG,1
body,disposition,NN,14
body,dispute,NN,1
body,disquiet,NN,1
body,dissipation,NN,1
body,dissolved,VBN,1
body,dissuaded,VBN,1
body,distance,NN,6
body,distant,JJ,1
body,distinction,NN,2
body,distinguish,VB,1
body,distinguished,JJ,1
body,distinguished,VBD,2
body,distracted,VBN,2
body,distraction,NN,1
body,distress,NN,12
body,distressed,JJ,10
body,distressing,JJ,3
body,distrust,VB,1
body,distrust,VBP,1
body,distrusted,VBN,1
body,disturb,VB,1
body,disturbance,NN,1
body,disturbed,JJ,1
body,disturbed,VBN,1
body,disturbers,NNS,1
body,diverted,VBN,3
body,divide,VB,2
body,divided,VBN,1
body,dividing,VBG,1
body,do,VB,69
body,do,VBP,82
body,does,VBZ,25
body,doing,VBG,13
body,doings,NNS,1
body,domestic,JJ,5
body,domestics,NNS,1
body,done,VBD,1
body,done,VBN,58
body,door,NN,19
body,door-bell,NN,1
body,doors,NNS,3
body,double,JJ,1
body,doubled,VBN,1
body,doubly,RB,1
body,doubt,NN,15
body,doubt,VB,1
body,doubt,VBP,1
body,doubted,VBD,2
body,doubted,VBN,2
body,doubting,VBG,1
body,doubtingly,NN,1
body,doubtless,JJ,1
body,doubtless,VB,1
body,doubts,NNS,1
body,down,IN,1
body,down,RB,19
body,down,RP,24
body,downstairs,NNS,1
body,downstairs,RB,4
body,draw,VB,3
body,drawing,VBG,1
body,drawing-room,NN,6
body,drawings,NNS,1
body,drawn,VBD,1
body,drawn,VBN,7
body,dread,NN,4
body,dreaded,VBD,4
body,dreaded,VBN,2
body,dreadful,JJ,8
body,dreadfully,RB,2
body,dress,NN,2
body,dress,VB,1
body,dressed,VBD,1
body,dressed,VBN,3
body,dressing,VBG,3
body,dressing-room,NN,5
body,drew,VBD,7
body,drink,VB,2
body,drinking,NN,1
body,drive,NN,1
body,drive,VB,1
body,driven,VBN,3
body,driving,VBG,2
body,drooping,VBG,1
body,dropped,VBD,1
body,dropped,VBN,3
body,drove,VBD,8
body,dryly,RB,1
body,ducks,NNS,1
body,due,JJ,6
body,duel,NN,1
body,dull,JJ,4
body,dulness,NN,1
body,dupe,NN,1
body,duplicity,NN,1
body,duration,NN,2
body,during,IN,11
body,duties,NNS,1
body,dutifully,RB,1
body,duty,NN,7
body,dwell,VB,1
body,dwelling,NN,4
body,dwelt,VBN,2
body,dwelt,VBZ,1
body,eY,UNK,1
body,each,DT,39
body,eager,JJ,9
body,eagerly,RB,6
body,eagerness,NN,6
body,earliest,JJS,3
body,early,JJ,8
body,early,RB,6
body,earnest,JJ,8
body,earnest,NN,2
body,earnestly,RB,7
body,earth,NN,1
body,earthly,JJ,1
body,ease,NN,13
body,easily,RB,19
body,easy,JJ,12
body,eat,VB,2
body,eating,VBG,1
body,eccentric,JJ,1
body,economically,RB,1
body,economy,NN,4
body,ecstasy,NN,1
body,edge,NN,1
body,edged,VBD,1
body,education,NN,2
body,effect,NN,10
body,effects,NNS,3
body,effectually,RB,3
body,effort,NN,3
body,efforts,NNS,1
body,effusion,NN,1
body,eight,CD,7
body,eight-and-twenty,JJ,1
body,either,CC,22
body,either,DT,13
body,either,RB,2
body,elapsed,VBN,1
body,elder,JJR,7
body,elderly,JJ,1
body,eldest,JJ,5
body,eldest,JJS,2
body,eldest,NN,1
body,elegance,NN,4
body,elegant,JJ,2
body,elevation,NN,1
body,eleven,NNS,1
body,eligible,JJ,1
body,ell,NN,1
body,elope,VB,1
body,eloped,VBN,1
body,elopement,NN,9
body,eloping,NN,1
body,eloquent,JJ,1
body,else,JJ,2
body,else,NN,1
body,else,RB,16
body,elsewhere,RB,2
body,embargo,NN,1
body,embarrass,VBP,1
body,embarrassed,JJ,4
body,embarrassed,VBN,2
body,embarrassment,NN,8
body,embraced,VBD,2
body,embracing,VBG,1
body,eminence,NN,1
body,emotion,NN,5
body,emphatically,RB,1
body,employ,VB,1
body,employed,VBN,1
body,employing,VBG,1
body,employment,NN,4
body,employments,NNS,1
body,emptiness,NN,1
body,enabled,VBD,1
body,enabling,VBG,1
body,encamped,VBN,1
body,encounter,VB,2
body,encourage,VB,2
body,encouraged,VBD,3
body,encouraged,VBN,2
body,encouragement,NN,5
body,encouraging,VBG,2
body,encumbrance,NN,1
body,end,NN,11
body,end,VB,3
body,endeavor,NN,2
body,endeavored,VBD,2
body,endeavoring,VBG,1
body,endeavors,NNS,1
body,endeavour,NN,5
body,endeavour,VB,4
body,endeavour,VBP,1
body,endeavoured,VBD,4
body,endeavouring,VBG,2
body,endeavours,NNS,6
body,ended,VBD,1
body,ended,VBN,1
body,endless,JJ,2
body,endure,VB,1
body,endured,VBD,1
body,endured,VBN,2
body,enemy,NN,1
body,energy,NN,4
body,enforced,VBD,1
body,engage,VB,2
body,engaged,VBD,3
body,engaged,VBN,16
body,engagement,NN,15
body,engagements,NNS,6
body,engaging,JJ,1
body,engaging,VBG,3
body,engross,VB,1
body,engrossed,VBN,1
body,enhance,VB,1
body,enjoy,VB,5
body,enjoying,VBG,2
body,enjoyment,NN,3
body,enjoyments,NNS,1
body,enlarging,VBG,1
body,enormity,NN,1
body,enough,JJ,14
body,enough,RB,45
body,enraged,VBN,1
body,ensigncy,NN,1
body,ensue,VB,1
body,entail,VB,1
body,entailed,VBN,1
body,enter,VB,9
body,enter,VBP,1
body,entered,VBD,18
body,entered,VBN,1
body,entering,VBG,4
body,entertain,VB,1
body,entertained,VBD,2
body,entertainment,NN,1
body,entirely,RB,10
body,entitled,VBN,2
body,entrance,NN,7
body,entreat,VB,1
body,entreaties,NNS,1
body,entreaty,NN,6
body,enumerating,VBG,3
body,envelope,NN,2
body,envied,VBD,1
body,environs,NNS,1
body,envy,NN,1
body,envy,VB,1
body,envy,VBP,1
body,epithet,NN,1
body,equal,JJ,16
body,equalled,VBN,1
body,equally,RB,6
body,equipage,NN,1
body,equivocal,JJ,1
body,eral,JJ,1
body,ere,NN,1
body,err,VB,3
body,errand,NN,1
body,error,NN,3
body,errors,NNS,3
body,escape,VB,4
body,escaped,VBN,1
body,escaping,VBG,1
body,especially,RB,9
body,essential,JJ,2
body,essentials,NNS,2
body,established,JJ,1
body,established,VBN,1
body,establishment,NN,2
body,estate,NN,2
body,estates,NNS,1
body,esteem,NN,6
body,esteemed,VBD,3
body,esteemed,VBN,2
body,estimation,NN,3
body,etc.,FW,9
body,etiquette,NN,1
body,even,RB,46
body,evening,NN,31
body,evenness,NN,1
body,event,NN,13
body,events,NNS,4
body,ever,RB,72
body,every,DT,104
body,everybody,NN,12
body,everything,NN,39
body,everywhere,RB,1
body,evident,JJ,8
body,evidently,RB,2
body,evil,JJ,1
body,evil,NN,6
body,evils,NNS,7
body,exact,JJ,2
body,exactly,RB,15
body,exaggerate,VB,1
body,examination,NN,1
body,examine,VB,1
body,examined,VBN,1
body,examining,VBG,3
body,example,NN,2
body,exasperate,VB,2
body,exceed,VB,2
body,exceeded,VBD,1
body,exceeding,VBG,1
body,exceedingly,RB,13
body,excellent,JJ,5
body,except,IN,10
body,exceptionable,JJ,1
body,excessive,JJ,2
body,excessively,RB,4
body,exchanged,VBN,1
body,excite,VB,1
body,excited,VBD,2
body,excited,VBN,5
body,exciting,JJ,1
body,exclaim,VBP,1
body,exclaimed,VBD,2
body,exclaimed,VBN,1
body,exclaiming,VBG,2
body,exclamations,NNS,1
body,exclude,VB,1
body,excuse,NN,6
body,excuse,VB,2
body,excused,VBD,1
body,excuses,NNS,2
body,executed,VBN,1
body,execution,NN,1
body,executors,NNS,1
body,exercise,NN,2
body,exercising,VBG,1
body,exert,VB,2
body,exerted,VBD,2
body,exerting,VBG,1
body,exertion,NN,8
body,exigence,NN,1
body,existed,VBD,2
body,existed,VBN,1
body,existence,NN,2
body,existing,VBG,2
body,expect,VB,15
body,expect,VBP,1
body,expectation,NN,16
body,expectations,NNS,4
body,expected,VBD,9
body,expected,VBN,20
body,expecting,VBG,5
body,expedient,JJ,1
body,expedite,VB,1
body,expeditiously,RB,2
body,expense,NN,4
body,expenses,NNS,3
body,explain,VB,2
body,explained,VBD,4
body,explained,VBN,1
body,explaining,VBG,2
body,explanation,NN,7
body,explanations,NNS,2
body,explanatory,JJ,1
body,explicit,JJ,2
body,explicitly,RB,1
body,explore,VB,1
body,expose,VB,1
body,exposed,VBN,2
body,exposing,VBG,4
body,exposure,NN,1
body,express,JJ,2
body,express,VB,6
body,express,VBP,6
body,expressed,VBD,15
body,expressed,VBN,3
body,expressing,VBG,5
body,expression,NN,13
body,expressions,NNS,7
body,expressive,JJ,1
body,expressively,RB,2
body,extended,VBN,1
body,extensive,JJ,2
body,extent,NN,6
body,extinguished,VBN,1
body,extorted,VBN,1
body,extractions,NNS,1
body,extraordinary,JJ,10
body,extravagance,NN,3
body,extravagant,JJ,4
body,extreme,JJ,3
body,extreme,NN,1
body,extremely,RB,3
body,exuberance,NN,1
body,exuberant,JJ,1
body,eye,NN,7
body,eyes,NNS,27
body,f,LS,1
body,f,SYM,1
body,fY,NN,1
body,face,NN,18
body,faces,NNS,3
body,fact,NN,4
body,faculties,NNS,1
body,fail,VB,3
body,fainter,JJR,1
body,fainter,RBR,1
body,fair,JJ,4
body,fairly,RB,2
body,faithful,JJ,1
body,faithfully,RB,1
body,fall,NN,2
body,fall,VB,3
body,fall,VBP,1
body,fallen,VBN,2
body,falling,VBG,1
body,false,JJ,9
body,falsehood,NN,6
body,falsely,RB,1
body,familiar,JJ,1
body,familiarity,NN,2
body,familiarly,RB,1
body,families,NNS,2
body,family,NN,84
body,fancied,VBD,2
body,fancied,VBN,2
body,fancy,JJ,2
body,fancy,NN,5
body,far,RB,33
body,fare,NN,2
body,farewell,NN,1
body,farm-house,NN,1
body,farther,RB,1
body,farther,RBR,10
body,farthing,NN,1
body,fashion,NN,3
body,fashions,NNS,1
body,fast,JJ,1
body,fast,RB,3
body,fastened,VBN,1
body,fat,JJ,1
body,fate,NN,2
body,father,NN,79
body,fathers,NNS,1
body,fatigue,NN,2
body,fatigued,VBN,1
body,fault,NN,2
body,faults,NNS,3
body,faulty,JJ,3
body,favor,NN,3
body,favorite,JJ,3
body,favorite,NN,1
body,favorites,NNS,1
body,favour,NN,5
body,favour,VB,1
body,favourable,JJ,6
body,favourite,JJ,6
body,favourite,NN,2
body,favourites,NNS,1
body,fear,NN,9
body,fear,VB,4
body,fear,VBP,3
body,feared,VBD,6
body,feared,VBN,3
body,fearful,JJ,4
body,fearless,JJ,1
body,fears,NNS,6
body,fears,VBZ,1
body,feather,NN,1
body,feathers,NNS,1
body,feature,NN,1
body,features,NNS,3
body,feel,NN,1
body,feel,VB,16
body,feel,VBP,9
body,feeling,NN,10
body,feeling,VBG,6
body,feelings,NNS,55
body,feels,VBZ,1
body,felicity,NN,8
body,fellow,NN,3
body,fellows,NNS,1
body,felt,VBD,53
body,felt,VBN,9
body,female,JJ,1
body,female,NN,1
body,females,NNS,1
body,fervent,JJ,1
body,fervently,RB,1
body,fetch,VB,2
body,few,JJ,41
body,fidget,VB,1
body,fidgets,NNS,1
body,fidgety,JJ,1
body,fifteen,CD,1
body,fifty,CD,3
body,fight,VB,2
body,fighting,VBG,1
body,figure,NN,2
body,filled,VBD,1
body,filling,VBG,1
body,final,JJ,1
body,finally,RB,4
body,finances,NNS,1
body,find,VB,26
body,find,VBP,1
body,finding,VBG,6
body,fine,JJ,11
body,fine,NN,2
body,fine-looking,JJ,1
body,finer,JJR,1
body,finer,NN,1
body,finery,NN,1
body,finest,JJS,2
body,finish,NN,1
body,finished,VBD,3
body,finished,VBN,3
body,finishing,VBG,1
body,fireplace,NN,1
body,firm,NN,1
body,firmest,JJS,1
body,firmly,RB,1
body,first,JJ,56
body,first,RB,25
body,fish,NN,1
body,fishing,NN,4
body,fishing-tackle,NN,1
body,fit,VBP,1
body,fitted,VBD,1
body,fitted,VBN,1
body,five,CD,10
body,five-and-twenty,JJ,1
body,fix,VB,2
body,fixed,VBN,11
body,flaming,JJ,1
body,flatter,VB,2
body,flatter,VBP,2
body,flattered,JJ,1
body,flattered,VBD,1
body,flattered,VBN,3
body,flew,VBD,2
body,flight,NN,3
body,flirt,NN,2
body,flirt,VB,1
body,flirt,VBP,1
body,flirtation,NN,2
body,flirting,VBG,2
body,fluctuating,VBG,1
body,fluently,RB,1
body,flutter,NN,3
body,fluttered,JJ,1
body,flutterings,NNS,1
body,follies,NNS,1
body,follow,VB,6
body,followed,VBD,13
body,followed,VBN,3
body,following,VBG,10
body,follows,VBZ,6
body,folly,NN,9
body,fond,JJ,10
body,fonder,JJ,1
body,fool,NN,3
body,foolish,JJ,1
body,foot,NN,1
body,footing,NN,1
body,for,IN,546
body,forbade,VBD,1
body,forbearance,NN,3
body,forbid,NN,1
body,forbid,VBD,1
body,forbore,NN,1
body,force,NN,3
body,force,VB,2
body,forced,JJ,1
body,forced,VBD,2
body,forced,VBN,14
body,forcibly,RB,2
body,forego,VB,1
body,foresee,VBP,1
body,forever,RB,10
body,forget,VB,9
body,forgetfulness,NN,1
body,forgetting,VBG,1
body,forgive,VB,2
body,forgive,VBP,3
body,forgiven,VBN,1
body,forgiveness,NN,2
body,forgiving,JJ,1
body,forgot,VBD,1
body,forgot,VBN,2
body,forgotten,VBN,8
body,forlorn,JJ,1
body,form,NN,2
body,form,VB,3
body,formal,JJ,2
body,formality,NN,1
body,formation,NN,1
body,formed,VBN,13
body,former,JJ,28
body,formerly,RB,6
body,formidable,JJ,2
body,forming,VBG,2
body,forth,RB,2
body,fortitude,NN,1
body,fortnight,NN,14
body,fortunate,JJ,3
body,fortunately,RB,1
body,fortune,NN,11
body,fortunes,NNS,1
body,forty,CD,1
body,forward,RB,21
body,forward,RP,1
body,forwarded,VBD,1
body,forwarded,VBN,1
body,forwarder,NN,1
body,forwarding,NN,1
body,forwards,RB,1
body,foul,JJ,1
body,found,VBD,23
body,found,VBN,14
body,foundation,NN,3
body,foundations,NNS,1
body,founded,VBN,3
body,four,CD,9
body,frailty,NN,1
body,frankly,RB,1
body,frankness,NN,4
body,freckled,JJ,1
body,free,JJ,4
body,freedom,NN,3
body,frequent,JJ,6
body,frequently,RB,14
body,fresh,JJ,7
body,fret,VB,1
body,fretfully,RB,1
body,fretfulness,NN,2
body,friend,NN,37
body,friendless,JJ,1
body,friendlier,JJR,1
body,friendly,JJ,2
body,friends,NNS,29
body,friendship,NN,4
body,frighted,VBN,1
body,frightened,JJ,1
body,frightened,VBD,1
body,frisks,NNS,1
body,frivolous,JJ,3
body,from,IN,281
body,front,JJ,1
body,front,NN,2
body,fruit,NN,1
body,fruits,NNS,2
body,fugitives,NNS,1
body,fulfil,VB,1
body,full,JJ,11
body,fullest,JJS,1
body,fully,RB,3
body,fun,NN,7
body,furnished,JJ,1
body,furniture,NN,3
body,further,JJ,7
body,further,RB,7
body,fused,VBN,1
body,fuss,NN,1
body,future,JJ,5
body,future,NN,4
body,gaiety,NN,1
body,gaily,RB,1
body,gain,VB,1
body,gained,VBN,5
body,gaining,VBG,3
body,gallantry,NN,2
body,gallery,NN,3
body,gamester,NN,1
body,gaming,NN,1
body,garden,NN,1
body,gardener,NN,2
body,gate,NN,1
body,gates,NNS,2
body,gaudy,JJ,1
body,gave,VBD,29
body,gay,JJ,2
body,gayer,NN,1
body,gen,NN,1
body,general,JJ,21
body,generality,NN,1
body,generally,RB,7
body,generous,JJ,7
body,generous-hearted,JJ,1
body,generously,RB,1
body,genius,NN,1
body,genteel,JJ,1
body,gentle,JJ,3
body,gentleman,NN,19
body,gentlemanlike,JJ,3
body,gentlemen,NNS,15
body,gentleness,NN,4
body,gentlest,JJS,1
body,genuine,JJ,1
body,get,VB,21
body,get,VBP,5
body,getting,VBG,3
body,giddiness,NN,1
body,girl,NN,14
body,girls,NNS,9
body,give,VB,70
body,give,VBP,2
body,given,VBN,29
body,gives,VBZ,4
body,giving,VBG,13
body,glad,JJ,13
body,gladly,RB,1
body,glance,NN,4
body,glass,NN,2
body,glen,NN,1
body,glimpse,NN,2
body,gloom,NN,2
body,gloomy,JJ,1
body,gloried,VBD,1
body,glories,NNS,1
body,glove,NN,1
body,glow,NN,2
body,go,VB,57
body,go,VBP,4
body,godson,NN,1
body,goes,VBZ,1
body,going,NN,1
body,going,VBG,38
body,gone,VBN,47
body,good,JJ,87
body,good-humor,NN,9
body,good-humored,JJ,3
body,good-natured,JJ,4
body,good-tempered,JJ,1
body,good-will,NN,1
body,goodnatured,VBN,1
body,goodness,NN,9
body,gossiping,VBG,1
body,got,VBD,9
body,got,VBN,7
body,governed,VBD,1
body,governess,NN,1
body,gown,NN,4
body,gowns,NNS,2
body,graceful,JJ,1
body,gracious,JJ,6
body,gradual,JJ,1
body,gradually,RB,3
body,grain,NN,1
body,grand,JJ,1
body,grandeur,NN,1
body,grapes,NNS,1
body,grasp,VB,1
body,grateful,JJ,8
body,gratefully,RB,2
body,gratified,VBD,2
body,gratified,VBN,5
body,gratify,VB,1
body,gratifying,VBG,3
body,gratitude,NN,17
body,grave,JJ,4
body,grave,NN,2
body,gravel-walk,NN,1
body,gravely,RB,1
body,gravity,NN,1
body,great,JJ,68
body,greater,JJR,16
body,greatest,JJS,9
body,greatly,RB,5
body,greatness,NN,1
body,grew,VBD,2
body,grief,NN,2
body,grievances,NNS,1
body,grieve,VB,2
body,grieve,VBP,1
body,grieved,VBD,1
body,grieved,VBN,6
body,grieving,JJ,1
body,grievous,JJ,2
body,grievously,RB,1
body,gross,JJ,2
body,grossest,JJS,1
body,ground,NN,10
body,grounds,NNS,4
body,groundwork,NN,1
body,grove,NN,2
body,grow,VB,1
body,grow,VBP,1
body,growing,VBG,2
body,grown,VBN,1
body,growth,NN,1
body,guard,NN,1
body,guard,VB,1
body,guarded,VBN,6
body,guardianship,NN,2
body,guess,VB,2
body,guessed,VBD,2
body,guessed,VBN,1
body,guest,NN,2
body,guidance,NN,1
body,guide,VB,1
body,guided,VBN,1
body,guilty,JJ,2
body,guinea,NN,1
body,gulf,NN,1
body,habit,NN,5
body,habits,NNS,2
body,hackney,NN,2
body,hackney-coach,NN,1
body,had,VBD,667
body,had,VBN,10
body,hadanother,VBD,1
body,hair,NN,2
body,half,DT,4
body,half,JJ,2
body,half,NN,14
body,half,PDT,13
body,half-hour,NN,2
body,half-laughing,JJ,1
body,halfexpectation,NN,1
body,hall,NN,8
body,hall-door,NN,1
body,hand,NN,15
body,handed,VBD,2
body,handkerchief,NN,1
body,hands,NNS,4
body,handsome,JJ,14
body,handsomely,RB,2
body,handsomer,JJR,1
body,handsomest,JJS,3
body,hang,VB,1
body,hanging,VBG,1
body,happen,VB,5
body,happened,VBD,6
body,happened,VBN,10
body,happens,VBZ,2
body,happier,JJR,3
body,happiest,JJS,7
body,happily,RB,2
body,happiness,NN,36
body,happy,JJ,44
body,harboured,VBN,1
body,hard,JJ,4
body,hard,RB,1
body,hard-heartedness,NN,1
body,hardened,VBN,1
body,hardly,RB,28
body,harm,NN,1
body,has,VBZ,118
body,haste,NN,3
body,hastened,VBD,3
body,hastening,VBG,1
body,hastily,RB,9
body,hasty,JJ,2
body,hate,VB,2
body,hate,VBP,1
body,hated,VBD,1
body,hated,VBN,2
body,hatefully,RB,1
body,hatred,NN,1
body,haughty,JJ,2
body,haunch,NN,1
body,hauteur,NN,1
body,have,VB,260
body,have,VBP,195
body,having,VBG,42
body,hazarded,VBN,1
body,he,PRP,548
body,head,NN,15
body,heads,NNS,1
body,headstrong,JJ,1
body,health,NN,8
body,hear,VB,21
body,hear,VBP,1
body,heard,VBD,21
body,heard,VBN,26
body,hearing,NN,6
body,hearing,VBG,3
body,hears,VBZ,1
body,heart,NN,24
body,heartening,VBG,1
body,heartfelt,JJ,1
body,hearth,NN,1
body,heartily,RB,6
body,heavier,JJR,1
body,heavy,JJ,3
body,heedless,NN,1
body,height,NN,1
body,heightened,VBN,7
body,heinous,JJ,1
body,held,VBD,2
body,held,VBN,2
body,help,NN,3
body,help,VB,18
body,hence,RB,1
body,henceforth,NN,1
body,her,PRP,185
body,her,PRP$,973
body,here,RB,41
body,hereabouts,RB,2
body,hereafter,RB,1
body,hermitage,NN,1
body,hers,NNS,4
body,herself,PRP,124
body,hesitate,VB,2
body,hesitated,VBD,3
body,hesitation,NN,2
body,high,JJ,6
body,higher,JJR,2
body,highest,JJS,3
body,highly,RB,10
body,hill,NN,2
body,hills,NNS,3
body,him,PRP,410
body,himself,PRP,63
body,hint,NN,4
body,hints,NNS,2
body,hired,VBN,1
body,his,PRP$,621
body,histories,NNS,1
body,history,NN,1
body,hither,RB,2
body,hitherto,RB,1
body,hold,VB,3
body,hold,VBP,1
body,holding,VBG,1
body,home,NN,35
body,home,RB,3
body,honest,JJ,1
body,honestly,RB,2
body,honor,NN,3
body,honorable,JJ,1
body,honour,NN,16
body,honourable,JJ,3
body,honoured,VBN,1
body,hope,NN,14
body,hope,VB,16
body,hope,VBP,34
body,hoped,VBD,8
body,hoped,VBN,2
body,hopeless,JJ,4
body,hopes,NNS,13
body,hoping,VBG,3
body,horrible,JJ,1
body,horrid,JJ,2
body,horror,NN,5
body,horse,NN,1
body,horses,NNS,3
body,hotels,NNS,1
body,hour,NN,14
body,hours,NNS,16
body,house,NN,45
body,household,NN,1
body,housekeeper,NN,14
body,housekeeping,NN,2
body,housemaids,NNS,1
body,houses,NNS,3
body,how,WRB,95
body,however,RB,59
body,human,JJ,1
body,humanity,NN,1
body,humble,JJ,4
body,humbled,VBN,4
body,humbling,JJ,1
body,humiliating,JJ,1
body,humiliation,NN,2
body,humor,NN,1
body,humour,NN,4
body,hundred,CD,4
body,hunting,NN,1
body,hurried,VBD,4
body,hurried,VBN,5
body,hurry,NN,3
body,hurry,VB,2
body,hurrying,VBG,1
body,hurt,VBN,3
body,husband,NN,27
body,husbands,NNS,4
body,hushed,VBN,1
body,hypocrisy,NN,1
body,hysterics,NNS,1
body,i,LS,1
body,idea,NN,25
body,ideas,NNS,7
body,idle,JJ,6
body,idleness,NN,2
body,if,IN,121
body,ifS///■///,UNK,1
body,ignorance,NN,6
body,ignorant,JJ,14
body,ill,JJ,10
body,ill,RB,17
body,ill-judged,JJ,4
body,ill-judging,JJ,1
body,ill-natured,JJ,2
body,ill-opinion,NN,1
body,ill-usage,NN,1
body,ill-will,NN,1
body,illiberal,JJ,1
body,illustrious,JJ,1
body,ily,RB,1
body,imaginary,JJ,2
body,imagination,NN,2
body,imagine,VB,9
body,imagine,VBP,1
body,imagined,VBN,3
body,imitate,VB,1
body,imitated,VBN,1
body,immediate,JJ,9
body,immediately,RB,27
body,immoral,JJ,1
body,immovable,JJ,2
body,imparted,VBD,1
body,impartial,JJ,1
body,impartiality,NN,1
body,impassable,JJ,1
body,impatience,NN,6
body,impatient,JJ,2
body,impatiently,RB,2
body,impelled,VBN,1
body,impenetrably,RB,1
body,imperfectly,RB,1
body,impertinence,NN,3
body,impertinent,JJ,1
body,impetuous,JJ,1
body,implicitness,NN,1
body,implies,VBZ,1
body,importance,NN,14
body,important,JJ,6
body,importing,VBG,1
body,importuned,VBN,1
body,impose,VB,1
body,imposed,VBN,1
body,impossible,JJ,25
body,impressing,VBG,1
body,impression,NN,7
body,impressive,JJ,1
body,improbable,JJ,5
body,improper,JJ,2
body,improprieties,NNS,1
body,impropriety,NN,5
body,improve,VB,1
body,improved,VBD,1
body,improved,VBN,4
body,improvement,NN,4
body,improves,VBZ,2
body,imprudence,NN,6
body,imprudent,JJ,6
body,impudence,NN,2
body,impudent,JJ,1
body,impulse,NN,1
body,impunity,NN,1
body,imputed,JJ,3
body,imputing,VBG,1
body,in,IN,912
body,in,RP,5
body,inadequate,JJ,1
body,inarm,NN,1
body,inattentive,JJ,1
body,incapable,JJ,4
body,incautiously,RB,1
body,incensed,JJ,1
body,incessantly,RB,1
body,incivility,NN,2
body,inclination,NN,11
body,inclinations,NNS,1
body,inclined,JJ,2
body,inclined,VBN,6
body,included,VBN,1
body,income,NN,7
body,incomprehensible,NN,2
body,inconceivable,JJ,1
body,inconsistency,NN,1
body,inconvenience,NN,3
body,inconveniences,NNS,1
body,inconvenient,JJ,3
body,increase,VB,3
body,increased,VBD,2
body,increased,VBN,3
body,increases,VBZ,1
body,increasing,VBG,3
body,incredible,JJ,1
body,incredulity,NN,2
body,incredulous,JJ,1
body,incumbent,JJ,1
body,incur,VB,1
body,incurred,VBN,1
body,indebted,JJ,6
body,indecision,NN,1
body,indecorum,NN,1
body,indeed,RB,34
body,indelicacy,NN,1
body,indelicate,JJ,1
body,independence,NN,3
body,indicated,VBD,1
body,indifference,NN,11
body,indifferent,JJ,9
body,indignant,JJ,1
body,indignation,NN,5
body,indignity,NN,1
body,indiscreet,JJ,1
body,indispensably,RB,1
body,indisposed,VBN,1
body,indistinctly,RB,1
body,individual,NN,1
body,individually,RB,1
body,indolence,NN,2
body,induce,VB,3
body,induced,VBD,1
body,inducement,NN,3
body,inducements,NNS,1
body,indulge,VB,5
body,indulgence,NN,5
body,industriously,RB,1
body,ineffectual,JJ,1
body,inevitable,JJ,1
body,inexpressibly,RB,1
body,infamous,JJ,3
body,infamy,NN,4
body,infancy,NN,1
body,infatuation,NN,1
body,inferior,JJ,4
body,inferiority,NN,2
body,infinite,JJ,2
body,infinitely,RB,2
body,inflict,VB,2
body,infliction,NN,1
body,influence,NN,1
body,influenced,VBN,1
body,inform,VB,4
body,information,NN,16
body,informed,VBD,2
body,informed,VBN,5
body,informing,VBG,1
body,informs,VBZ,1
body,ing,NN,3
body,ing,RB,1
body,ingenious,JJ,1
body,ingly,RB,1
body,ingratitude,NN,1
body,inhabitants,NNS,1
body,injunctions,NNS,1
body,injure,VB,2
body,injured,VBN,1
body,injuries,NNS,1
body,injurious,JJ,2
body,injustice,NN,1
body,inn,NN,7
body,innocent,JJ,1
body,innocently,RB,1
body,inns,NNS,1
body,inquire,VB,6
body,inquired,VBD,3
body,inquired,VBN,1
body,inquiries,NNS,11
body,inquiring,VBG,5
body,inquiry,NN,7
body,insensibility,NN,2
body,insensible,JJ,3
body,insignificance,NN,1
body,insincere,JJ,2
body,insinuating,VBG,1
body,insipid,JJ,1
body,insist,VB,1
body,insist,VBP,1
body,insisted,VBD,1
body,insolence,NN,1
body,insolent,JJ,1
body,inspection,NN,2
body,inspired,VBN,2
body,instability,NN,1
body,instance,NN,4
body,instances,NNS,1
body,instant,JJ,1
body,instant,NN,3
body,instantaneous,JJ,1
body,instantly,RB,23
body,instead,RB,6
body,instinctively,RB,2
body,instruct,VB,1
body,instructions,NNS,1
body,instrument,NN,2
body,insufferable,JJ,1
body,insufficient,JJ,9
body,insulted,VBN,1
body,insulting,JJ,1
body,insure,VB,1
body,integrity,NN,2
body,intelligence,NN,12
body,intelligent,JJ,1
body,intelligible,JJ,2
body,intended,JJ,3
body,intended,VBD,5
body,intended,VBN,5
body,intending,VBG,6
body,intention,NN,7
body,intentionally,RB,1
body,intentions,NNS,4
body,intently,RB,1
body,intercourse,NN,3
body,interest,NN,15
body,interest,VB,1
body,interested,JJ,2
body,interesting,JJ,5
body,interference,NN,7
body,intermediate,JJ,1
body,intermission,NN,1
body,interpretation,NN,1
body,interrupt,VB,2
body,interrupted,JJ,2
body,interrupted,VBN,2
body,interrupting,VBG,1
body,interruption,NN,5
body,interval,NN,1
body,intervene,VB,1
body,interview,NN,2
body,intimacy,NN,4
body,intimate,JJ,3
body,intimately,RB,1
body,intimates,NNS,1
body,intimation,NN,1
body,intimidated,VBN,1
body,into,IN,79
body,intolerable,JJ,1
body,intrigues,NNS,1
body,introduce,VB,4
body,introduced,VBD,2
body,introduced,VBN,2
body,introducing,VBG,3
body,introduction,NN,3
body,intrude,VB,2
body,intrusion,NN,1
body,invaluable,JJ,2
body,invariably,RB,1
body,invectives,NNS,1
body,invention,NN,1
body,investigations,NNS,1
body,invitation,NN,8
body,invitations,NNS,1
body,invite,VB,5
body,invited,VBD,3
body,invited,VBN,2
body,involuntarily,RB,1
body,involuntary,JJ,1
body,involved,VBN,2
body,involves,VBZ,1
body,involving,VBG,2
body,iriend,NN,1
body,irksome,JJ,1
body,irregularity,NN,1
body,irreligious,JJ,1
body,irremediable,JJ,1
body,irreproachable,JJ,1
body,irretrievable,JJ,1
body,irrevocably,RB,1
body,irritable,JJ,2
body,irritation,NN,1
body,is,VBZ,383
body,it,PRP,685
body,itlis,NN,1
body,its,PRP$,63
body,itself,PRP,6
body,jealous,JJ,1
body,jealousy,NN,2
body,jectured,VBN,1
body,jewel,NN,1
body,jewels,NNS,1
body,join,VB,10
body,joined,VBD,8
body,joined,VBN,4
body,joining,VBG,2
body,joke,NN,1
body,jokes,NNS,1
body,joking,VBG,1
body,journey,NN,14
body,joy,NN,7
body,joyful,JJ,1
body,judge,NN,1
body,judge,VB,4
body,judged,VBN,2
body,judgment,NN,7
body,jumped,VBD,1
body,junior,NN,1
body,just,RB,39
body,justice,NN,10
body,justification,NN,1
body,justified,JJ,1
body,justified,VBN,1
body,justify,VB,4
body,justly,RB,3
body,k,NN,1
body,kA,NN,1
body,keener,NN,1
body,keenest,JJS,2
body,keep,VB,10
body,keeping,VBG,2
body,keeps,VBZ,2
body,kept,VBD,5
body,kept,VBN,5
body,kill,VB,1
body,killed,VBN,4
body,kind,JJ,1
body,kind,NN,29
body,kind,RB,4
body,kinder,JJR,2
body,kindest,JJS,1
body,kindly,RB,2
body,kindness,NN,15
body,kindred,NN,1
body,kingdom,NN,1
body,kiss,NN,1
body,kissed,VBD,2
body,knees,NNS,1
body,knew,VBD,43
body,know,VB,73
body,know,VBP,65
body,knowing,VBG,17
body,knowledge,NN,10
body,known,JJ,2
body,known,VBN,34
body,knows,VBZ,7
body,"l<i///./■'.V,K",UNK,1
body,labour,NN,1
body,ladies,NNS,14
body,lady,NN,19
body,ladyship,NN,17
body,lagged,VBD,1
body,lagged,VBN,1
body,laid,VBD,2
body,laid,VBN,3
body,lam,NN,1
body,lament,NN,1
body,lamentations,NNS,3
body,lamented,VBN,1
body,land,NN,1
body,landlord,NN,2
body,lane,NN,4
body,lanes,NNS,1
body,language,NN,3
body,larder,NN,1
body,large,JJ,8
body,larger,JJR,4
body,last,JJ,78
body,last,RB,1
body,last,VB,1
body,lasted,VBD,3
body,late,JJ,7
body,late,RB,2
body,lately,RB,6
body,later,RB,3
body,latest,JJS,1
body,latter,JJ,10
body,latter,NN,2
body,latterly,RB,1
body,laugh,NN,8
body,laughed,VBD,5
body,laughed,VBN,1
body,laughing,NN,2
body,laughing,VBG,6
body,laughingly,RB,1
body,laughter,NN,1
body,law,NN,3
body,lawfully,RB,1
body,lawn,NN,6
body,lay,VB,3
body,lay,VBD,2
body,laying,VBG,1
body,lead,VB,2
body,leading,VBG,2
body,leads,VBZ,2
body,leaning,VBG,1
body,learn,VB,4
body,learn,VBP,1
body,learned,VBD,1
body,learned,VBN,4
body,learning,VBG,1
body,learnt,VBD,3
body,learnt,VBN,2
body,least,JJS,36
body,least,RBS,1
body,leave,NN,5
body,leave,VB,22
body,leaves,VBZ,1
body,leaving,VBG,8
body,led,VBD,7
body,led,VBN,3
body,left,VBD,24
body,left,VBN,17
body,legacy,NN,1
body,legally,RB,1
body,leisure,NN,8
body,leisurely,JJ,1
body,lend,VB,1
body,length,NN,19
body,less,JJR,23
body,less,RBR,15
body,lessen,VB,2
body,lessened,VBN,1
body,lesson,NN,2
body,lest,IN,2
body,let,VB,27
body,let,VBD,2
body,let,VBN,1
body,letter,NN,82
body,letter-paper,NN,1
body,letters,NNS,10
body,letting,VBG,2
body,levelled,VBN,1
body,li,FW,1
body,liberal,JJ,3
body,liberality,NN,2
body,liberally,RB,2
body,liberties,NNS,1
body,liberty,NN,4
body,library,NN,10
body,license,NN,2
body,licentiousness,NN,1
body,lie,NN,1
body,lies,NNS,1
body,lieu,NN,2
body,life,NN,26
body,lifetime,NN,1
body,lift,NN,1
body,lift,VB,3
body,lifted,VBD,2
body,light,JJ,2
body,light,NN,8
body,lighted,VBD,1
body,lightness,NN,1
body,like,IN,16
body,like,JJ,2
body,like,VB,15
body,like,VBP,3
body,liked,VBD,6
body,liked,VBN,4
body,likelihood,NN,3
body,likely,JJ,18
body,likely,RB,3
body,likeness,NN,1
body,likes,VBZ,2
body,likewise,RB,8
body,liking,NN,1
body,limits,NNS,1
body,line,NN,5
body,lines,NNS,5
body,lingering,VBG,1
body,lips,NNS,4
body,list,NN,2
body,listen,VB,5
body,listened,VBD,7
body,listener,NN,1
body,listening,VBG,1
body,little,JJ,86
body,little,RB,13
body,live,VB,7
body,live,VBP,2
body,lived,VBD,4
body,lived,VBN,2
body,liveliest,JJS,1
body,liveliness,NN,3
body,lively,JJ,6
body,livery,NN,2
body,living,NN,10
body,living,VBG,2
body,lobby,NN,1
body,lock,VB,1
body,lodge,VBP,1
body,lodges,NNS,1
body,lodgings,NNS,3
body,lofty,JJ,1
body,long,JJ,23
body,long,RB,29
body,longed,VBD,7
body,longer,JJR,2
body,longer,RB,9
body,longer,RBR,9
body,longing,NN,1
body,look,NN,17
body,look,VB,16
body,look,VBP,5
body,looked,VBD,39
body,looked,VBN,4
body,looking,VBG,14
body,looks,NNS,2
body,looks,VBZ,3
body,loose,JJ,1
body,lord,NN,1
body,lose,VB,3
body,loser,NN,1
body,losing,VBG,1
body,loss,NN,10
body,lost,VBD,6
body,lost,VBN,15
body,lotte,NN,1
body,loud,JJ,1
body,louder,RBR,1
body,love,NN,29
body,love,VB,6
body,love,VBP,8
body,loved,VBD,4
body,loved,VBN,3
body,loveliest,JJS,1
body,lovely,JJ,1
body,lover,NN,4
body,lovers,NNS,3
body,loves,VBZ,2
body,loving,VBG,2
body,low,JJ,1
body,lower,JJR,1
body,lower,RBR,1
body,lowest,JJS,1
body,lowness,NN,1
body,luck,NN,3
body,luckiest,JJS,1
body,luckily,RB,3
body,luckless,JJ,1
body,lucky,JJ,5
body,luncheon,NN,1
body,lurking,VBG,1
body,lustre,NN,1
body,ma'am,NN,1
body,ma'am,RB,1
body,ma'am,VB,1
body,madam,NN,7
body,madam,NNP,1
body,madam,VBP,1
body,made,VBD,33
body,made,VBN,30
body,magnitude,NN,1
body,maid,NN,2
body,maintained,VBN,1
body,make,VB,81
body,make,VBP,7
body,makes,VBZ,3
body,making,VBG,11
body,malice,NN,1
body,malicious,JJ,1
body,mamma,NN,6
body,man,NN,65
body,man-servant,JJ,1
body,manage,VB,1
body,managed,VBN,1
body,management,NN,3
body,manager,NN,1
body,mankind,NN,1
body,manner,NN,50
body,manners,NNS,21
body,manor,NN,1
body,mansion,NN,1
body,mantelpiece,NN,2
body,many,JJ,51
body,mar,FW,1
body,mark,NN,2
body,mark,VBP,1
body,marked,JJ,1
body,marked,VBD,2
body,marked,VBN,5
body,market-town,JJ,1
body,marks,VBZ,1
body,marriage,NN,45
body,married,JJ,3
body,married,VBD,1
body,married,VBN,38
body,marry,VB,26
body,marrying,VBG,10
body,master,NN,23
body,master,VB,1
body,match,NN,12
body,material,JJ,4
body,materially,RB,3
body,maternal,JJ,2
body,matrimony,NN,1
body,matter,NN,14
body,matters,NNS,3
body,may,MD,85
body,me,PRP,243
body,mean,JJ,2
body,mean,NN,1
body,mean,VB,7
body,mean,VBP,3
body,meanest,JJS,1
body,meaning,NN,6
body,meaning,VBG,1
body,meanly,RB,2
body,means,NNS,18
body,means,VBZ,5
body,meant,VBD,12
body,meant,VBN,2
body,meanwhile,RB,2
body,measure,NN,3
body,measures,NNS,2
body,meat,NN,3
body,mechanically,RB,1
body,mediocrity,NN,1
body,meditate,VB,1
body,meditated,VBD,1
body,meditation,NN,1
body,meditations,NNS,1
body,meet,VB,13
body,meet,VBP,4
body,meeting,NN,10
body,meeting,VBG,4
body,meetings,NNS,2
body,meets,VBZ,1
body,melancholy,JJ,3
body,member,NN,1
body,memories,NNS,1
body,memory,NN,4
body,men,NNS,15
body,men-servants,NNS,1
body,mend,VB,1
body,ment,NN,1
body,mention,NN,5
body,mention,VB,11
body,mention,VBP,1
body,mentioned,VBD,2
body,mentioned,VBN,12
body,mentioning,VBG,1
body,mercenary,JJ,1
body,mere,JJ,3
body,merely,RB,12
body,merit,NN,3
body,merited,VBN,2
body,merits,NNS,1
body,merry,JJ,2
body,merry,NN,1
body,mess,NN,1
body,message,NN,3
body,met,VBD,13
body,met,VBN,4
body,method,NN,4
body,middle,NN,2
body,might,MD,121
body,mildly,RB,1
body,mile,NN,2
body,miles,NNS,7
body,militia,NN,5
body,milliner,NN,1
body,mind,NN,36
body,mind,VB,2
body,mindful,JJ,1
body,minds,NNS,1
body,mine,JJ,2
body,mine,NN,5
body,mingled,VBN,1
body,miniar,NN,1
body,miniatures,NNS,2
body,minute,NN,4
body,minutely,RB,2
body,minutes,NNS,24
body,miraculous,JJ,1
body,mirth,NN,1
body,mischief,NN,2
body,mischievously,RB,1
body,misconduct,NN,2
body,miserable,JJ,2
body,miserably,RB,1
body,miseries,NNS,1
body,misery,NN,12
body,misfortune,NN,5
body,misfortunes,NNS,5
body,misled,VBN,1
body,mismanagement,NN,1
body,misrepresentation,NN,1
body,misrepresented,VBN,1
body,miss,VB,1
body,missed,VBD,1
body,missed,VBN,2
body,missent,JJ,2
body,missing,VBG,1
body,missish,JJ,1
body,mistake,NN,2
body,mistaken,JJ,10
body,mistaken,VBN,2
body,mistress,NN,5
body,misunderstood,VBN,3
body,mix,VB,1
body,mixed,VBN,1
body,mode,NN,4
body,moderate,JJ,2
body,moderation,NN,2
body,modest,JJ,1
body,modesty,NN,2
body,moment,NN,46
body,momentary,JJ,2
body,moments,NNS,8
body,money,NN,17
body,monosyllable,NN,1
body,month,NN,4
body,monthly,JJ,1
body,months,NNS,17
body,moral,JJ,3
body,moralize,VB,1
body,more,JJR,62
body,more,RBR,111
body,moreover,RB,5
body,morning,NN,44
body,mornings,NNS,1
body,morrow,NN,1
body,mortal,JJ,2
body,mortification,NN,4
body,mortifications,NNS,1
body,mortified,JJ,1
body,mortified,VBD,1
body,mortified,VBN,2
body,mortifies,VBZ,1
body,mortifying,JJ,3
body,most,JJS,8
body,most,RBS,76
body,mostly,RB,1
body,mother,NN,79
body,motive,NN,10
body,motives,NNS,3
body,mouth,NN,1
body,moved,VBD,4
body,moving,VBG,2
body,much,JJ,76
body,much,RB,72
body,multitude,NN,1
body,muslin,NN,2
body,muslins,NNS,1
body,must,MD,179
body,mutual,JJ,3
body,my,PRP$,317
body,myrefusing,VBG,1
body,myself,PRP,46
body,mystery,NN,1
body,n't,RB,11
body,n.,NN,1
body,name,NN,22
body,name,VB,2
body,named,VBD,1
body,names,NNS,1
body,naming,VBG,1
body,narrative,NN,1
body,narrow,JJ,1
body,narrowest,JJS,1
body,narrowly,RB,1
body,nasty,JJ,1
body,natural,JJ,12
body,naturally,RB,9
body,nature,NN,10
body,nay,NN,3
body,near,IN,14
body,near,JJ,1
body,near,RB,1
body,nearer,IN,3
body,nearest,JJS,5
body,nearly,RB,3
body,necessarily,RB,2
body,necessary,JJ,14
body,necessity,NN,7
body,nectarines,NNS,1
body,need,MD,4
body,need,NN,2
body,need,VBP,2
body,needed,VBD,1
body,needed,VBN,1
body,negative,JJ,2
body,neglect,NN,5
body,neglected,VBN,1
body,neglecting,VBG,1
body,negligent,JJ,1
body,neighboring,VBG,1
body,neighbors,NNS,2
body,neighbour,NN,1
body,neighbourhood,NN,10
body,neighbouring,JJ,1
body,neighbours,NNS,6
body,neither,CC,12
body,neither,DT,6
body,neither,RB,2
body,nephew,NN,18
body,nervous,JJ,1
body,nettled,VBD,1
body,never,RB,112
body,nevermore,NN,1
body,new,JJ,9
body,newly-born,JJ,1
body,news,NN,24
body,next,JJ,30
body,nibrasitg,NN,1
body,nice,JJ,3
body,nicest,JJS,1
body,niece,NN,20
body,nieces,NNS,2
body,night,NN,22
body,nightcap,NN,1
body,nine,CD,1
body,no,DT,218
body,no,RB,18
body,noble,JJ,6
body,nobler,JJ,1
body,noblest,JJS,1
body,nobody,NN,5
body,noisy,JJ,2
body,none,NN,9
body,nonsensical,JJ,1
body,noon,NN,1
body,nor,CC,39
body,northern,JJ,2
body,northward,RB,2
body,nose,NN,1
body,not,RB,730
body,note,NN,1
body,notes,NNS,1
body,nothing,NN,86
body,notice,NN,5
body,noticed,VBD,1
body,noticed,VBN,6
body,noticing,VBG,1
body,notion,NN,4
body,notions,NNS,2
body,novelty,NN,2
body,now,RB,127
body,nowadays,RB,1
body,num,NN,1
body,number,NN,1
body,numerous,JJ,1
body,nuptials,NNS,3
body,o'clock,RB,2
body,oaks,NNS,1
body,obeisance,NN,1
body,obey,VB,1
body,obeyed,VBD,1
body,obeyed,VBN,2
body,object,NN,24
body,object,VB,3
body,objection,NN,5
body,objectionable,JJ,1
body,objections,NNS,7
body,objects,NNS,5
body,obligation,NN,6
body,obligations,NNS,2
body,oblige,VB,2
body,obliged,VBD,1
body,obliged,VBN,13
body,obliging,VBG,1
body,obligingly,RB,1
body,obsequious,JJ,1
body,observation,NN,8
body,observations,NNS,1
body,observe,VB,4
body,observed,VBD,5
body,observed,VBN,4
body,observer,NN,2
body,observing,VBG,4
body,obstacles,NNS,2
body,obstinacy,NN,1
body,obstinate,JJ,2
body,obtain,VB,3
body,obtained,VBN,1
body,obtruded,JJ,1
body,obtruded,VBD,1
body,obvious,JJ,1
body,occasion,NN,17
body,occasion,VB,1
body,occasional,JJ,2
body,occasionally,RB,5
body,occasioned,VBN,2
body,occasions,NNS,3
body,occupied,JJ,1
body,occupied,VBD,1
body,occupied,VBN,1
body,occupy,VB,1
body,occur,VB,1
body,occurred,VBD,8
body,occurred,VBN,4
body,occurrences,NNS,2
body,of,IN,1873
body,off,IN,1
body,off,RB,9
body,off,RP,32
body,offence,NN,2
body,offences,NNS,2
body,offend,VB,1
body,offended,VBD,2
body,offended,VBN,1
body,offending,VBG,2
body,offensive,JJ,1
body,offer,NN,5
body,offer,VB,6
body,offered,VBD,1
body,offered,VBN,1
body,offering,VBG,2
body,offers,NNS,2
body,office,NN,1
body,officer,NN,4
body,officers,NNS,9
body,officious,JJ,2
body,officiousness,NN,1
body,often,RB,35
body,oftener,RB,1
body,oh,UH,2
body,old,JJ,8
body,older,JJR,1
body,olive-branch,JJ,1
body,omen,NN,1
body,on,IN,380
body,on,RP,5
body,once,RB,32
body,one,CD,128
body,one,NN,12
body,one,PRP,5
body,ones,NNS,1
body,only,JJ,6
body,only,RB,105
body,open,JJ,8
body,open,VB,3
body,opened,VBD,8
body,opened,VBN,2
body,opening,NN,3
body,opening,VBG,5
body,openly,RB,3
body,openness,NN,2
body,operated,VBN,1
body,opinion,NN,29
body,opinions,NNS,4
body,opportunities,NNS,1
body,opportunity,NN,13
body,oppose,VB,1
body,opposed,VBD,1
body,opposed,VBN,2
body,opposite,JJ,5
body,opposition,NN,2
body,oppressed,VBD,1
body,oppressed,VBN,1
body,oppressively,RB,1
body,or,CC,161
body,ordained,VBN,1
body,order,NN,1
body,order,VB,2
body,ordered,VBN,3
body,orders,NNS,5
body,ordinary,JJ,1
body,original,JJ,2
body,originate,VB,1
body,originated,VBD,1
body,originated,VBN,1
body,ornaments,NNS,1
body,ost,NN,1
body,other,JJ,117
body,others,NNS,30
body,otherwise,RB,5
body,ought,MD,28
body,our,PRP$,38
body,ours,PRP,2
body,ourselves,PRP,4
body,out,IN,27
body,out,RB,1
body,out,RP,43
body,outI,NNP,1
body,outlived,VBD,1
body,outstrip,VB,1
body,outstripped,VBD,1
body,over,IN,38
body,over,RB,4
body,over,RP,2
body,overbearing,JJ,1
body,overcame,VBD,2
body,overcome,VB,2
body,overcome,VBN,5
body,overcoming,VBG,1
body,overflowing,VBG,1
body,overflows,VBZ,1
body,overlook,VB,3
body,overlooked,VBN,2
body,overpowered,VBN,2
body,overrated,VBN,1
body,overruled,VBN,1
body,overset,VBN,1
body,overspread,VBD,1
body,overspread,VBN,1
body,overspreading,VBG,1
body,overtaken,VBN,1
body,overthrow,VB,1
body,overthrown,VBN,3
body,overtook,VBD,1
body,owe,VB,2
body,owe,VBP,2
body,owed,VBD,5
body,owes,VBZ,1
body,owing,JJ,1
body,owing,VBG,2
body,own,JJ,87
body,own,VB,4
body,owned,VBD,2
body,owner,NN,3
body,pack,VB,1
body,packed,VBN,1
body,packing,NN,1
body,paddock,NN,3
body,page,NN,1
body,paid,VBD,2
body,paid,VBN,4
body,pain,NN,17
body,painful,JJ,9
body,painfully,RB,2
body,paining,NN,1
body,pains,NNS,4
body,paintings,NNS,1
body,pair,NN,1
body,palatable,JJ,1
body,pale,JJ,3
body,paler,JJR,1
body,paling,NN,1
body,palliation,NN,1
body,panegyric,NN,1
body,panting,VBG,1
body,papa,NN,5
body,paper,NN,4
body,papers,NNS,1
body,parade,NN,2
body,parading,NN,1
body,parasol,NN,2
body,parcels,NNS,2
body,pardon,NN,5
body,parent,NN,1
body,parents,NNS,5
body,parish,NN,2
body,park,NN,8
body,parlor,NN,1
body,parsonage,NN,2
body,part,NN,34
body,part,VB,1
body,partake,VB,2
body,parted,VBD,6
body,parted,VBN,1
body,partial,JJ,4
body,partiality,NN,9
body,participation,NN,1
body,particular,JJ,11
body,particular,NN,1
body,particularly,RB,17
body,particulars,NNS,13
body,parties,NNS,8
body,parting,NN,6
body,partner,NN,2
body,partners,NNS,1
body,partridges,NNS,1
body,parts,NNS,2
body,party,NN,20
body,pass,VB,7
body,passed,VBD,14
body,passed,VBN,18
body,passing,NN,1
body,passing,VBG,6
body,passion,NN,1
body,passions,NNS,1
body,past,JJ,4
body,past,NN,5
body,patched-up,JJ,1
body,path,NN,2
body,pathetic,JJ,1
body,patience,NN,5
body,patron,NN,2
body,patronage,NN,2
body,pause,NN,5
body,paused,VBD,2
body,pauses,VBZ,1
body,pausing,VBG,2
body,pay,VB,3
body,paying,VBG,1
body,payment,NN,1
body,peace,NN,3
body,peaches,NNS,1
body,peculiar,JJ,5
body,peculiarity,NN,1
body,peculiarly,RB,2
body,pecuniary,JJ,2
body,peevish,JJ,1
body,pen,NN,1
body,penetration,NN,2
body,penitent,JJ,1
body,people,NNS,18
body,per,IN,1
body,perceive,VB,4
body,perceived,VBD,3
body,perceived,VBN,6
body,perceiving,VBG,2
body,perceptible,JJ,1
body,perfect,JJ,9
body,perfections,NNS,1
body,perfectly,RB,21
body,perform,VB,1
body,performed,VBN,2
body,perhaps,RB,29
body,period,NN,10
body,permanent,JJ,1
body,permission,NN,4
body,perpetually,RB,2
body,perplexity,NN,1
body,perseverance,NN,1
body,persist,VBP,1
body,persisting,VBG,1
body,person,NN,23
body,personage,NN,1
body,personages,NNS,1
body,personal,JJ,1
body,persons,NNS,4
body,persuade,VB,6
body,persuaded,VBD,6
body,persuaded,VBN,10
body,persuasion,NN,4
body,persuasions,NNS,1
body,perturbation,NN,2
body,perturbed,VBN,1
body,perusal,NN,4
body,perverseness,NN,3
body,petitioned,VBD,1
body,petrified,JJ,1
body,petulance,NN,1
body,phaeton,NN,1
body,philosopher,NN,1
body,philosophic,JJ,1
body,philosophy,NN,5
body,picture,NN,7
body,picture-gallery,NN,1
body,pictures,NNS,1
body,piece,NN,2
body,pieces,NNS,1
body,pin-money,NN,1
body,pitched,VBN,1
body,pitiable,JJ,1
body,pitied,VBD,1
body,pitied,VBN,1
body,pitiful,JJ,1
body,pity,NN,3
body,place,NN,48
body,place,VB,3
body,placed,VBD,1
body,placed,VBN,2
body,places,NNS,2
body,placing,VBG,2
body,plague,VB,1
body,plain,JJ,2
body,plainly,RB,4
body,plan,NN,6
body,planned,VBD,1
body,planning,VBG,1
body,plantation,NN,1
body,play,VB,1
body,playfulness,NN,1
body,playing,VBG,1
body,plays,VBZ,1
body,plead,VB,1
body,pleasant,JJ,5
body,pleasantness,NN,1
body,pleasantry,NN,2
body,please,VB,8
body,pleased,JJ,9
body,pleased,VBD,1
body,pleased,VBN,9
body,pleasing,NN,4
body,pleasing,VBG,7
body,pleasure,NN,40
body,pleasures,NNS,4
body,pledged,VBN,2
body,plentiful,JJ,1
body,pocket,NN,2
body,pocket-book,NN,1
body,point,NN,26
body,pointed,JJ,1
body,pointed,VBD,1
body,pointed,VBN,1
body,pointing,VBG,4
body,points,NNS,1
body,policy,NN,1
body,polite,JJ,1
body,politely,RB,1
body,politeness,NN,9
body,polluted,JJ,1
body,pollution,NN,1
body,ponies,NNS,2
body,poor,JJ,19
body,poorly,RB,1
body,portion,NN,1
body,portraits,NNS,1
body,positions,NNS,1
body,positive,JJ,1
body,possess,VB,1
body,possessed,VBD,1
body,possession,NN,3
body,possibility,NN,5
body,possible,JJ,34
body,possibly,RB,5
body,post,NN,5
body,postilions,NNS,1
body,postponed,VBN,1
body,postscript,NN,2
body,poultry,NN,2
body,pounds,NNS,16
body,pour,VBP,1
body,pouring,VBG,1
body,poverty,NN,2
body,powdering-gown,NN,1
body,power,NN,28
body,powerful,JJ,1
body,powers,NNS,3
body,practice,NN,2
body,praise,NN,6
body,praise,VB,1
body,pray,NN,1
body,pray,VB,3
body,preaching,VBG,2
body,preceded,VBD,1
body,preceding,VBG,2
body,precious,JJ,2
body,precipitate,NN,1
body,precluding,VBG,1
body,predominance,NN,1
body,predominate,VB,1
body,prefer,VB,1
body,prefer,VBP,1
body,preference,NN,4
body,preferment,NN,1
body,preferred,VBD,1
body,preferred,VBN,1
body,prejudice,NN,4
body,prejudiceJane,UNK,1
body,prejudiced,JJ,1
body,prejudices,NNS,2
body,premeditation,NN,1
body,premises,NNS,1
body,preparation,NN,1
body,prepare,VB,4
body,prepared,JJ,1
body,prepared,VBN,4
body,preparing,VBG,4
body,prepossessed,VBN,1
body,prepossession,NN,1
body,presence,NN,4
body,present,JJ,37
body,present,VB,1
body,presentation,NN,1
body,presented,VBN,1
body,presently,RB,1
body,presents,NNS,2
body,preservation,NN,2
body,preserve,VB,4
body,preserved,VBN,1
body,presided,VBD,1
body,press,VB,1
body,pressed,VBN,1
body,pressing,VBG,1
body,presumed,VBN,1
body,presuming,JJ,1
body,presumption,NN,3
body,pretence,NN,1
body,pretend,VB,2
body,pretend,VBP,1
body,pretended,VBD,2
body,pretending,VBG,1
body,pretensions,NNS,3
body,prettier-coloured,JJ,1
body,pretty,RB,10
body,prettyish,JJ,1
body,prevail,VB,1
body,prevailed,VBD,2
body,prevailed,VBN,7
body,prevailing,VBG,2
body,prevent,VB,6
body,prevent,VBP,1
body,prevented,VBD,3
body,prevented,VBN,11
body,previous,JJ,1
body,previously,RB,2
body,prey,NN,2
body,price,NN,1
body,pride,NN,18
body,prided,VBN,1
body,principal,JJ,6
body,principal,NN,2
body,principally,RB,2
body,principle,NN,3
body,principles,NNS,1
body,prior,JJ,1
body,private,JJ,5
body,privately,RB,3
body,privilege,NN,1
body,privileged,JJ,3
body,probabilities,NNS,1
body,probability,NN,6
body,probable,JJ,7
body,probably,RB,10
body,proceed,VB,2
body,proceeded,VBD,6
body,proceeded,VBN,2
body,proceeding,VBG,5
body,proceedings,NNS,1
body,procured,VBD,2
body,procuring,VBG,1
body,prodigiously,RB,3
body,produce,VB,4
body,produced,VBD,2
body,produced,VBN,5
body,professed,VBD,2
body,professed,VBN,1
body,profession,NN,3
body,professions,NNS,3
body,profligacy,NN,1
body,profligate,RB,1
body,profusion,NN,1
body,progress,NN,1
body,prohibited,VBN,1
body,promise,NN,8
body,promise,VB,1
body,promised,VBD,8
body,promised,VBN,1
body,promises,VBZ,2
body,promising,JJ,2
body,promote,VB,2
body,promoted,VBN,1
body,prone,JJ,1
body,pronounce,VB,2
body,pronounced,JJ,2
body,pronounced,VBD,3
body,pronouncing,VBG,1
body,proof,NN,5
body,propensities,NNS,1
body,proper,JJ,9
body,properly,RB,4
body,property,NN,1
body,proportion,NN,1
body,proportionate,JJ,1
body,proportions,NNS,1
body,proposal,NN,6
body,proposals,NNS,5
body,propose,VBP,1
body,proposed,VBD,1
body,proposed,VBN,1
body,proprietor,NN,2
body,propriety,NN,4
body,prospect,NN,4
body,prospects,NNS,2
body,prosperity,NN,2
body,protection,NN,2
body,protest,VB,1
body,protested,VBD,1
body,protesting,VBG,1
body,proud,JJ,10
body,proud,NN,1
body,proudly,RB,1
body,prove,VB,5
body,proved,VBD,6
body,proved,VBN,4
body,provide,VB,2
body,provided,VBN,1
body,proving,NN,1
body,provision,NN,1
body,provocations,NNS,1
body,provoke,VB,4
body,provoked,VBD,1
body,provoked,VBN,1
body,provoking,VBG,1
body,prudence,NN,3
body,prudent,JJ,2
body,prudently,RB,1
body,public,JJ,5
body,public,NN,2
body,publicly,RB,1
body,pull,VB,1
body,punch,NN,1
body,punctual,JJ,2
body,punctuality,NN,2
body,punish,VB,1
body,punishment,NN,1
body,purchased,VBD,1
body,purchased,VBN,1
body,purchases,NNS,2
body,purport,VBP,1
body,purpose,NN,13
body,purposely,RB,5
body,pursue,VB,5
body,pursued,VBD,1
body,pursuing,VBG,2
body,pursuit,NN,4
body,pursuits,NNS,1
body,put,VB,10
body,put,VBD,5
body,put,VBN,3
body,putting,VBG,2
body,puzzled,VBN,1
body,pyramids,NNS,1
body,qualities,NNS,4
body,quantity,NN,1
body,quarrel,VB,2
body,quarrelling,VBG,1
body,quarter,NN,4
body,quartered,VBN,3
body,quarters,NNS,1
body,querulous,JJ,1
body,quest,NN,4
body,question,NN,14
body,questioned,VBN,2
body,questions,NNS,6
body,quick,JJ,5
body,quickly,RB,3
body,quiet,JJ,5
body,quieted,VBD,1
body,quietly,RB,5
body,quit,VB,6
body,quite,RB,42
body,quitted,VBD,4
body,quitted,VBN,1
body,quitting,VBG,4
body,r,NN,4
body,r,UNK,1
body,r.irc,NNP,1
body,race,NN,1
body,racked,VBN,1
body,rage,NN,2
body,raised,VBD,2
body,raised,VBN,1
body,raising,VBG,2
body,rallied,VBD,1
body,ramble,NN,1
body,ran,VBD,10
body,range,NN,1
body,rant,NN,1
body,rapacity,NN,1
body,rapid,JJ,1
body,rapidity,NN,1
body,rapture,NN,2
body,raptures,NNS,2
body,rate,NN,4
body,rather,RB,22
body,rational,JJ,5
body,rationally,RB,2
body,rattle,VB,1
body,re-establish,VB,1
body,re-read,NN,1
body,reach,NN,3
body,reached,VBD,7
body,reached,VBN,5
body,reaching,VBG,3
body,read,VB,4
body,read,VBD,11
body,read,VBN,5
body,read,VBP,1
body,readily,RB,10
body,reading,NN,2
body,reading,VBG,6
body,ready,JJ,6
body,real,JJ,20
body,real,RB,1
body,realised,VBD,1
body,realities,NNS,1
body,really,RB,41
body,reap,VB,1
body,reappear,VB,1
body,reason,NN,31
body,reason,VB,1
body,reasonable,JJ,13
body,reasonably,RB,2
body,reasoning,NN,1
body,reasons,NNS,1
body,recalled,VBD,1
body,recalled,VBN,1
body,recede,VB,1
body,receipt,NN,1
body,receive,VB,14
body,receive,VBP,1
body,received,VBD,19
body,received,VBN,19
body,receiving,VBG,11
body,recent,JJ,2
body,reception,NN,4
body,recital,NN,3
body,recognised,VBN,1
body,recognizing,VBG,1
body,recollect,VB,2
body,recollect,VBP,1
body,recollected,VBD,8
body,recollected,VBN,1
body,recollecting,VBG,3
body,recollection,NN,9
body,recollections,NNS,6
body,recommend,VB,2
body,recommendation,NN,1
body,recommended,VBD,1
body,recommended,VBN,2
body,recommending,VBG,2
body,reconcile,VB,1
body,reconciled,VBN,1
body,reconciliation,NN,1
body,reconciling,VBG,1
body,reconsidering,VBG,1
body,recover,VB,6
body,recovered,VBD,1
body,recovered,VBN,1
body,recovering,VBG,2
body,recovery,NN,2
body,rector,NN,1
body,recurring,VBG,1
body,reduced,VBN,4
body,reference,NN,2
body,referred,VBN,1
body,reflect,VB,3
body,reflected,VBD,3
body,reflection,NN,6
body,reflections,NNS,3
body,refrain,NN,1
body,refrain,VB,1
body,refrained,VBN,1
body,refreshing,JJ,1
body,refreshment,NN,2
body,refuge,NN,1
body,refusal,NN,2
body,refuse,VB,3
body,refuse,VBP,2
body,refused,VBN,4
body,refusing,VBG,3
body,refute,VB,1
body,regain,VB,1
body,regard,NN,22
body,regard,VB,2
body,regarded,VBD,1
body,regardless,RB,1
body,regiment,NN,20
body,regret,NN,10
body,regret,VB,2
body,regrets,NNS,1
body,regrets,VBZ,1
body,regretted,VBD,1
body,regretting,VBG,2
body,regulars,NNS,2
body,reject,VBP,1
body,rejected,VBD,1
body,rejected,VBN,2
body,rejecting,VBG,1
body,rejection,NN,1
body,rejoice,VB,5
body,rejoice,VBP,1
body,rejoiced,VBD,3
body,rejoiced,VBN,5
body,rejoicing,VBG,2
body,rejoined,VBD,1
body,rekindled,VBD,1
body,relate,VB,6
body,relate,VBP,1
body,related,JJ,4
body,related,VBD,4
body,related,VBN,2
body,relates,VBZ,2
body,relating,VBG,3
body,relation,NN,7
body,relations,NNS,16
body,relationship,NN,8
body,relative,JJ,1
body,reliance,NN,2
body,relied,VBN,1
body,relief,NN,8
body,relieved,JJ,2
body,relieved,VBN,2
body,relished,VBN,1
body,reluctance,NN,1
body,reluctant,JJ,1
body,rely,VBP,1
body,remain,VB,6
body,remain,VBP,1
body,remained,VBD,15
body,remained,VBN,1
body,remaining,VBG,5
body,remark,NN,1
body,remarkable,JJ,3
body,remarkably,RB,3
body,remarked,VBN,1
body,remarks,NNS,4
body,remedy,NN,1
body,remedy,VB,1
body,remember,VB,7
body,remember,VBP,2
body,remembered,VBD,8
body,remembered,VBN,1
body,remembering,VBG,2
body,remembrance,NN,3
body,remind,VB,2
body,reminded,VBD,1
body,remonstrance,NN,1
body,remorse,NN,1
body,removal,NN,5
body,remove,VB,1
body,removed,VBD,2
body,removed,VBN,10
body,removing,VBG,3
body,render,VB,1
body,rendered,VBD,3
body,rendered,VBN,2
body,renewal,NN,5
body,renewed,VBN,5
body,renewing,VBG,2
body,repaid,VBN,1
body,repaired,VBD,1
body,repaired,VBN,1
body,repeat,NN,1
body,repeat,VB,3
body,repeated,VBD,2
body,repeated,VBN,9
body,repeatedly,RB,3
body,repeating,VBG,5
body,repel,VB,1
body,repelled,VBN,1
body,repent,VB,1
body,repented,VBD,1
body,repetition,NN,2
body,repine,NN,2
body,repining,NN,2
body,repinings,NNS,1
body,replete,JJ,1
body,replied,VBD,51
body,replies,NNS,1
body,reply,NN,11
body,reply,VB,1
body,replying,VBG,2
body,report,NN,11
body,reporting,VBG,1
body,repose,NN,1
body,reprehensible,JJ,1
body,represent,VB,1
body,represent,VBP,1
body,representation,NN,2
body,represented,VBD,3
body,represented,VBN,1
body,representing,VBG,1
body,repress,VB,1
body,repressed,VBD,1
body,repressed,VBN,1
body,repressing,VBG,1
body,reproach,NN,2
body,reproached,VBD,1
body,reproaches,NNS,1
body,reproof,NN,3
body,reproofs,NNS,2
body,repugnance,NN,1
body,repugnant,JJ,1
body,repulsive,JJ,1
body,reputation,NN,2
body,reputed,JJ,1
body,request,NN,3
body,request,VB,1
body,requesting,VBG,1
body,require,VBP,1
body,required,VBD,2
body,required,VBN,3
body,requiring,VBG,1
body,requisite,JJ,1
body,requited,VBN,1
body,rescue,VB,1
body,research,NN,1
body,resemblance,NN,5
body,resent,VB,2
body,resentfully,RB,1
body,resentment,NN,10
body,reserve,NN,4
body,reserve,VBP,1
body,reserved,VBD,1
body,reserved,VBN,5
body,reserves,NNS,2
body,residence,NN,2
body,residing,VBG,1
body,resign,VB,1
body,resigned,JJ,1
body,resigned,VBD,1
body,resigned,VBN,2
body,resigning,VBG,1
body,resist,VB,2
body,resistance,NN,1
body,resisting,VBG,1
body,resolutely,RB,3
body,resolution,NN,13
body,resolve,NN,1
body,resolved,VBD,8
body,resolved,VBN,12
body,resolving,VBG,4
body,resounding,JJ,1
body,resource,NN,1
body,respect,NN,15
body,respect,VB,1
body,respect,VBP,1
body,respectability,NN,3
body,respectable,JJ,4
body,respectable-looking,JJ,1
body,respected,VBD,1
body,respected,VBN,1
body,respecting,VBG,3
body,respective,JJ,1
body,respects,NNS,3
body,rest,NN,20
body,rest,VB,3
body,rested,VBN,1
body,restless,JJ,1
body,restoration,NN,2
body,restored,VBN,1
body,restoring,VBG,1
body,restrain,VB,2
body,restraint,NN,4
body,result,VB,1
body,resuming,VBG,1
body,retailing,VBG,1
body,retain,VB,1
body,retained,VBD,2
body,retains,VBZ,1
body,retired,VBD,2
body,retirement,NN,1
body,retreated,VBD,1
body,retreating,VBG,1
body,retrospections,NNS,1
body,retrospective,JJ,1
body,return,NN,17
body,return,VB,9
body,returned,VBD,18
body,returned,VBN,3
body,returning,VBG,6
body,revealed,VBN,2
body,revealing,VBG,1
body,revenge,NN,1
body,revenging,VBG,1
body,revered,JJ,1
body,review,NN,2
body,revival,NN,1
body,revived,VBN,3
body,revolt,NN,1
body,revolted,VBN,1
body,revolution,NN,1
body,revolving,VBG,1
body,rewarded,VBN,1
body,riage,NN,1
body,rich,JJ,4
body,richly,RB,1
body,rid,JJ,3
body,ride,NN,1
body,ride,VB,1
body,ridge,NN,1
body,ridicule,NN,3
body,ridiculous,JJ,2
body,right,JJ,10
body,right,NN,3
body,right,RB,4
body,rightly,RB,2
body,ring,NN,2
body,rise,NN,2
body,rising,VBG,4
body,risk,NN,2
body,rival,NN,1
body,river,NN,6
body,road,NN,9
body,roasted,JJ,1
body,rob,NN,1
body,rob,VB,1
body,room,NN,45
body,rooms,NNS,6
body,rose,VBD,6
body,rough,JJ,1
body,round,JJ,1
body,round,NN,1
body,round,RB,6
body,round,VB,1
body,round,VBP,1
body,roused,VBD,2
body,roused,VBN,4
body,route,NN,3
body,rude,JJ,1
body,ruin,VB,3
body,ruin,VBP,1
body,ruined,VBD,1
body,ruining,VBG,1
body,run,VB,7
body,running,VBG,5
body,runs,VBZ,1
body,rushed,VBD,1
body,s,NNS,1
body,s//W,UNK,1
body,sacrifice,NN,1
body,sad,JJ,4
body,sadly,RB,1
body,safe,JJ,3
body,safely,RB,1
body,safest,JJS,1
body,safety,NN,1
body,sagacity,NN,1
body,said,VBD,172
body,said,VBN,14
body,sake,NN,9
body,sakes,NNS,1
body,salad,NN,1
body,saloon,NN,2
body,salutation,NN,2
body,same,JJ,29
body,sameness,NN,1
body,sanction,NN,1
body,sanctioned,VBN,1
body,sanguine,JJ,2
body,sash,NN,1
body,sat,VBD,21
body,sat,VBN,1
body,satin,JJ,1
body,satin,NN,1
body,satisfaction,NN,20
body,satisfactions,NNS,1
body,satisfactory,JJ,4
body,satisfied,JJ,4
body,satisfied,VBD,2
body,satisfied,VBN,11
body,satisfy,VB,6
body,satisfying,VBG,1
body,saucy,NN,1
body,save,VB,2
body,saved,VBD,1
body,saved,VBN,1
body,saving,VBG,3
body,saw,VBD,62
body,say,VB,65
body,say,VBP,7
body,saying,VBG,20
body,says,VBZ,4
body,scale,NN,1
body,scandalous,JJ,1
body,scarcely,RB,24
body,scarlet,JJ,1
body,scattered,VBN,2
body,scene,NN,10
body,scenes,NNS,1
body,scheme,NN,13
body,schemes,NNS,4
body,school,NN,2
body,score,NN,2
body,scores,NNS,1
body,scorn,VBP,1
body,scorned,VBN,1
body,scruple,NN,1
body,scruple,VB,1
body,scrupled,VBD,2
body,scruples,NNS,2
body,scrutiny,NN,1
body,sea-bathing,NN,1
body,search,NN,1
body,searching,VBG,1
body,season,NN,2
body,seat,NN,4
body,seated,VBD,1
body,seated,VBN,7
body,secluded,VBN,1
body,seclusion,NN,1
body,second,JJ,7
body,seconded,VBN,1
body,secrecy,NN,9
body,secret,JJ,2
body,secret,NN,2
body,secretly,RB,2
body,secrets,NNS,1
body,secure,JJ,1
body,secure,VB,2
body,secured,VBN,4
body,security,NN,2
body,sedate,JJ,1
body,sedateness,NN,1
body,seduction,NN,1
body,see,VB,61
body,see,VBP,12
body,seeing,VBG,29
body,seek,VB,5
body,seeking,VBG,6
body,seem,VB,7
body,seem,VBP,2
body,seemed,VBD,30
body,seemed,VBN,2
body,seems,VBZ,11
body,seen,VBD,2
body,seen,VBN,42
body,sees,VBZ,1
body,seized,VBD,2
body,seizing,VBG,1
body,seldom,RB,5
body,selected,VBD,1
body,selected,VBN,1
body,self,NN,2
body,self-conquest,JJ,1
body,self-consequence,NN,1
body,self-reproach,NN,1
body,self-willed,JJ,1
body,selfattracted,VBN,1
body,selfish,JJ,6
body,selfsufficiency,NN,1
body,selves,NNS,1
body,send,VB,13
body,send,VBP,2
body,sending,VBG,1
body,sends,VBZ,1
body,sensation,NN,3
body,sensations,NNS,2
body,sense,NN,24
body,senses,NNS,3
body,sensi,SYM,1
body,sensibility,NN,2
body,sensible,JJ,9
body,sensibly,RB,1
body,sent,VBD,5
body,sent,VBN,5
body,sentence,NN,9
body,sentences,NNS,1
body,sentiment,NN,7
body,sentiments,NNS,9
body,sentinel,NN,1
body,separate,JJ,1
body,separate,VB,3
body,separation,NN,4
body,sequel,NN,1
body,serenity,NN,3
body,serious,JJ,14
body,seriously,RB,4
body,sermon,NN,1
body,sermon-making,NN,1
body,sermons,NNS,1
body,servant,JJ,1
body,servant,NN,13
body,servants,NNS,6
body,serve,VB,3
body,service,NN,2
body,serviceable,JJ,1
body,services,NNS,1
body,set,VB,3
body,set,VBD,3
body,set,VBN,13
body,setting,VBG,2
body,settle,VB,5
body,settled,VBD,1
body,settled,VBN,24
body,settlement,NN,2
body,settling,VBG,1
body,several,JJ,13
body,severe,JJ,5
body,severest,JJS,1
body,severity,NN,1
body,sex,NN,3
body,sha,VBP,3
body,shades,NNS,1
body,shaken,VBN,1
body,shaking,VBG,1
body,shall,MD,80
body,shame,NN,7
body,shameful,JJ,1
body,shameless,JJ,1
body,shape,NN,1
body,share,NN,7
body,share,VB,1
body,shared,VBD,2
body,shared,VBN,1
body,sharers,NNS,1
body,sharp,JJ,2
body,she,PRP,772
body,shed,VBD,1
body,sheet,NN,2
body,sheets,NNS,1
body,sheltered,JJ,1
body,shield,VB,1
body,shift,VB,1
body,shifting,VBG,1
body,shire,NN,8
body,shock,NN,1
body,shocked,JJ,3
body,shocked,VBD,1
body,shocked,VBN,3
body,shocking,JJ,2
body,shook,VBD,5
body,shoot,VB,3
body,shop,NN,2
body,short,JJ,20
body,shorter,JJR,1
body,shortly,RB,8
body,should,MD,120
body,shoulders,NNS,1
body,show,VB,5
body,showed,VBD,7
body,showing,VBG,1
body,shown,VBN,4
body,shows,VBZ,2
body,shrewish,JJ,1
body,shrink,VB,1
body,shrubbery,NN,2
body,shrug,VB,1
body,shut,VBD,1
body,shut,VBN,2
body,shy,JJ,2
body,shyness,NN,1
body,sick,JJ,3
body,side,NN,34
body,sides,NNS,5
body,sigh,NN,1
body,sighed,VBN,1
body,sight,NN,10
body,sign,VB,1
body,significant,JJ,1
body,signify,VB,3
body,silence,NN,16
body,silenced,VBN,1
body,silent,JJ,11
body,silently,RB,1
body,silly,JJ,7
body,similar,JJ,4
body,similarity,NN,1
body,simpered,VBD,1
body,simpers,VBZ,1
body,simple,JJ,1
body,simpleton,NN,1
body,since,IN,34
body,sincere,JJ,7
body,sincerely,RB,6
body,sincerity,NN,3
body,single,JJ,4
body,singled,VBD,1
body,sings,VBZ,1
body,sink,VB,1
body,sinking,VBG,2
body,sir,NNP,7
body,sister,JJ,2
body,sister,NN,128
body,sisterly,JJ,2
body,sisters,NNS,28
body,sit,VB,9
body,sition,NN,1
body,sitting,VBG,8
body,sitting-room,JJ,1
body,sitting-room,NN,1
body,situated,VBN,2
body,situation,NN,23
body,six,CD,4
body,sixpence,NN,1
body,sixteen,CD,5
body,size,NN,1
body,sleep,NN,2
body,sleeping,VBG,1
body,sleepless,JJ,1
body,slight,JJ,9
body,slighted,VBN,1
body,slightest,JJS,3
body,slightly,RB,1
body,slit,NN,1
body,slow,JJ,2
body,slowly,RB,2
body,sly,JJ,1
body,sly,RB,2
body,slyness,NN,1
body,small,JJ,10
body,smallest,JJS,4
body,smile,NN,16
body,smile,VB,2
body,smiled,VBD,7
body,smiled,VBN,1
body,smiles,NNS,3
body,smiles,VBZ,1
body,smiling,VBG,3
body,smilingly,RB,1
body,smirks,VBZ,1
body,sneering,JJ,1
body,snug,JJ,1
body,so,IN,16
body,so,RB,325
body,social,JJ,1
body,society,NN,10
body,softened,VBD,1
body,softened,VBN,2
body,soldiers,NNS,1
body,sole,JJ,3
body,solely,RB,1
body,solemn,JJ,2
body,solemnity,NN,1
body,soliciting,VBG,1
body,solicitude,NN,2
body,solid,JJ,1
body,solitary,JJ,3
body,some,DT,115
body,somebody,NN,3
body,something,NN,32
body,sometimes,RB,11
body,somewhat,RB,5
body,somewhere,RB,3
body,son,NN,11
body,son-in-law,NN,3
body,sons-in-law,NN,1
body,soon,RB,121
body,sooner,RB,1
body,sooner,RBR,3
body,soothed,VBD,1
body,sorely,RB,1
body,sorrow,NN,3
body,sorry,JJ,19
body,sort,NN,11
body,sought,VBD,2
body,soul,NN,1
body,sound,NN,5
body,sounds,VBZ,1
body,soup,NN,1
body,source,NN,5
body,sources,NNS,3
body,space,NN,2
body,spacious,JJ,1
body,spare,VB,4
body,spared,VBD,1
body,spared,VBN,7
body,spars,NNS,1
body,spasms,NNS,1
body,speak,VB,30
body,speak,VBP,4
body,speaking,NN,3
body,speaking,VBG,4
body,speaks,VBZ,1
body,special,JJ,2
body,speculation,NN,1
body,speech,NN,3
body,speed,NN,1
body,speediest,JJS,1
body,speedily,RB,4
body,speedy,JJ,1
body,spend,VB,4
body,spending,NN,1
body,spending,VBG,2
body,spent,VBD,3
body,spent,VBN,7
body,sphere,NN,2
body,spirit,NN,3
body,spiritless,JJ,2
body,spirits,NNS,26
body,spite,NN,12
body,spiteful,JJ,1
body,splendid,JJ,2
body,splendour,NN,1
body,spoiled,VBN,1
body,spoke,VBD,26
body,spoken,VBD,1
body,spoken,VBN,4
body,sport,NN,3
body,sportive,JJ,1
body,sportsmen,NNS,1
body,spot,NN,6
body,spots,NNS,2
body,sprang,VBD,1
body,spread,VBN,2
body,spreading,NN,1
body,spring,NN,3
body,springing,VBG,1
body,springs,NNS,1
body,spur,NN,1
body,spurned,VBN,1
body,squeamish,JJ,1
body,stables,NNS,1
body,stage,NN,1
body,staggered,VBN,1
body,staircase,NN,1
body,stairs,NNS,1
body,stand,NN,1
body,stand,VB,2
body,stand,VBP,1
body,standing,NN,1
body,standing,VBG,4
body,stands,VBZ,1
body,stared,VBD,2
body,start,VB,2
body,started,VBD,1
body,state,NN,9
body,stated,VBN,2
body,stately,JJ,1
body,statement,NN,1
body,stating,VBG,2
body,station,NN,1
body,stay,NN,9
body,stay,VB,13
body,stayed,VBD,5
body,stayed,VBN,1
body,staying,VBG,2
body,steadfastly,RB,2
body,steadily,RB,2
body,steadiness,NN,1
body,steady,JJ,2
body,steady,RB,1
body,stem,VB,1
body,step,NN,9
body,step,VB,3
body,stepped,VBD,1
body,stepping,VBG,1
body,steps,NNS,3
body,steward,NN,3
body,stiffly,RB,1
body,still,RB,49
body,still-increasing,JJ,1
body,stir,VB,1
body,stole,VBD,1
body,stone,NN,1
body,stood,VBD,9
body,stood,VBN,1
body,stop,VB,1
body,stopped,VBD,2
body,stopping,VBG,2
body,storm,NN,2
body,story,NN,3
body,strange,JJ,5
body,strangely,RB,1
body,stranger,NN,5
body,stratagems,NNS,1
body,straws,NNS,1
body,stream,NN,4
body,street,NN,1
body,streets,NNS,1
body,strength,NN,3
body,strenuously,RB,1
body,stretch,NN,1
body,stretched,VBD,1
body,stretching,VBG,1
body,strictly,RB,1
body,strike,VB,4
body,striking,JJ,2
body,strikingly,RB,1
body,striving,VBG,2
body,stroke,NN,2
body,strong,JJ,9
body,stronger,JJR,4
body,strongest,JJS,1
body,strongly,RB,4
body,struck,VBD,3
body,struck,VBN,1
body,struggle,NN,1
body,struggled,VBD,1
body,struggles,NNS,2
body,struggling,VBG,1
body,studied,VBD,1
body,studied,VBN,1
body,studies,NNS,1
body,study,NN,1
body,studying,VBG,3
body,stumbling,VBG,1
body,stupidity,NN,2
body,style,NN,5
body,subject,JJ,2
body,subject,NN,29
body,subjects,NNS,6
body,subjoin,VB,1
body,submit,VB,3
body,submitted,VBD,1
body,subsequent,JJ,1
body,subsisted,VBD,1
body,substance,NN,3
body,substantial,JJ,1
body,substitute,VB,1
body,succeeded,VBD,1
body,succeeded,VBN,1
body,succeeding,VBG,4
body,success,NN,11
body,successful,JJ,1
body,successively,RB,1
body,such,JJ,135
body,such,PDT,75
body,sudden,JJ,4
body,suddenly,RB,9
body,suffer,VB,1
body,suffer,VBP,1
body,suffered,VBD,1
body,suffered,VBN,3
body,sufferer,NN,1
body,suffering,NN,1
body,suffering,VBG,1
body,sufferings,NNS,2
body,sufficient,JJ,2
body,sufficiently,RB,1
body,suggest,VB,1
body,suggested,VBD,1
body,suggested,VBN,1
body,suit,NN,1
body,suit,VB,1
body,suitable,JJ,2
body,suitableness,NN,2
body,suited,VBN,2
body,sum,NN,5
body,sume,VB,1
body,summer,NN,14
body,summon,VB,1
body,summons,NN,2
body,sunk,VBN,1
body,superexcellent,JJ,1
body,superior,JJ,5
body,superseded,VBN,1
body,supper,NN,4
body,supplication,NN,1
body,supply,VB,3
body,support,NN,3
body,support,VB,3
body,supported,VBD,1
body,supported,VBN,3
body,suppose,VB,12
body,suppose,VBP,18
body,supposed,VBD,1
body,supposed,VBN,8
body,supposing,VBG,6
body,supposition,NN,2
body,suppress,VB,2
body,suppressed,VBN,1
body,sure,JJ,46
body,sure,RB,5
body,surely,RB,1
body,surprise,NN,19
body,surprised,JJ,4
body,surprised,VBN,7
body,surprize,NN,7
body,surprized,VBN,4
body,survey,NN,1
body,surveying,VBG,1
body,survive,VBP,2
body,survived,VBD,1
body,susceptibility,NN,1
body,suspect,VB,1
body,suspect,VBP,1
body,suspected,VBD,2
body,suspected,VBN,3
body,suspended,VBN,1
body,suspense,NN,3
body,suspicion,NN,7
body,suspicions,NNS,2
body,suspicious,JJ,1
body,sustained,VBD,1
body,swallowed,VBD,1
body,sweet,JJ,1
body,sweetest,JJS,1
body,sweetest-tempered,JJ,1
body,sweetness,NN,2
body,swelled,VBN,1
body,syllable,JJ,1
body,syllable,NN,3
body,sympathize,VBP,1
body,symptom,NN,3
body,table,NN,16
body,tables,NNS,1
body,tacit,JJ,1
body,tail,NN,1
body,take,VB,30
body,take,VBP,6
body,taken,VBN,17
body,takes,VBZ,2
body,taking,NN,1
body,taking,VBG,11
body,talents,NNS,4
body,talk,NN,4
body,talk,VB,9
body,talk,VBP,3
body,talked,VBD,14
body,talked,VBN,6
body,talking,NN,3
body,talking,VBG,11
body,tall,JJ,3
body,tanned,VBN,1
body,taste,NN,5
body,tastes,NNS,1
body,taught,VBD,3
body,taught,VBN,3
body,tax,NN,1
body,tea,NN,6
body,tea-things,NNS,1
body,teach,VB,4
body,teaching,VBG,2
body,tear,VB,1
body,tears,NNS,9
body,teasing,NN,1
body,teasing,VBG,2
body,teeth,NNS,1
body,tell,VB,33
body,tell,VBP,6
body,telling,VBG,1
body,temper,NN,8
body,tempers,NNS,1
body,temporary,JJ,1
body,tempt,VB,3
body,temptation,NN,5
body,temptations,NNS,2
body,tempted,VBN,2
body,ten,CD,20
body,tenants,NNS,1
body,tendency,NN,1
body,tender,JJ,1
body,tender,NN,1
body,tenderly,RB,1
body,tenderness,NN,2
body,tens,NNS,1
body,tent,NN,1
body,tentions,NNS,1
body,tents,NNS,1
body,term,NN,1
body,termed,VBD,1
body,termination,NN,2
body,terms,NNS,15
body,terrific,JJ,1
body,test,NN,1
body,testified,VBD,1
body,testimony,NN,2
body,tete-a-tete,NN,1
body,than,IN,142
body,thank,VB,4
body,thank,VBP,4
body,thanked,VBD,3
body,thanked,VBN,2
body,thankful,JJ,3
body,thanking,VBG,2
body,thanks,NNS,5
body,that,DT,133
body,that,IN,593
body,that,WDT,93
body,the,DT,2073
body,their,PRP$,221
body,theirs,JJ,1
body,them,PRP,235
body,themselves,PRP,18
body,then,RB,105
body,thence,RB,1
body,there,EX,114
body,there,RB,41
body,therefore,RB,30
body,therein,RB,1
body,these,DT,28
body,they,PRP,276
body,thin,JJ,2
body,thing,NN,13
body,things,NNS,15
body,think,VB,70
body,think,VBP,20
body,thinking,NN,3
body,thinking,VBG,7
body,thinks,VBZ,2
body,third,JJ,2
body,thirteen,CD,1
body,thirty,CD,2
body,this,DT,205
body,thither,RB,3
body,thoroughly,RB,2
body,those,DT,23
body,though,IN,101
body,though,RB,12
body,thought,NN,5
body,thought,VBD,51
body,thought,VBN,8
body,thoughtfulness,NN,2
body,thoughtless,JJ,2
body,thoughtlessness,NN,2
body,thoughts,NNS,18
body,thousand,CD,18
body,threats,NNS,1
body,three,CD,33
body,three-and-twenty,JJ,2
body,threw,VBD,5
body,through,IN,28
body,through,RP,1
body,throughout,IN,2
body,throw,VB,4
body,throwing,VBG,1
body,thrown,VBN,6
body,thus,RB,16
body,tide,NN,1
body,tidings,NNS,2
body,till,IN,52
body,time,NN,106
body,times,NNS,9
body,tion,NN,2
body,tired,VBD,1
body,tired,VBN,1
body,tiresome,JJ,1
body,title,NN,1
body,to,TO,2150
body,to-day,JJ,2
body,to-day,NN,2
body,to-day,RB,1
body,to-morrow,NN,7
body,to-morrow,RB,3
body,to-night,NN,1
body,tofore,NN,1
body,together,RB,36
body,toilette,NN,1
body,token,JJ,1
body,told,VBD,26
body,told,VBN,15
body,tolerable,JJ,8
body,tolerably,RB,8
body,toloi,VBP,1
body,tone,NN,8
body,tongue,NN,1
body,too,RB,74
body,took,VBD,30
body,top,NN,1
body,torment,VB,1
body,tortured,JJ,1
body,total,JJ,1
body,totally,RB,4
body,touched,VBN,1
body,tour,NN,3
body,towards,IN,34
body,town,NN,36
body,trace,VB,4
body,traced,VBN,1
body,traces,NNS,1
body,tradesman,NN,2
body,trait,NN,1
body,tranquil,JJ,1
body,tranquillity,NN,2
body,tranquilly,RB,1
body,trans,NN,1
body,transactions,NNS,2
body,transpired,VBN,1
body,transports,NNS,2
body,travelled,VBD,1
body,travellers,NNS,1
body,travelling,VBG,4
body,treat,VB,3
body,treated,VBD,2
body,treated,VBN,1
body,treatment,NN,1
body,trees,NNS,3
body,trembled,VBD,1
body,trembling,VBG,1
body,tremblings,NNS,1
body,trial,NN,1
body,tricks,NNS,1
body,tried,VBD,6
body,trifle,RB,2
body,trifled,VBN,1
body,trifling,JJ,3
body,trim,VB,1
body,triumph,NN,6
body,triumphant,JJ,2
body,triumphantly,RB,1
body,trouble,NN,12
body,trout,NNS,1
body,true,JJ,10
body,truly,RB,5
body,trunk,NN,1
body,trunks,NNS,1
body,trust,NN,3
body,trust,VB,1
body,trust,VBP,4
body,trusted,VBD,1
body,trusted,VBN,2
body,truth,NN,18
body,try,VB,4
body,trying,VBG,3
body,tumult,NN,2
body,tures,NNS,1
body,turn,NN,7
body,turn,VB,4
body,turned,VBD,16
body,turned,VBN,7
body,turning,VBG,4
body,turnpike,JJ,1
body,turnpikes,NNS,1
body,turns,NNS,1
body,twelve,CD,2
body,twelvemonth,NN,4
body,twenty,CD,1
body,twice,RB,2
body,two,CD,59
body,u.,NN,1
body,uglier,JJR,1
body,ugly,JJ,2
body,ultimately,RB,1
body,unabashed,JJ,1
body,unabated,JJ,1
body,unable,JJ,11
body,unacknowledged,JJ,1
body,unaffected,JJ,3
body,unaffectedly,RB,1
body,unallied,JJ,1
body,unalloyed,JJ,1
body,unalterable,JJ,1
body,unassuming,JJ,2
body,unattended,JJ,1
body,unavailing,JJ,1
body,unavoidable,JJ,1
body,unavoidably,RB,1
body,unbecoming,VBG,1
body,unbending,JJ,1
body,unblemished,JJ,1
body,uncertainty,NN,1
body,unchanged,JJ,1
body,uncivil,JJ,2
body,uncivil,NN,1
body,uncle,NN,57
body,uncles,NNS,1
body,uncomfortable,JJ,6
body,uncommonly,RB,3
body,unconcern,NN,1
body,unconcerned,JJ,1
body,unconnected,JJ,2
body,unconsciously,RB,2
body,uncontrolled,JJ,1
body,undeceive,JJ,1
body,undecided,JJ,1
body,under,IN,19
body,undergone,VBN,2
body,understand,VB,12
body,understand,VBP,3
body,understanding,NN,8
body,understood,VBD,3
body,understood,VBN,4
body,undertaking,VBG,1
body,undervalued,VBN,1
body,undeserved,JJ,1
body,undeserving,JJ,2
body,undeserving,NN,1
body,undetermined,JJ,1
body,undiminished,JJ,1
body,undo,VB,1
body,undoubted,JJ,1
body,undoubtedly,RB,2
body,uneasiness,NN,5
body,uneasy,JJ,4
body,unembarrassed,JJ,2
body,unequal,JJ,4
body,unequally,RB,1
body,unexampled,JJ,1
body,unexpected,JJ,6
body,unexpectedly,RB,1
body,unfavourable,JJ,2
body,unfavourably,RB,1
body,unfeeling,JJ,1
body,unfelt,JJ,2
body,unfit,JJ,2
body,unfold,VB,1
body,unfolded,VBN,2
body,unfolding,VBG,1
body,unforgiving,JJ,1
body,unfortunate,JJ,6
body,ungenerous,JJ,1
body,ungovernable,JJ,1
body,ungracious,JJ,2
body,ungraciousness,NN,1
body,unguarded,JJ,2
body,unhappily,RB,1
body,unhappiness,NN,2
body,unhappy,JJ,8
body,uniformity,NN,1
body,uniformly,RB,1
body,unintelligible,JJ,1
body,union,NN,3
body,unite,VB,1
body,united,VBN,4
body,uniting,VBG,1
body,universal,JJ,2
body,universally,RB,1
body,unjust,JJ,3
body,unjustifiable,JJ,2
body,unjustly,RB,2
body,unknowingly,RB,1
body,unknown,JJ,5
body,unless,IN,11
body,unlike,IN,3
body,unlikely,JJ,2
body,unluckily,RB,2
body,unlucky,JJ,2
body,unmarked,JJ,1
body,unmoved,JJ,1
body,unnatural,JJ,1
body,unnecessary,JJ,3
body,unpardonable,JJ,4
body,unpleasant,JJ,4
body,unpleasantly,RB,1
body,unpleasing,JJ,1
body,unprepared,JJ,1
body,unpretending,JJ,1
body,unprincipled,JJ,1
body,unprofitable,JJ,1
body,unprotected,JJ,1
body,unqualified,JJ,1
body,unquestionably,RB,1
body,unreasonable,JJ,5
body,unsettled,JJ,2
body,unsettled,VBN,1
body,unshaken,JJ,1
body,unsuccessfully,RB,1
body,unsuitable,JJ,1
body,unsuspicious,JJ,1
body,untamed,VBZ,1
body,untinctured,JJ,1
body,untitled,JJ,1
body,untouched,VBN,1
body,unusual,JJ,1
body,unwelcome,JJ,3
body,unwilling,JJ,3
body,unwillingly,JJ,1
body,unwillingly,RB,2
body,unwillingness,NN,1
body,unworthy,JJ,1
body,up,IN,1
body,up,RB,5
body,up,RP,57
body,upbraided,VBD,1
body,upon,IN,27
body,upon,RP,1
body,uppermost,NN,1
body,upstairs,NN,5
body,upstairs,RB,7
body,upstart,JJ,1
body,urged,VBD,1
body,urged,VBN,1
body,urgent,JJ,3
body,us,PRP,73
body,use,NN,8
body,used,VBD,5
body,used,VBN,5
body,useful,JJ,2
body,useless,JJ,4
body,uselessly,RB,1
body,usual,JJ,13
body,usually,RB,6
body,utmost,JJ,7
body,utter,JJ,4
body,uttered,VBD,1
body,uttered,VBN,2
body,vacancy,NN,1
body,vacant,JJ,1
body,vague,JJ,2
body,vain,JJ,9
body,valid,JJ,1
body,valley,NN,4
body,valuable,JJ,5
body,value,NN,3
body,value,VB,1
body,value,VBP,1
body,valued,VBN,4
body,valueless,JJ,1
body,vanished,VBN,2
body,vanity,NN,8
body,variation,NN,2
body,varied,JJ,1
body,varieties,NNS,1
body,variety,NN,4
body,various,JJ,6
body,vary,VB,1
body,varying,VBG,1
body,vastly,RB,1
body,vehemence,NN,1
body,venison,NN,1
body,vent,VB,1
body,venting,VBG,1
body,venture,NN,1
body,venture,VB,1
body,ventured,VBD,4
body,ventured,VBN,2
body,veracity,NN,1
body,verdure,NN,1
body,very,JJ,5
body,very,RB,185
body,vestibule,NN,3
body,vex,VB,1
body,vexation,NN,6
body,vexations,NNS,1
body,vexatious,JJ,1
body,vexed,VBD,1
body,vexed,VBN,2
body,vice,NN,3
body,vicinity,NN,1
body,vicious,JJ,1
body,victim,NN,1
body,view,NN,7
body,viewing,VBG,2
body,views,NNS,5
body,vigorously,RB,1
body,village,NN,2
body,villanous,JJ,1
body,vindication,NN,2
body,violated,VBN,1
body,violation,NN,2
body,violence,NN,2
body,violent,JJ,5
body,violently,RB,4
body,virtue,NN,8
body,visible,JJ,5
body,visit,NN,15
body,visit,VB,2
body,visited,VBD,2
body,visited,VBN,1
body,visiting,VBG,4
body,visitor,NN,8
body,visitors,NNS,9
body,visits,NNS,3
body,voice,NN,12
body,void,NN,1
body,vol,NN,5
body,vol,VBP,1
body,volatility,NN,1
body,vols,NNS,2
body,volubility,NN,1
body,voluntarily,RB,5
body,vow,NN,1
body,vulgar,JJ,1
body,vulgarity,NN,1
body,wait,VB,9
body,waited,VBD,2
body,waited,VBN,1
body,waiter,NN,3
body,waiting,VBG,2
body,waiting-woman,NN,1
body,walk,NN,12
body,walk,VB,11
body,walked,VBD,20
body,walked,VBN,2
body,walker,NN,1
body,walking,VBG,15
body,walks,VBZ,1
body,wander,VB,1
body,wandered,VBN,1
body,wandering,VBG,2
body,want,VB,4
body,want,VBP,15
body,wanted,VBD,12
body,wanted,VBN,2
body,wanting,VBG,4
body,wantonly,RB,1
body,wants,VBZ,8
body,ward,VB,1
body,warded,VBN,1
body,warehouses,NNS,1
body,warm,JJ,2
body,warmest,JJS,2
body,warmly,RB,4
body,warmth,NN,5
body,warn,VB,3
body,was,VBD,1047
body,waste,VB,1
body,watch,VB,1
body,watched,VBD,2
body,watched,VBN,2
body,watches,NNS,1
body,watching,VBG,2
body,water,NN,3
body,water-plant,NN,1
body,watering-place,NN,1
body,wavered,VBD,1
body,wavering,VBG,1
body,way,NN,49
body,ways,NNS,1
body,we,PRP,119
body,weak,JJ,4
body,weak-spirited,JJ,1
body,weakest,JJS,1
body,weakness,NN,3
body,wealth,NN,1
body,wearied,VBN,1
body,wearisome,JJ,1
body,wears,VBZ,1
body,weary,JJ,1
body,weather,NN,1
body,wedding,NN,8
body,wedding-clothes,NNS,1
body,wedding-day,JJ,1
body,week,NN,11
body,weeks,NNS,14
body,weep,NN,1
body,weighed,VBD,1
body,weighed,VBN,1
body,weight,NN,2
body,weighty,JJ,1
body,welcome,JJ,6
body,welcomed,VBD,3
body,welcoming,VBG,1
body,welfare,NN,5
body,well,RB,87
body,well-bred,JJ,1
body,well-doing,JJ,1
body,well-informed,JJ,1
body,well-known,JJ,1
body,well-proportioned,JJ,1
body,went,VBD,49
body,were,VBD,296
body,west,NN,1
body,what,WDT,19
body,what,WP,226
body,whatever,WDT,11
body,when,WRB,160
body,whence,NN,3
body,whenever,WRB,8
body,where,WRB,47
body,wherever,WRB,4
body,whether,IN,29
body,which,WDT,318
body,whichever,WDT,1
body,while,IN,36
body,while,NN,3
body,whilst,IN,2
body,whims,NNS,1
body,whimsical,JJ,1
body,whisper,NN,2
body,whisper,VB,3
body,whispered,VBD,1
body,whispering,VBG,2
body,whistplayers,NNS,1
body,who,WP,137
body,whole,JJ,27
body,whole,NN,14
body,wholly,RB,20
body,whom,WP,37
body,whose,WP$,32
body,why,WRB,21
body,wickedest,JJS,1
body,wickedness,NN,2
body,wide,JJ,1
body,widely,RB,3
body,widow,NN,1
body,wife,NN,19
body,wild,JJ,9
body,wilderness,NN,1
body,wilfully,RB,1
body,will,MD,217
body,will,NN,3
body,willing,JJ,4
body,willingly,RB,2
body,willingness,NN,3
body,willleave,VBP,1
body,winding,VBG,1
body,windings,NNS,1
body,window,NN,8
body,window-frame,NN,1
body,windows,NNS,3
body,wine,NN,1
body,wink,NN,2
body,winking,VBG,2
body,winter,NN,8
body,wise,JJ,2
body,wisely,RB,1
body,wisest,JJS,1
body,wish,NN,25
body,wish,VB,15
body,wish,VBP,7
body,wished,VBD,16
body,wished,VBN,5
body,wished-for,JJ,2
body,wishes,NNS,20
body,wishes,VBZ,1
body,wishing,VBG,4
body,wit,NN,3
body,with,IN,498
body,withdrawn,VBN,2
body,withdrew,VBD,1
body,withheld,VBN,1
body,within,IN,17
body,without,IN,86
body,withstood,VBN,1
body,witness,NN,2
body,witnessed,VBD,1
body,witnessed,VBN,1
body,witnessing,VBG,1
body,wits,NNS,1
body,witty,JJ,1
body,woe,NN,1
body,woman,NN,25
body,womanly,JJ,1
body,women,NNS,6
body,wonder,NN,6
body,wonder,VB,6
body,wonder,VBP,5
body,wondered,VBD,2
body,wondered,VBN,2
body,wonders,NNS,2
body,wood,NN,4
body,woods,NNS,6
body,woody,NN,2
body,word,NN,24
body,words,NNS,16
body,wore,VBD,1
body,work,NN,10
body,work,VB,1
body,work-bags,NNS,1
body,worked,VBN,3
body,world,NN,40
body,worldly,JJ,1
body,worn,VBN,1
body,worse,JJR,5
body,worst,JJS,5
body,worth,IN,1
body,worth,JJ,4
body,worth,NN,2
body,worthless,JJ,1
body,worthlessness,NN,1
body,worthy,JJ,2
body,would,MD,259
body,wound,NN,1
body,wounded,JJ,1
body,wounded,VBN,1
body,wounding,VBG,2
body,wretched,JJ,9
body,wretchedly,RB,1
body,wretchedness,NN,1
body,write,VB,22
body,write,VBP,2
body,writer,NN,1
body,writing,NN,2
body,writing,VBG,5
body,writing-table,JJ,1
body,written,VBN,14
body,wrong,JJ,5
body,wrote,VBD,14
body,yards,NNS,1
body,year,NN,18
body,years,NNS,25
body,yes,RB,1
body,yes,UH,11
body,yesterday,NN,5
body,yet,CC,4
body,yet,RB,36
body,yield,VB,1
body,yielded,VBN,2
body,yielding,VBG,1
body,you,PRP,610
body,young,JJ,47
body,younger,JJR,6
body,youngest,JJS,5
body,your,PRP$,219
body,yours,PRP$,4
body,yourself,PRP,28
body,yourselves,NNS,2
body,youth,NN,7
body,youths,NNS,1
body,|,SYM,1
body,£,$,2
body,©,SYM,1
body,■,SYM,1
